PC1,PC2,cut,color
-0.4035701908184869,0.7809621764884834,Fair,J
0.1803246728843355,6.456704475769445,Very Good,E
-0.9263659131771442,-0.8399554863132325,Ideal,G
-0.4453434060183987,-0.25365017167992115,Premium,E
0.11289259561983445,1.1209065053541252,Ideal,I
-0.0241988147223286,-0.8818693054205992,Ideal,H
0.1426329165302362,5.960080023778111,Premium,D
-0.41796573216027805,0.7611613283001198,Very Good,I
-0.5216047113704373,-0.778530306029707,Good,E
-0.5675822099422726,0.7229282724510424,Premium,H
-0.6394101229335449,0.5354656345992979,Premium,E
-1.1313283252018018,-5.443449744427428,Premium,F
0.4007558927006635,1.0719160192279016,Very Good,G
-0.22780494794948108,0.4034932814475082,Very Good,G
-1.3609711996185685,-10.849246070312551,Premium,E
-0.7043259460647654,1.3850545889342398,Ideal,J
-0.9067563310396022,-0.07229411340235507,Very Good,G
0.0729961274408839,1.94131014743955,Ideal,J
0.076060279445263,0.42744082103212994,Good,F
-0.6211539232918462,-6.046356501136249,Ideal,G
0.11230118740492911,1.3603113795828854,Premium,J
-0.48187797032574486,-2.675061015745733,Premium,J
0.6221176477036081,1.1621179934920802,Premium,F
-0.6996668240561122,6.7858664907341835,Ideal,H
0.15323255915795753,-0.14913852971255168,Very Good,F
0.36163856235275305,6.570125246371894,Very Good,D
-0.8777023942051307,-0.3592166145013506,Premium,G
-0.41194976443025383,6.259392634051062,Very Good,I
-0.6467030710921705,-0.38662110729903904,Ideal,H
-0.388749768058376,0.6188178693846798,Ideal,I
0.2877967831905198,1.2136983719605778,Premium,H
-0.49166721899721694,0.10098368285178244,Ideal,D
-0.8178605043958368,-0.22444426261699282,Ideal,H
0.24883714533970025,-0.7732414536655913,Premium,D
-0.4773758179049306,0.24282072847950317,Good,F
-1.1715707144517025,0.20231567830882655,Good,D
-0.8018498381749897,0.869281078080079,Good,G
0.18988025997550784,-4.1148387363958845,Premium,E
-0.3312978637655627,6.492555946466613,Ideal,F
-0.5102099961620146,-0.5415740040572218,Very Good,F
0.2627442809288255,-8.270769358000397,Ideal,E
0.357141763787141,-4.638991473802141,Ideal,D
0.3218770166833069,-0.7615281739967985,Premium,J
-0.2674164963087312,-3.6885914964280815,Premium,G
3.687163428996204,-2.2682705830241425,Very Good,F
0.010907270242124012,7.1194624965806135,Premium,G
0.09890236513893769,6.4075690279690996,Premium,G
-0.33331090564854177,-0.4294556539916779,Very Good,D
-0.07061074107532428,-0.5381419935247056,Good,F
-0.2023645542224054,-1.0505944460459602,Ideal,E
0.1340980047789198,-8.061479240145555,Ideal,F
-0.16720049786850189,-0.6689119282030951,Ideal,H
-1.0230636733812513,-1.1030661678183324,Ideal,G
-0.7108441467801585,-3.8724728421045578,Very Good,G
-0.7336033589654936,0.4275815851163881,Very Good,G
-1.0224917955158563,-9.95254036178693,Very Good,F
2.847670994334706,-0.3936161143776725,Ideal,F
-0.6945733548090776,1.2506052300896535,Premium,I
0.019399194231814132,-6.433011381289122,Ideal,F
-0.34339272963134143,-0.02212807380545296,Good,J
-0.24024480485452143,7.365578057949404,Ideal,I
-0.7820015987159237,6.548288523865205,Very Good,D
-0.711852081959321,-0.06507043444534083,Good,I
-0.00673537903605137,-5.840960084326838,Ideal,G
-1.070323820831174,1.7947284878287335,Premium,H
-1.0038765161540102,-7.492882997230189,Good,I
0.25549020052224414,0.4761927115232446,Good,F
-1.1085485008057696,-0.8519896488522618,Premium,G
-0.12479080261337755,0.31281600627297657,Premium,G
-0.19771868143670382,-0.8417420600967133,Very Good,I
-0.512796893082478,6.549971742007301,Premium,E
-0.7012516257698391,-6.0555990034220715,Ideal,F
0.5286699013595973,6.718760759737306,Premium,F
-0.23246953486558147,0.9507000269574151,Very Good,H
-0.7390755333357166,0.5247729477217465,Premium,F
0.1861503312393854,6.482588715320675,Very Good,F
-0.5568673950781823,1.8626336911893924,Ideal,H
-0.9407418997919843,-7.847138176057062,Ideal,H
-0.14815410539665075,-3.698470178594689,Very Good,F
0.29493691024975577,-4.195845330019226,Premium,F
-0.40015361238220615,6.0034130933217424,Very Good,G
-0.44177564818157533,0.6594422000175434,Very Good,E
-0.1207862485795349,-0.14417948862531857,Premium,E
0.4415760450545587,0.5050840867847727,Very Good,F
-0.5062626580819606,1.5672388772446402,Premium,J
-0.9238353970003126,-0.18388195264726584,Ideal,D
-1.3078646602373842,0.5489789261801233,Ideal,F
-1.155921313642262,7.31341171633674,Premium,D
0.1572924023684633,-8.210901242062668,Very Good,F
1.6432499943440764,-4.493512583608922,Ideal,E
0.42399496234794254,6.726669688615455,Good,E
-1.1327953190333147,-7.579236713472638,Ideal,I
-0.4967210233383093,0.2142046518810022,Ideal,E
-0.4041750568297989,1.2629247653594071,Ideal,J
0.21741446472580173,-0.970402922888715,Premium,F
0.09117620220989814,0.16642486035710588,Ideal,H
-0.997238112964771,-4.074175359873931,Very Good,D
-0.7971517992639499,-0.0019159494949206948,Very Good,D
0.5896308081434365,11.945588597961772,Ideal,I
3.4340589731214837,-5.850357573816798,Very Good,H
-0.967377689208776,-0.2644888457116767,Very Good,E
-1.0255482654955537,6.676422981023058,Good,J
-0.415958957211159,-4.207241982909392,Ideal,E
-0.2281623978575718,-3.819348017269801,Very Good,F
-0.051201329201593315,-0.252235861011747,Good,E
0.039934458081116564,0.16543507964637388,Premium,E
0.1806573521745607,-0.3599217534494782,Ideal,G
-0.8537029252167658,-3.893900815023392,Very Good,E
-0.5808489078538327,-1.0147685456932176,Premium,E
0.12723500982798652,-2.090519796500874,Premium,E
0.06646428652694536,0.23595887710362148,Premium,E
-0.5659562737448167,-0.6997179762989829,Very Good,G
-0.08208937330973443,1.2724407974418441,Ideal,J
-0.42050265064369663,-3.8585771787022023,Very Good,H
-0.7510374751805786,0.2464722807596553,Ideal,I
-0.824937604090863,7.057923304755128,Premium,E
-1.031870565549409,-1.1863385599516816,Ideal,D
0.12666766991161643,-3.951387508331146,Very Good,F
3.775570304601227,0.18641479234947148,Very Good,H
-0.478066314066744,-0.367084705373109,Ideal,I
-0.6794921108531004,-1.0004851803357488,Ideal,G
4.283300834554554,-4.095372486919018,Very Good,F
-0.5407088263515127,-0.20108463559820697,Premium,H
0.3094597636453713,-0.381243361459363,Very Good,I
4.831879249431695,-0.2978087640593959,Ideal,G
-1.1901616906645258,0.7901070754460079,Ideal,H
-1.2203282478925135,6.7982297443644635,Fair,D
-0.5984513768040023,0.17364454793067205,Ideal,E
-0.3674951310341934,0.0680763174314511,Ideal,D
-1.1501892880398232,-1.3958423069696915,Premium,G
-1.2508900001516703,-4.138342919595648,Ideal,F
-0.6180473047562194,0.4708398050857766,Ideal,D
1.0565239001669893,0.10331281559508457,Ideal,E
-0.5942489139467574,0.26279742023241964,Good,E
-0.7153384989470006,0.34426739470572143,Ideal,E
0.09815226026794271,6.809493152943266,Good,H
-1.0190053451656256,0.35659397122951225,Good,E
-0.1826174317450942,-8.535206598956298,Ideal,D
-0.2554984367739942,0.1793903237535965,Very Good,D
-1.037258255785091,6.106133589651232,Premium,E
-0.6624104151554169,-0.4360523633951183,Ideal,D
-0.6030225251664301,-0.3203675961755298,Very Good,E
-0.5742376440140604,0.13926558159158337,Ideal,E
0.3760143701360261,1.545904252106852,Very Good,H
-0.342660400553536,-1.3982710967439549,Ideal,F
-0.5413421193871769,6.291663900123593,Premium,E
-0.9054401365878432,7.154191463305468,Premium,H
-0.3416269631206936,-0.08181835866222917,Ideal,D
-0.7231706647472442,7.253054811357175,Good,F
-0.9309967788058673,-8.012043093937443,Ideal,H
0.3019476209198316,3.570878099567021,Premium,I
10.375244190177556,1.8644260204372045,Fair,J
0.16456277992276958,6.083852522093188,Premium,D
-0.5083174672715309,0.018581168099708133,Ideal,D
-0.45265335374238597,-1.068413396705502,Ideal,F
-0.3869873705476535,7.970329768751732,Good,H
-1.315275622595506,-0.3123237888002698,Premium,I
-0.591606847077725,-0.4137757905448848,Good,I
-1.0564959105938057,-0.232810987856346,Ideal,F
-0.6847812269670239,0.8842485779922179,Premium,H
-0.8446202877138753,-0.5738210109420584,Ideal,D
-1.322038350057471,-4.051820261444588,Very Good,G
0.24115410940963444,-7.9726623356748485,Ideal,G
-0.4420959124603759,6.3232805995555585,Premium,E
-0.8044537306850372,0.6204685343123226,Good,I
0.39836892393062073,0.09688962313551241,Very Good,H
-0.4114358076718123,-0.003392657851898573,Premium,H
-0.7763427022745699,1.0486211654193989,Very Good,I
0.16570643983574407,0.19278038828836844,Ideal,F
-1.006551371176776,1.2579956142673456,Good,E
-0.5160818224168895,-0.45508539600485426,Ideal,F
-1.0783594601198567,-6.3480916044214375,Ideal,F
0.41983979615949374,-0.940336964373329,Premium,F
-1.138757120093148,-3.9815591150458847,Very Good,E
0.47435305107758763,-2.051731823665654,Premium,F
-0.2503358042191953,6.590421707495064,Premium,F
0.05705604310948237,-0.0070967312186845655,Premium,H
-0.4358789805046359,0.4784630045387319,Very Good,F
-1.0852837084188818,-0.47216450629214807,Good,H
-1.0957866176396482,0.7239300331264645,Good,H
0.033026654891104845,0.48143477940156276,Very Good,E
-0.1353469927960664,8.472057765549431,Ideal,H
-0.5709459926471493,-1.3781083040348219,Ideal,G
-0.20001820571275197,6.490458656388808,Very Good,F
-0.015264412208427558,0.3940410250146287,Premium,G
0.059439450552033646,5.835412441374612,Fair,D
0.2790523865785065,0.662094677329547,Good,J
0.2655738804639196,6.1883938550587185,Premium,E
-0.21863635815444332,-1.0765714947403124,Ideal,D
-1.2414820841881562,0.22335961054572398,Premium,E
0.08829353791669592,-8.166939674934605,Premium,G
-0.9954576979205225,0.013928507523655188,Ideal,F
0.5528608025514928,6.3284603467206635,Premium,E
-0.3925623591959708,-3.6970710542910523,Ideal,I
0.4402866011256953,0.6353419718235104,Premium,G
0.28381071255656376,6.9408500054842825,Premium,E
-1.3322459034956553,-6.260980485651834,Ideal,G
-0.43380290948845285,1.1279880432953584,Very Good,F
-0.08817093039940221,-3.925359836887697,Premium,E
0.22499513941227933,7.7688273836328605,Premium,I
-1.210114033924432,0.7362876369898815,Premium,H
-0.9323855882039666,-0.2647543433339898,Premium,I
-0.17480783008442635,-6.111998632092571,Very Good,F
0.2264903819461882,-8.048367402934414,Ideal,G
-1.3988504403937818,-3.992262274156318,Very Good,F
0.40739297435603394,-0.6630827053845757,Good,G
0.8422218590865832,-1.1327746523584865,Very Good,E
-0.8570801286593649,-0.3130313423474231,Good,E
-1.1333176827337628,6.672013063939556,Ideal,I
0.44724987465618127,-0.5441435086711438,Ideal,F
-0.8030008924933683,-0.6922464741774552,Ideal,D
0.04480241676339425,-0.03637114749149997,Very Good,H
-1.15613351452936,-8.094745265460743,Ideal,G
-0.047073609953519724,6.4312283807502295,Very Good,G
-1.1395791653788456,7.9002313213072215,Ideal,I
-0.6228921358333356,-1.981226366772066,Ideal,E
-0.06841245284363345,7.947057461269559,Ideal,I
-0.08676916420288999,-0.9040128225865784,Very Good,G
0.44685577638228124,0.04352555809147312,Premium,I
-0.6731036925689705,-4.124543185181211,Very Good,G
-0.11617216120838858,7.429342526860688,Fair,J
-1.3389427459414085,0.6039469335531875,Ideal,J
-0.07882087096889512,0.10156119387305537,Premium,D
0.23284689067817177,-2.066731668772414,Ideal,F
0.1022105340559119,-8.11644145807111,Ideal,F
6.9090804705574325,-0.3147514387102267,Ideal,F
0.48251778507182164,0.8126043883320626,Good,E
-0.8662186163946808,0.4833392530033349,Ideal,H
-0.17748113197878618,-0.1457883176170047,Very Good,F
4.622425488007724,-5.94715530216918,Ideal,H
-0.2512322195242133,-0.2337308096225872,Ideal,E
0.4793303589878348,-1.8288721041520792,Very Good,E
-0.03369943397001207,7.123930974255449,Ideal,H
-0.5210444809790242,2.1129598097181588,Premium,J
-0.7081353270554582,1.172057028026305,Very Good,E
0.12418704564422639,1.8820421260725881,Very Good,J
-0.36878695607431694,0.35303155453944995,Ideal,F
-0.0783979862931567,1.2510868588528834,Very Good,H
1.5978399689232434,1.4719324844707418,Very Good,E
0.10376270276016669,-0.5261353032063922,Ideal,I
-1.2478015826981093,-2.8802651093167366,Ideal,D
-0.7547963567975203,-0.12594530651638897,Ideal,G
-1.0479918411712057,0.46656826198936774,Very Good,G
0.2712100591791259,6.334103677490647,Ideal,F
-0.1814081642964445,-8.026416017918475,Ideal,G
0.036933768588761795,-4.016020687917476,Fair,G
-0.23099292733402027,-0.4164145143350027,Premium,H
-0.06613604859241196,0.4716094064807751,Premium,G
1.2202090979273446,-1.0562267333424926,Very Good,E
-0.011021500464904854,-5.855799235899897,Ideal,H
-1.2851094750453926,1.4019937242658431,Good,G
-1.2937864018802603,-0.8570248861169193,Ideal,G
-0.1698145269793642,-3.420204281892693,Ideal,I
0.16624307428023333,6.7863040523698155,Ideal,E
-0.049938033775745516,0.43662527878716756,Good,F
-1.111111350330678,0.1657925829981122,Premium,E
-0.4024861335812397,6.95975258642015,Good,G
-1.0064940911193552,-0.4704278268626142,Premium,G
-0.7750615390697568,-0.14370765503415667,Very Good,E
-0.4171548151562646,-1.0349782630329372,Premium,F
-0.42718757946165764,-0.9815335292533282,Very Good,E
0.19637874407805522,-4.168787595878867,Ideal,F
-0.7510016132976103,0.0026143725679313654,Good,G
0.4458306250269096,0.48200961833521916,Ideal,G
0.4450855080273217,6.309407934367308,Premium,D
0.07654109798052233,-3.2156078267156083,Good,I
0.43823500083322187,-5.072218877943925,Ideal,G
-0.3331608951774074,6.556914687235986,Premium,E
-0.8845141529720256,6.716675627088493,Premium,F
-1.2355778166882956,-0.22513763278099452,Very Good,D
0.32748718885620465,2.344664287325235,Premium,J
0.021768242994772258,-4.106534763537579,Ideal,E
-0.31907998948328153,6.245335616142656,Premium,F
-1.1016724181378241,-1.6554062765845319,Fair,F
0.09046740916959922,-0.9945166818303854,Ideal,E
0.09136832499284347,-0.2448698001543014,Very Good,F
-0.663586211117201,-0.9100543705788535,Very Good,G
9.647475607534567,-4.071578537403142,Very Good,H
-0.6262287330666179,-4.168748618816701,Ideal,G
-1.050937383883491,-0.2704747187833069,Very Good,H
-0.31599038133745616,-0.16697389381939873,Ideal,F
-0.9602811744312753,0.15974359884960548,Very Good,H
-0.9515083319622455,0.29812397201396496,Very Good,F
-0.5446044926507857,-5.9461970940257025,Ideal,F
-0.9962024471703121,8.083802436477594,Premium,J
0.12920758722009906,0.16823331935478128,Premium,D
-1.0172235971225891,-0.9475992039208897,Very Good,E
0.45343140250620395,7.545854249409005,Very Good,H
0.08559820124978629,0.30976641292849666,Good,H
0.0618064048032817,6.861022628840674,Ideal,G
-1.0567282763320862,6.8665294333442555,Good,E
0.4246152971224163,7.500085998504729,Ideal,I
-0.7633016689717248,10.685113110483757,Fair,I
-0.6663743357873261,-0.4125173497214915,Ideal,D
0.4307468751151161,0.2711763280011181,Very Good,H
-0.16441582793439508,-0.17165078394324976,Ideal,E
-0.11174213612409842,0.6057653022092339,Ideal,H
0.6476157397034764,-1.2408292355750903,Very Good,E
1.6662063395102402,1.069614749301904,Ideal,F
-0.026133072109228273,6.103186352151778,Good,F
-1.3053145602326175,0.7288377111439795,Ideal,J
-0.4528814247498482,1.0327270281460088,Ideal,H
-0.16839303692024213,0.5498245900129676,Good,F
0.10617538898971213,-1.8921520958162357,Good,E
-0.5266803874344312,-5.964935629792503,Ideal,H
0.3539459114937682,-1.1769296365682873,Premium,D
-0.8755183009638904,-4.1792430505502045,Ideal,E
-0.8089468569976145,-1.66932283142831,Very Good,F
1.9796580759955789,7.0110770190876135,Premium,E
0.14524181443448025,6.987218867141376,Premium,G
4.6509368987981485,-0.09920791573183937,Very Good,G
0.23413402983880438,-1.3442444722428664,Ideal,D
0.45240073272608283,-0.5956221001824432,Ideal,E
-1.1842810239024755,1.7597206112095891,Very Good,I
-0.4060324942243342,2.5690329065665556,Good,J
-1.0113416157115274,0.8529982328482839,Premium,H
-0.02451433579991985,0.005777887406607986,Premium,G
-1.082209623788836,0.15438862253558575,Very Good,H
0.21383447947969303,0.65119522224065,Very Good,G
-0.30298531934117107,-0.903658973722217,Very Good,H
-0.2869457302897551,0.2271782183757873,Very Good,D
0.3528065491241664,-0.5620194745308564,Good,G
0.368273654817899,0.008334570688654591,Good,F
-1.0471300665615257,-0.3127297757509392,Ideal,D
-0.5307686993166035,-1.2401534519853898,Ideal,F
-0.028475919606264388,0.7743166392321811,Very Good,H
0.47653371291311575,0.17441132985078148,Premium,D
-0.5267738228461156,0.3480861879285581,Premium,E
-0.18084678089003026,-7.979568681823571,Ideal,G
0.009170491465389952,12.543157834025715,Good,J
-0.7494964745811938,0.15402383658455535,Fair,G
-0.017783594947409553,-0.16743495867841254,Good,F
0.25106848278727967,0.18391335710236292,Ideal,E
-0.6862245568850269,-2.2346464344972117,Very Good,E
-0.5521369663184679,-0.30393886330470704,Premium,H
-1.1604617456782642,-8.439886596465517,Ideal,G
-0.8466830297355477,7.609116786767817,Very Good,I
-0.800533747068062,0.7602740805862377,Very Good,H
-0.7873445633724242,6.969609468091415,Premium,D
-0.7363893318146684,-8.39616364873254,Ideal,E
-0.35771830732276405,-6.281552002729791,Ideal,E
-0.11432087484300707,-0.5127655556263138,Ideal,F
0.41601868277416365,6.312689959497503,Premium,E
-0.18873176563624355,-3.8537494653079154,Very Good,D
-1.3993165971657584,-8.388532630395911,Ideal,E
-0.2425280566826244,-4.084816343026642,Premium,E
-0.7466354625305504,-1.366316095908085,Premium,G
-1.3211808964821417,-3.98022566237455,Premium,E
-1.027840819443947,-5.409890608528159,Premium,F
-0.5122802258825216,-0.4234179985477441,Ideal,G
-0.8572907176961595,6.133879437034478,Ideal,E
0.2935377349957935,-1.073404411029582,Premium,H
-1.0352983021562174,-8.172168647503277,Premium,F
0.11656332778723522,6.236973244677648,Very Good,D
0.16470778005639197,0.3642380720673518,Ideal,D
-0.357544693906748,-1.2514955232233826,Ideal,G
-0.5252509128218629,0.7330213793273901,Good,I
-1.4279817133388888,-7.986780823624176,Ideal,G
-0.9046736732656809,0.6206453760061627,Premium,H
-1.237982557383687,0.7751488904549834,Ideal,I
-1.1507640641087398,-0.5625063305994666,Premium,F
-0.2117606132986896,-0.3350870877967819,Ideal,D
0.43830314862297437,6.407941241149837,Ideal,F
-1.056137719735292,0.22891205364102404,Very Good,G
-1.1481704258412369,-0.17243080910285336,Ideal,F
-0.9530456586967957,-8.084308263047964,Ideal,F
-0.23729138712689365,-8.0733035859127,Very Good,E
-0.48890486545375883,-4.120297051966235,Good,D
-0.9635994691553421,6.47602652505647,Very Good,D
-0.315888241298033,-1.194100651795896,Ideal,G
0.44047514164041146,-1.232993659675179,Premium,G
0.36186582970215464,-0.7034980269754209,Ideal,E
-1.2669247860388873,-0.4217555263880986,Ideal,E
0.30758427535195765,-0.9905646124318048,Premium,H
0.19463761883398745,-3.71251405505983,Premium,G
-0.5688763285813777,0.9054968427005202,Premium,I
0.29119195614591553,-1.9269353172025232,Premium,F
-1.1864803011582659,-6.757764434376672,Good,I
-0.5389714039782467,0.15415909930112628,Very Good,E
-0.8753718335674889,-0.728078892504406,Ideal,D
-0.5233670223034455,-0.07965138321958723,Very Good,D
0.08310947392191209,-1.3393429483420487,Premium,G
0.1073283368828481,-1.0959627962307361,Ideal,E
0.019831636270814024,-0.24871791021831832,Very Good,E
-1.2646777452153495,-0.8858267027370148,Ideal,D
-0.45929531345073477,-0.14680554054598663,Very Good,G
-0.7385391470630848,0.2830449871839679,Ideal,H
0.3026161668909083,-8.15364813585147,Premium,H
-0.4631336497869891,9.695010955749854,Premium,G
-1.2022548258898602,-0.05276279141095932,Very Good,D
0.3735734092553338,-0.34868703712266047,Ideal,F
0.07246056672569728,3.3004576780263015,Very Good,J
-1.1055895847755202,-0.41791673423113135,Very Good,H
-0.19007066183101837,0.833054709368631,Premium,H
-0.9945406858282777,-8.176516578732791,Ideal,G
3.095845839674037,-0.13538602643594794,Very Good,G
0.14055048166064216,6.722587010111241,Very Good,G
-0.6812179987613893,6.870739564810596,Good,F
2.640720274646432,-8.29439769104109,Ideal,F
9.893832186454933,0.046142296592413055,Premium,D
-0.5772505401290673,-0.3129889203252326,Premium,F
-0.5956700208806354,0.8751505039498684,Premium,I
-0.2646142852158888,-0.6923346608726072,Premium,J
-0.6514698830220271,6.293603925849655,Very Good,E
-0.8813358144086997,-3.848800816784339,Ideal,F
-0.9838054029655702,2.3822128867018724,Premium,H
-1.298570854245487,0.41719131042621216,Ideal,D
-0.7791456508472876,6.863291148242387,Very Good,F
-0.4964205738036289,8.560775625260044,Very Good,D
0.1558076575518078,-1.0125315690828398,Ideal,F
-0.2767906147680864,-0.9024539779087117,Ideal,F
-0.5745573357994247,0.4558278638942884,Ideal,H
-0.824549455520307,-0.5776691949466388,Premium,D
0.48063433825168145,-0.5065822096713948,Ideal,D
-0.9972323475255217,-3.9757566889168388,Ideal,F
0.06883939785587101,-0.15365869605208193,Very Good,D
-0.11747414306093282,0.9533116909587976,Very Good,H
-0.559531219001582,6.076877909681173,Ideal,E
-0.013188447721585894,0.05206875536759804,Ideal,I
0.4348087835577056,0.6672962594084191,Very Good,F
-1.1201271183289137,5.958617393400659,Premium,E
-0.665553653075035,-0.30421146451948566,Very Good,G
-0.6948633692112698,7.318867151606225,Ideal,I
-1.0526555990566506,-4.121279955123936,Ideal,E
-1.3322767020255757,-0.07511759390481357,Ideal,D
-0.9912417543914653,-0.314450999050642,Very Good,G
0.41519490255428904,-1.0101712676671006,Very Good,E
-0.37223438151340704,6.23974729715697,Very Good,F
-1.097112409884209,-0.042748592889482594,Premium,D
-0.07860100642629031,-8.296930046770266,Very Good,D
0.04590104349386248,-6.171044556034108,Ideal,F
-0.9132891435347458,6.580393855490689,Ideal,H
-0.7259646860999067,0.4424239177055123,Ideal,G
-0.7148762128707341,-0.03772350169407239,Premium,F
0.069832762447182,-0.8844945761198112,Premium,H
-1.0563654579860224,-0.9463648798478499,Premium,G
-0.3050635504449233,-0.07464311756696768,Ideal,D
-1.266658152671147,-4.116776514906967,Premium,G
0.28193037367889207,2.751387167119063,Good,I
-0.6424221907252246,6.228255765615452,Good,E
2.7043188291171067,-5.9354877421521355,Very Good,G
-0.8055443830221571,-8.118779861888454,Ideal,G
0.3081894484793428,-1.19209315912133,Ideal,G
-1.2338768986896635,7.740813329732693,Ideal,J
-0.7946603043549175,-0.6473267967244078,Ideal,G
-0.4179203949822677,-0.4997261173089453,Ideal,E
-1.15739570796373,0.0022499011531351976,Very Good,I
-0.17127668914628477,7.506292959603739,Premium,I
-0.815694694954909,0.364251112611434,Very Good,D
-0.29193411277962333,1.9900150293299357,Ideal,G
-0.6472162620998537,0.4201129376083609,Very Good,F
-1.3037277304514592,-0.6462014297961146,Premium,F
2.97381332301207,-0.8029214371630954,Ideal,I
-0.8127035822074998,-0.9381566079001962,Ideal,E
-0.9962799528271509,3.2415008455057466,Ideal,J
-0.5115930270303052,-0.8579317659765978,Very Good,F
-0.4539926009609504,-0.5122584887562507,Very Good,E
-0.6488898261853655,7.197989340562939,Premium,D
-0.5044084333920874,-7.832520206578507,Very Good,I
0.2271190174388693,6.547844616901907,Premium,F
0.49467026323694985,7.650951533898965,Good,F
-0.020806146676858817,0.8179725093095328,Ideal,I
-1.2112102387281216,0.5073305670726048,Ideal,I
-0.4610183252976348,6.584928461034463,Very Good,D
-0.3714099482892271,6.755528088708683,Very Good,F
-0.5126005549995064,0.24845019127197124,Premium,D
0.45455154671983367,-0.6315805203348754,Good,I
0.32421287254880193,0.10275416094773338,Ideal,H
0.45318981050307394,-0.2501186619344253,Premium,G
-0.6402551389811195,0.04601741385023716,Very Good,H
-0.8139998888084499,-3.7746763434295834,Premium,F
-1.2199988216288677,-4.027216811794893,Very Good,F
-1.2089163257146567,0.1857748684146839,Ideal,D
1.1277995652448078,-0.8212262461136673,Ideal,H
-0.8382258647641088,6.827213894193715,Good,H
-1.1799746257878705,-0.18367528968266855,Ideal,F
-1.012311336963656,-8.2206801599976,Premium,G
-0.857155152855276,6.898455253921628,Very Good,D
0.04901013650943553,2.005141023745445,Ideal,J
-0.29745215159449034,6.707020264530157,Very Good,G
-0.29961286999918085,0.6201912545425913,Premium,F
-0.16931477145485074,-0.26739363808515293,Premium,D
-1.0264241655970736,-0.6581488711679361,Ideal,E
-0.8689570501827758,-1.1632146063188313,Very Good,D
0.4719365077042472,0.08462662012106034,Premium,D
-0.41982174123731564,0.6784629218403003,Premium,I
0.11674345956072124,0.9224488929944393,Premium,H
-0.39989928292083476,-5.955727924902288,Ideal,I
-0.771617591815009,0.1320660481374371,Very Good,D
-0.25957178471404585,-0.2652783681515904,Good,G
-0.9728255155431634,-0.9049624171213971,Very Good,E
-0.506429195071437,-8.180940784314302,Very Good,E
-0.5594498423223864,6.969197995428747,Premium,H
0.3679216650324516,-0.5082875784758646,Very Good,F
0.3064752894290832,0.006823294076653406,Very Good,F
-0.5911372542103858,-0.5037175602759049,Ideal,G
0.3181510435259003,-1.2207915474948978,Ideal,D
0.2668606349857615,-0.11389192436394938,Very Good,F
-0.6893350995334051,9.293016708328615,Premium,J
-0.4638687744487273,-0.8184353587772226,Very Good,G
-0.9033167452519362,-0.4086334337867449,Ideal,E
-0.5241534484885498,0.10569283415231157,Ideal,I
0.01490668462752176,0.18107567719064835,Premium,E
0.1487064780148415,-8.147130722115216,Ideal,G
0.4550084278549228,-0.37480377993342345,Ideal,E
-0.40707835695094713,6.782659333229674,Premium,I
2.601662767044647,-3.958081225059968,Ideal,G
-0.8344279208415813,-0.15872948757090927,Ideal,I
-1.2257236552897361,-5.693214158355978,Ideal,I
0.1268786751441826,6.569026600227459,Good,E
-0.18376639639376607,0.046767983100125775,Premium,H
-0.865981765624285,-0.6409961928614066,Premium,F
-1.0192070096643437,0.2837381664494448,Ideal,E
0.47592872197096725,-1.8646712700020391,Good,E
-0.8526063231599095,0.051906665756701366,Ideal,G
-0.548769545556212,-6.282807405140013,Ideal,G
-0.3685672402155998,0.22534165567860318,Good,G
-0.4338408219299918,-8.035317034327772,Ideal,F
-0.15003151127565192,-6.209586394319197,Ideal,G
0.08619163551484205,-3.621886948119856,Ideal,I
-0.42175549984859656,6.770162872121573,Premium,I
-1.2542747041208289,-4.00924999059375,Premium,G
2.7173798797899598,0.8602295995022621,Very Good,H
0.39254719714036157,0.43476719260082336,Premium,G
22.500362784878455,0.8929802428686631,Premium,J
-1.2396364792970342,-0.955100406646226,Ideal,F
0.6177300545387109,6.970641931830252,Very Good,E
-1.0257290227508715,7.126704702441122,Premium,H
-0.6585317315892638,-8.24213137654304,Premium,E
-1.0701547149552177,-1.3948658260609916,Very Good,G
-0.9273827009619656,5.881299218460854,Premium,G
0.36376268680359614,-1.3947051060296392,Premium,D
0.47408347847543175,0.09809816999723653,Ideal,H
-0.5962798225705328,-0.9097007046277146,Ideal,G
-0.670128064183067,-3.6830179437298716,Very Good,G
0.07723635106606386,0.010412720678228522,Ideal,I
-0.20300469160162019,0.4155429019209681,Ideal,F
-0.37826601560967965,-0.6807319927357066,Ideal,E
-1.001289843630795,-0.9127564434842224,Ideal,G
-0.676127416243534,-0.40554252060105445,Ideal,F
0.23929976184808777,6.164377978270849,Premium,H
-0.027823524805466737,0.6344994783554154,Good,F
-0.3228085616726337,0.4266346053891,Very Good,G
-0.027384042453553803,-4.010661384810896,Very Good,E
-1.3214482750744883,0.5546902788610678,Ideal,E
-1.2914302495054615,-0.522484495061657,Very Good,D
-0.3305314252694515,-1.4304282765826548,Good,G
0.3769476664972443,-1.2815491086316788,Very Good,D
-1.0159689336752695,-0.6961370108609456,Ideal,E
0.015569697313727149,4.786713380510099,Fair,H
-0.28646189679770834,-0.7719229540327565,Ideal,D
0.3203909791234163,6.130920138394722,Ideal,H
-1.0657552593524475,-0.646084171768169,Good,G
-0.7541220538104446,6.280828442260564,Ideal,E
-0.23384647560734317,7.895503665734367,Fair,J
-0.7314311028589267,-4.119887369297629,Very Good,D
0.1460039222784414,-6.112371944432643,Premium,G
-0.6947034102842811,0.5109138949138773,Very Good,E
-0.053186300864521974,3.1393938504696357,Very Good,J
0.47755220379777996,0.08536244056635725,Ideal,E
-0.879959658019559,8.037526886114303,Premium,H
6.814433224914841,-8.14541354900433,Ideal,G
0.021867780801274217,-1.3414289068804839,Ideal,D
-0.19573822804803212,6.162037344286865,Good,G
-0.19063839262884022,-7.967273011546438,Premium,G
-0.5797705785301225,1.5984207166432083,Good,I
-0.21035007385494373,-0.30385381353857127,Very Good,E
-0.8021548529741929,0.8099160684373303,Ideal,J
-0.3786370487391325,0.5675911024357908,Ideal,H
-0.07584487756343578,0.31017334208154773,Ideal,D
-0.05015780830474109,-3.4456001391198194,Very Good,H
0.20119360187363067,6.40416759321963,Good,G
-0.7216849729480963,0.5449821687679332,Premium,J
-0.5235035168537977,-0.012624907184776941,Premium,D
0.32731202909606016,0.5675505743195642,Very Good,G
-1.160332742559668,7.631572199874721,Premium,G
0.20314149348592547,-0.47790731480195064,Good,I
74.70853693237046,-0.7693734476445893,Premium,J
-0.1236496214037981,-1.2971307732371513,Very Good,G
-0.6702269711863388,6.813427026501713,Premium,D
-0.9351332194450721,-7.107481549214551,Ideal,E
-0.5556485617183277,-8.212669982643744,Ideal,F
-1.0616666211407377,-0.1329993802756,Very Good,E
-0.3432798995168612,-8.198825045446378,Very Good,E
0.1635673924235821,6.85606880538939,Ideal,G
-0.1838042054407719,-6.086736169680129,Ideal,G
0.18446639222000172,-4.035193890521068,Ideal,G
-0.37901018790310714,-0.2271430940511173,Premium,F
0.3508871100525459,-0.6279840701431528,Ideal,E
0.12622064110792863,0.8715897533731416,Very Good,H
-0.3584220295878381,-1.068993308175855,Ideal,F
0.1722962312350732,-0.4693820255971378,Very Good,E
0.1892152677006248,8.251177252991736,Ideal,I
1.113185352548343,-5.764299580109831,Ideal,H
-1.2799845371890495,1.123981739467884,Very Good,F
-1.3240666266490821,0.34271364834738577,Ideal,E
-0.23026347094371447,-0.506502642603638,Ideal,D
-0.9340073593375023,1.379882275857506,Ideal,J
0.30980433168640764,7.707223818801113,Premium,H
-0.36212771678320965,-3.2152011579880306,Very Good,I
-0.26587528296474117,-5.910023287797678,Ideal,E
-0.6602570420102488,-1.3780916982788032,Premium,E
-0.5150021066197632,-0.2519462819860377,Very Good,I
-0.13806759309236996,-0.8933526972246798,Premium,F
-0.39206344469837207,0.8904667822682469,Premium,H
-0.714993589919052,-0.719665562186739,Very Good,E
-1.2219165822662816,6.259752374785718,Very Good,F
0.37212729822736146,0.6705299497314277,Ideal,F
-1.1063417138855467,1.42144535311631,Very Good,I
-1.1445767741319155,6.196529387234148,Ideal,F
-1.3478467503001057,-8.206814057652034,Ideal,H
0.03326070937610309,1.3268824363009373,Ideal,H
-1.0932386457522068,-0.2890729652231395,Ideal,E
-1.1674456248143166,-0.7677310082974831,Ideal,J
-0.5037201426079871,-6.1417096624544865,Ideal,F
-0.1955859310329174,6.4570430375864785,Ideal,G
-1.2624276257926672,0.7711623293281706,Good,G
-0.18704192148080898,8.081464334216994,Ideal,G
0.27604527171151394,-0.18193312018088661,Premium,E
0.048510045162969695,0.48518385048467005,Ideal,H
-0.9405249574949882,-0.004301370579625562,Ideal,H
-0.48220080054618863,0.5779997949245343,Good,I
-0.12401099905949597,0.3289801894977164,Good,D
-0.7127989657527463,-2.563863324492625,Ideal,J
-0.10188879413193075,-6.3963723268408215,Very Good,J
-0.3587603977743422,-2.1335874453988586,Ideal,E
-0.9989540371729417,8.382345483967974,Very Good,I
0.0738850662463379,0.37934238686504645,Very Good,D
-0.18499494418183265,0.39969773093568756,Ideal,H
0.6026317952544353,8.378805268452108,Ideal,I
-0.17666104639812572,-0.4041507978715292,Ideal,D
0.23451960023732876,-3.392263322162829,Premium,H
0.3447542501233747,-0.6781685428408997,Premium,E
0.16345199408962774,7.7981158984784065,Ideal,I
-0.1432414994603739,6.606374431529399,Premium,E
-0.776394049322042,0.0011404412976179779,Ideal,H
2.7371021753240306,-1.0013171953278355,Very Good,H
-0.20508329904070768,-3.845968814639619,Ideal,E
-1.1491102347313973,1.2889944977944297,Very Good,J
-0.22875555212256798,-0.4281747361611979,Ideal,F
-0.7461342677957796,0.3889985842695202,Premium,F
-0.9910684467095412,1.0564256132631247,Good,G
-1.2307667350854947,6.674847439227875,Very Good,H
-0.5671543229601246,-0.005779727584219484,Fair,E
0.24470325980370267,-1.3197391604186381,Very Good,D
-0.8585557104518545,-0.40680936208719876,Premium,I
-0.573225905655774,0.4022076613265323,Premium,D
-1.0742931880554147,-0.9581522038485102,Good,E
-1.3330170292908123,-0.8101207798481503,Very Good,G
-0.9990233563855477,-7.9623173493655734,Premium,I
-0.49991251286908145,5.8360653806992575,Ideal,H
-0.8330995080459395,6.040772943808029,Premium,F
0.5341223313000741,1.0114979749790758,Premium,F
-0.13733573237709873,-0.5308144312709119,Premium,D
-0.734873810812424,5.546606768137372,Premium,I
0.2930172999923425,0.5573015573137093,Premium,F
0.1754069644745745,-0.6642912868074587,Good,E
-0.16180886789991597,-5.608749615996609,Ideal,J
0.2656734062420194,6.2044572151176505,Ideal,F
-0.11968590851239108,-0.42204187070210536,Ideal,F
-0.2057440338886972,-0.7437850599517851,Ideal,D
-0.34377299057261396,-1.2013233151961427,Premium,G
-1.2542019801883706,-8.46731206662142,Ideal,D
0.1595192646473126,-0.3251714230293356,Ideal,F
0.3479424222247012,-0.6836159522818394,Ideal,D
-0.5191783685280437,2.187715756906416,Very Good,J
-0.0594894416241431,-0.2361243114828145,Very Good,E
0.48628728359091555,0.3288579051148846,Premium,H
-0.22959637058789822,0.03756467074871273,Premium,H
0.38088387679748525,0.21857245355752467,Premium,D
-0.9740797093900218,-1.0187671742536808,Premium,F
-0.7395063264735977,0.39567177798810554,Very Good,H
-0.44628195858767356,-0.056962071685172554,Very Good,G
0.015984810574406427,0.3445348798389189,Very Good,I
-1.0756446229871788,-1.398421769742798,Premium,G
-0.8590065745375266,2.7960181652651404,Good,J
0.4317269195079686,0.1561613279340159,Ideal,I
-0.9016045725724653,-7.8382958293656175,Good,F
-0.48520111429757984,-5.451102329484729,Very Good,F
0.03313667383804236,-0.15657639273904195,Ideal,E
-0.5670952222134055,-0.5591365860946562,Very Good,H
-0.4726101836787896,6.749659384386199,Good,E
-1.0090442476068315,-0.31703122130718653,Very Good,G
-0.35317417569504095,6.446927562627568,Very Good,F
2.8065832785606544,6.223020322811425,Fair,H
-0.02060616446772373,4.087573987547194,Fair,D
0.4257103358529575,-6.144953898223418,Ideal,G
0.44072862181360695,-1.00210698112522,Premium,E
0.30570213951827196,-1.3381624320996581,Ideal,F
0.3794977092228309,-0.6668190809786692,Ideal,F
-0.8390567879546479,-1.2705005082577119,Ideal,E
-0.7569555583147598,-0.7052873094079829,Ideal,E
-1.0633465432323912,0.593832772841818,Very Good,F
-0.6089924554721773,1.9621652703791967,Ideal,I
0.07112328315480937,0.49540620022223647,Ideal,H
-0.38798722018873666,2.716546881525528,Good,E
-1.3439215208658872,-0.3999971314662321,Premium,D
0.1729519626683692,1.431221802574701,Ideal,F
-1.0990312512194556,-8.231144577363883,Ideal,F
-0.6629765974718187,7.747664605932311,Good,H
-1.3336678627365506,-5.5660496542714855,Ideal,F
0.053075981091672386,0.015358782794409928,Premium,E
-0.7352243927946063,-0.7403749332267066,Premium,F
0.0025961365055027774,-0.5674489311190897,Premium,F
-0.6614881951482647,-0.3631893135191337,Ideal,D
-0.5390234279267447,-0.8518197949065686,Ideal,I
0.18372918342520772,-0.22565077679719006,Ideal,J
-1.2993764116253868,-3.8853036146633806,Good,G
-0.2950632798111732,-7.883946600269556,Good,H
-0.16018650388326836,-0.8580196271371032,Very Good,G
-0.7017579006027919,-8.204113004239202,Ideal,F
-0.7092257697754123,1.441656644951811,Ideal,H
0.21301272594647913,0.30688008190585353,Premium,H
-0.4784809855706883,-4.847017386128136,Ideal,G
0.3132619350341296,-8.206041541394386,Ideal,E
0.11936430083377259,0.6140786148369308,Premium,G
-0.7417555704557853,6.57058458292072,Premium,F
-0.03669630746643043,-3.9948503004485847,Ideal,D
-0.19228447267115106,-0.49999475866210397,Very Good,I
0.20018575532729233,-0.5646238404686452,Good,F
1.7953259456813715,0.09155129623478422,Ideal,H
0.016249750140233554,0.036734318419571026,Ideal,E
0.4627642829516593,-1.0166958929767027,Premium,D
0.5352405524780515,0.4833869171880426,Ideal,I
-0.10713194786707736,0.30245932152963256,Very Good,E
-0.4085375838968879,-4.021707016450871,Very Good,F
0.5515098046760846,6.479266083916088,Very Good,F
-0.04620371220067626,6.613994396559459,Very Good,F
-1.1968049925170043,-6.053017190781383,Ideal,G
-0.8142153996568146,5.894328344474728,Premium,E
-1.0239319756238685,0.4349283584254135,Good,F
-0.5999310341009338,-8.510882518405618,Ideal,E
-0.29134026642547783,-3.894356848893955,Ideal,F
-0.516202968613449,0.5074796447491302,Ideal,E
-0.273745980931452,0.9572478916851088,Ideal,I
-1.0604688606961314,-4.101974500466052,Very Good,E
-1.0805554065028873,0.9457298884676811,Ideal,H
-0.3991021605846106,-0.5020463156865285,Ideal,G
0.3002852988476583,-7.756276910585594,Very Good,J
-0.7854547432195241,-6.094839496976528,Ideal,G
-0.9924907584193792,-1.0794734846666845,Ideal,H
-0.5281263250425045,-5.916505712782899,Very Good,G
-0.357690154324249,-0.5512152548696221,Very Good,E
1.8606799129403688,0.38195304375939876,Very Good,G
-1.2869213230373764,-3.953911531070707,Ideal,E
-1.0732144555429606,0.22021000364645907,Very Good,F
-0.49551280481122595,5.382759156801312,Ideal,D
-0.9873882480578929,-0.16926421758373422,Premium,F
-1.2449898302975713,0.5500737071811314,Good,G
0.338462161231456,-4.206545692898585,Premium,F
-1.3855110992383284,-3.942978195698111,Good,F
0.17720815776211485,-0.48755358661493686,Ideal,D
-0.8590540321786773,6.733766710639976,Very Good,E
-0.5806831827482948,-1.3145565351403312,Good,G
-0.7309900027137829,0.1759074238686318,Ideal,E
-1.2678929435218205,-0.8592647827290518,Good,D
-0.12520062344720786,-3.1917043914002057,Very Good,I
0.2646181347352482,-0.9712425830768768,Ideal,F
-0.48928046110839285,-0.5048367017953315,Ideal,E
-1.2559070361594074,-4.03146064115621,Very Good,E
-0.016376962378839843,-0.5937142062967566,Very Good,F
-0.7608652613435979,-1.985277418445775,Very Good,G
-0.42918969637294013,-0.968288218607114,Ideal,F
-0.9304147797887174,-0.7167596856805714,Ideal,E
-0.5233438649960136,2.564002519868665,Premium,J
-0.9728347800716991,0.5300590103533341,Premium,F
-0.4662685058955485,0.43156450963701193,Ideal,J
0.48205966265133593,-1.4358611177965492,Premium,F
0.2528641345647733,-0.1587456980655229,Very Good,G
-0.2204027658624786,6.420498625927457,Premium,I
-0.7176978420045466,-1.2102921985833888,Very Good,G
-0.2783887718262843,0.1770544758475117,Ideal,E
0.4469575123740034,-3.904536273610549,Ideal,G
804.5525968493264,-9.08274016112502,Fair,G
-0.8864352213645119,0.46177697643996063,Premium,D
-0.8872637700986017,-1.0418243866995522,Ideal,G
0.47713760656725246,0.6033230859112817,Premium,I
0.33725027577001354,0.5990043204098152,Premium,H
0.16419721692654332,0.16586864741585355,Premium,G
-0.9271972446342255,-1.6207351596288508,Very Good,F
-1.0177920164421153,-1.231636628748045,Ideal,D
-0.9226560518242534,0.4493592270859665,Very Good,G
-0.9994343116507244,6.55215699495301,Very Good,E
-0.8369661850175258,0.3303244239086948,Premium,I
0.010411905039832192,-7.789407579122913,Good,G
-0.2523751932717163,-0.2983089208356308,Ideal,D
0.219266849703725,-8.020120123422704,Premium,H
-1.0051340729469376,-0.6755852005550687,Ideal,G
-1.0088601100837113,-1.0375598929567509,Premium,I
-0.5374050722577828,-0.1227786484715103,Ideal,D
-0.16001499792131416,-1.0269234642044611,Fair,G
-1.021857317816726,-0.9463920458979689,Ideal,F
1.5275547368850768,-1.0218931341316848,Ideal,G
1.8320743592441544,-0.35845820325725325,Good,F
-0.1702963865044043,0.8836100163689014,Premium,J
-0.3794347210796405,6.924116733237059,Very Good,E
2.3011413796951654,6.422954290935199,Premium,E
0.3091743832111755,6.6435659471263975,Premium,E
4.596494578793779,-8.043348642123984,Ideal,H
-1.108291799925614,6.817756241081255,Ideal,F
-1.2284684374333148,0.38407694059668795,Premium,D
-1.205440431546135,0.5295318276254843,Very Good,F
-0.8685728750179977,0.7168946226456508,Good,H
0.20849633293959335,-5.171365961178981,Ideal,G
0.047638082617653066,-1.0182966661845874,Very Good,D
0.38255049778957295,0.5330400776415523,Ideal,F
-0.7772650892534794,0.46993852445785234,Good,G
0.5232755444645818,6.792304055731932,Good,G
-0.17268987943209077,-0.8421837761109016,Premium,H
-1.046704166074702,-1.2598384259655702,Ideal,G
-1.1998259455578648,0.5086969743961576,Very Good,E
0.5039596772771762,0.43065756878391637,Premium,H
0.07182004039647866,6.202568738615689,Good,D
-0.40293270907996903,-0.36796953114953557,Ideal,G
-0.0654049500267852,0.39549965984744767,Very Good,H
0.3477285359225982,0.6983968939584355,Ideal,I
-0.22665976164374463,0.025383631981972708,Premium,G
0.2422056000292515,-0.8038201373445034,Premium,G
-0.21454840258237873,-7.750725301006352,Ideal,H
1.3572871927506758,-1.4661341003274093,Ideal,I
-1.2276469321642465,-0.5581851596562656,Fair,G
-0.8236912874295199,0.6071741452384177,Ideal,F
0.04415964972656822,-8.391905925817408,Premium,D
2.2292064976444204,-0.42483691190932094,Ideal,G
-1.0518221551900142,0.4589968257064593,Ideal,G
-0.4970805339507965,5.918101213742419,Very Good,H
-0.973089943740121,6.799679331237843,Ideal,I
-0.39116515274072544,7.072244971026668,Ideal,G
-0.3307999150113103,0.9457579619961429,Good,H
-0.0068774581831145265,6.170069284952757,Very Good,D
1.1337235857997081,-8.150989419863897,Ideal,G
-1.3024358438396506,-7.782897561394552,Good,H
0.131365785528462,-0.12357475977357427,Fair,E
-0.4312583699996826,0.2882110233096238,Good,I
-0.7851671678434364,-0.23329068719940887,Very Good,E
0.5129446939954053,-1.151123083153305,Good,D
-0.3704000829541094,0.7594134326748968,Very Good,H
-1.09749319095168,7.233730178533484,Good,G
-0.13268778069191497,6.416178153753732,Premium,F
-0.7737125111405943,-0.39465746945037156,Ideal,D
-0.054757761048598086,6.474583732023356,Ideal,H
0.28548325642094474,0.35814307299960085,Premium,F
0.12356523905166777,6.773409680809112,Very Good,J
0.48541057619833605,-0.38979030749226906,Premium,F
-0.014409072329090111,1.0335938467481571,Very Good,J
0.27838079212948474,-1.128910465198026,Very Good,G
0.08444134002376619,1.1222717674334217,Very Good,D
-1.306709462550617,0.6056389633417758,Ideal,I
0.5724293059939735,9.668349315608552,Ideal,I
-0.08474885563747775,-3.822336019694591,Ideal,F
-0.8125821441619587,-1.1418242997399357,Ideal,F
-0.5156315054524345,0.5195468544054499,Very Good,J
-0.9679434703469889,0.8886063227593209,Ideal,H
-0.6831584025572843,-0.2763297441370734,Ideal,E
-0.9453936454085807,6.108667760474466,Ideal,G
0.034655747371867274,9.380478137696537,Premium,I
-0.8770623529218782,1.7036913111269485,Good,H
-0.41610022321343426,0.240446276284115,Premium,F
0.4436313123567981,-1.0860710594248053,Ideal,D
-1.0852172292653082,0.3472697780364638,Ideal,E
-1.2033198591571943,-0.9400487585025277,Premium,D
0.4677358916707792,6.556936672501998,Premium,G
-1.1106168332964583,-7.788949361370292,Good,E
0.5075983835972706,9.339617308343117,Ideal,H
0.24130099801045457,-10.40444117783026,Ideal,G
0.20855454257065142,-1.0096308899954631,Ideal,G
-0.2380031920182138,2.1471042971798964,Ideal,J
-0.26236050688042,0.5208399354974774,Very Good,G
0.4187053575989028,6.423366545688634,Premium,D
-0.11621352515978794,0.9853268721984452,Very Good,H
-1.0134361257722708,0.31780295165302297,Very Good,H
0.3558668212703161,-0.18930008436008366,Very Good,G
0.1088271405815342,0.7359278482235923,Very Good,I
-0.5136907177425285,1.0192804480789817,Premium,I
0.1739466963704932,-0.20452619348989157,Ideal,H
0.5733903230924531,6.965129957689061,Good,F
-0.30486649357291923,-0.9547139027547111,Very Good,E
0.3835293490471344,-0.3651995394842059,Good,F
-0.58322523453619,0.6657862317619041,Ideal,I
-1.3068314921272652,-4.040632603603346,Ideal,D
-1.2913218898559955,-0.38677327423590213,Ideal,E
-0.20884808864536572,-0.3467654953261306,Premium,H
-1.148800721223546,-0.42749797028015435,Ideal,H
-0.2790221429357663,-0.30183945212501284,Ideal,G
-0.5366099634833944,-0.9359247968621341,Ideal,E
1.7758273434576273,-1.114289062640656,Ideal,H
-0.16231188186573847,6.038659717086559,Premium,F
0.4722591510614801,-1.6290777924801598,Premium,G
-0.7567118008130654,-0.060436619894966716,Premium,F
-0.20628102568192402,-3.866174326101858,Ideal,H
0.3168643843145036,-0.21405766046370978,Good,E
0.23516843095610362,-0.5288826974620243,Premium,G
-0.5775098794180837,-0.36724468735054117,Premium,F
-0.31140417140128496,6.288804201517351,Good,G
0.026411108877297418,0.10988294048801572,Fair,E
1.736176199644742,-1.1093813101245729,Ideal,H
2.382101514120373,-0.25412606971239216,Ideal,E
-1.0804190376060157,7.735034495864872,Premium,I
0.10385572815586613,0.2994333129749574,Ideal,G
0.3204918773122357,0.6880429439138808,Very Good,H
-0.9415522637211833,2.5406496735637787,Good,I
-0.1662857431915156,1.0718781369610233,Premium,E
-1.2216539014898151,-11.746726432865595,Very Good,D
-0.09465558426567411,-8.378797882277235,Ideal,F
-0.9991309081725747,-4.119253472972229,Ideal,F
-1.2285025304870039,-3.7359230896402327,Very Good,G
4.134238839286625,-0.4333172027243116,Good,H
-0.4801577114834006,-3.661770878060427,Very Good,H
0.5517392009937153,6.485324883666825,Ideal,G
-0.050689844433307985,1.275905643411495,Ideal,I
-0.7622462908862382,6.41131209985287,Ideal,E
-1.0541734334916972,-0.21039983888055497,Good,I
-0.03606090290255126,0.36211452417801565,Very Good,I
-1.2013516533593958,0.7947369436495014,Very Good,G
-0.12926287307713402,-0.4073014338484629,Very Good,E
-0.48612931057191744,-0.1440595567715551,Ideal,H
0.259985950267126,6.769227038596156,Very Good,F
-0.205502875785735,-5.530165113258371,Premium,I
-1.1085927743083386,6.498518009316861,Very Good,I
-0.08085552890197989,1.0934487407505227,Fair,G
-0.3119419382909695,0.4895157151562365,Very Good,F
-0.031432846201180475,-0.4477068460987937,Premium,D
4.804705969258186,-0.5465392858711001,Ideal,J
-0.15411577701772045,6.505939792396873,Fair,F
1.5524289318701427,0.9390820938146788,Ideal,H
-1.1678938492395896,-6.097765959316095,Ideal,G
-0.9096164641803126,-1.1259956320416753,Ideal,F
0.4827086162323614,6.256575117506454,Ideal,F
-1.1813997169907247,-1.2768355435591445,Good,D
-0.478734024452923,-0.5032469298285954,Premium,F
-0.2691687095325003,-9.095411132475245,Premium,G
0.18932048591772555,5.926335527145812,Premium,E
0.0052183682757638294,6.015193792944459,Ideal,F
-0.44366406575005957,0.5124491876068867,Very Good,F
-0.6852982280753352,-0.3771129790877978,Premium,D
-0.30588201672465515,-0.5572917635787135,Ideal,D
-0.3851052932447019,-8.427591869471094,Ideal,G
-0.365854417132318,0.976096642801886,Premium,I
25.839971216769438,-0.47186507754259177,Ideal,I
0.9754079630947167,6.755269513809489,Ideal,I
-1.0887332448849585,-0.5125207235346657,Ideal,F
0.16318235371841594,-0.1037734667333912,Good,F
-0.1833054632022285,-0.6199921104893716,Premium,E
1.6175538955100812,-4.371653538782769,Ideal,F
-0.9534224146276971,-0.7298879921417997,Premium,E
-0.2243806476101646,-0.5870891955462778,Premium,G
-1.0169961722094736,6.738852194377532,Premium,D
-0.6074937728409016,-0.98170766824685,Good,E
0.08111698869704065,0.19249005552613582,Premium,D
-0.1578999618731185,6.819236337400554,Premium,G
0.2986868745191732,-6.074346945956855,Very Good,E
-0.86493066519102,0.11501073945176882,Premium,F
0.00494147907466419,0.8683112233823463,Premium,I
-0.8194590094108289,0.4152285910784736,Very Good,G
-0.5871122422030515,-3.7828515455781733,Very Good,G
0.019377144785305445,0.14321170228907407,Ideal,I
-0.6708065212533942,-0.15855422142928835,Fair,D
0.24544326527225113,-1.204107564884088,Very Good,G
-0.40753333932864677,6.8832630907238395,Good,H
-0.36703539577414895,-0.8719402887632087,Premium,E
2.351220742100032,-6.083062297757338,Ideal,G
0.391133012482877,-0.2687827071842038,Ideal,H
-0.29413231705719756,0.8267888364490467,Ideal,G
-1.2525698430081582,5.8327123941973955,Ideal,G
0.020721611530584605,-4.3082883578672675,Premium,E
0.4366279078106513,-4.875382103495472,Very Good,G
-0.36264701178980835,6.3803837482144345,Ideal,F
-0.3859298876032991,6.8916885636629015,Premium,E
-0.93033711441848,-0.2528725189287642,Ideal,F
-0.06399618111240224,-0.6675861647275264,Ideal,E
-0.34602159613359373,0.28091911640410705,Very Good,G
-1.1802159432554076,-4.064094249556216,Very Good,D
-0.7749168361881584,-7.974585048463208,Ideal,G
-1.3186236743455078,0.43259282761481216,Very Good,F
-1.278121892622133,-0.5004987211909654,Ideal,E
-0.12860294182932752,-0.5773280357949815,Good,G
-0.6493165320881175,6.989540960207546,Fair,G
-0.2299478883735705,0.6833103811422193,Premium,H
-1.002612246616346,-0.8166454440054323,Ideal,H
0.11295049378279143,0.8807176042745088,Premium,G
-0.8191199257647058,2.114632597377592,Good,G
-1.2905339659991197,1.0480026403379237,Very Good,I
-0.8983734667706029,-3.4350085357989166,Ideal,J
-0.9635117490402834,0.6219718151826589,Ideal,G
-1.0927567624974182,0.6411586035164198,Very Good,E
0.07309537275081562,-7.770147019497581,Very Good,G
0.03160285496014126,0.1967671467082862,Very Good,J
-0.6657216775340007,0.640286058670933,Fair,I
-0.8112799772626709,-6.109155618443051,Premium,H
-0.35705704882767064,-7.87199920742122,Very Good,F
-0.6293386944173841,-7.9197564699626515,Premium,G
11.554721240396661,6.931089041307578,Fair,F
-0.7333507223352468,0.36585170865426264,Premium,H
-0.5110566666401966,-0.3837743562336049,Very Good,E
0.15626062443624333,-0.9671924929356971,Ideal,G
-1.2983600427637318,0.0015759962423749288,Premium,F
0.4508681312053009,7.221289748946289,Ideal,G
0.1641625029202085,1.0022200643310357,Good,F
-0.7704284387465122,-0.9014911302050558,Ideal,H
0.287233733164309,6.550495148707487,Very Good,F
-0.39317343768473717,6.169726192266833,Ideal,E
-1.058177139723317,-0.529065989151241,Very Good,H
-0.9332696324680751,0.5524471435740977,Premium,E
-0.6222897030870946,-1.0807363425793837,Ideal,H
-1.0779498766539708,-0.481545277625315,Premium,E
-0.2632645570161901,-4.806364315254512,Premium,G
0.2029067743937134,0.09505052566695629,Ideal,D
-1.1048288534023536,6.799700674536986,Good,H
-0.12944169227387442,8.262260939906348,Very Good,J
-0.6734621364269244,0.7791844598294095,Very Good,H
-0.9207678324023623,0.2955450626857613,Ideal,F
-1.091111168958483,7.744520556701239,Good,E
5.4627434770579635,-0.06482638944482386,Ideal,E
-1.3547848715209239,-0.5173390942589211,Good,F
-1.0754868989914783,6.375778043797715,Ideal,F
-0.9787472623396254,-1.1835503561587364,Very Good,F
1.6288385261827192,-3.969541844356942,Ideal,F
-0.13558122665353944,10.51867366167068,Very Good,J
-0.49743068356189324,-1.974557735754141,Ideal,F
-0.419990738958632,0.9301174271891433,Very Good,I
0.17472169583556751,5.972400089021175,Very Good,F
0.2316386013934324,-1.0462015130020785,Premium,H
-1.2742109448325267,-0.10998672284282618,Ideal,G
0.21430196090182896,6.34109631508795,Very Good,E
-0.518914099289767,-4.226168888115186,Ideal,H
0.33706201448497297,6.817492522187004,Ideal,G
0.31136589373019463,-3.9863690280648494,Very Good,E
-0.1265213824272157,0.44345223237212195,Premium,G
0.06565963171622297,0.7597637711873462,Premium,H
-1.154789004600572,-0.702242823671856,Ideal,E
0.8869203864649121,-4.2056069667935025,Ideal,D
-0.6700178178183012,0.2691439031658964,Ideal,F
0.30091062569004245,-2.411347710850076,Premium,F
-1.1782241125526447,-0.9543421596893672,Ideal,D
-0.40736868150740246,-1.084224967262723,Ideal,D
-1.385152714587392,-4.7776391342565,Ideal,G
-0.16761735700369285,-3.3283345098691144,Ideal,I
0.2604172075181158,-4.222721871803218,Ideal,F
-1.1281223688899553,-0.09919215136700721,Very Good,D
-0.8244785654324611,0.6426980816591049,Good,F
-1.1563154859562732,0.5214548369907194,Ideal,G
0.047037799699251925,0.0656645690970924,Premium,G
-0.2580633757191664,-1.1269475880368025,Very Good,F
-0.9958517784439971,-0.7855924250339575,Ideal,H
1.548219114637067,9.152762435227118,Ideal,H
-0.11658686050915631,-1.446805946276897,Premium,F
-0.7236030500314694,6.690822179278805,Premium,G
0.7514844081951267,-3.9531175527417655,Ideal,H
-1.0745736295251396,0.5259763210067553,Premium,G
-1.2236323349452867,-0.16861052125718057,Ideal,G
2.3148755159525964,-3.9922111614988554,Ideal,D
-1.2349701789433145,0.4905082979233115,Ideal,F
-1.0824649212124093,0.4685832124647412,Good,D
-0.7161693798719393,0.45178989218982646,Very Good,F
-1.3552452088486122,-8.066510252918306,Ideal,F
-0.5086534794877962,6.029459941742945,Ideal,I
-1.0243884979912554,-8.406922931348708,Premium,G
-0.0393213877666852,-1.0904794750847406,Ideal,E
-0.692193057155071,-0.3233640220349937,Ideal,E
-0.48197153915095314,6.551498303624147,Ideal,F
-1.3088256460772465,-7.06141208960798,Very Good,D
0.2749608217461651,0.022801014976569993,Ideal,G
-0.3678533226920493,0.2844204600791411,Ideal,F
0.043688436961401234,-0.6609119883514226,Ideal,G
0.46227433685763,-1.2902265268349515,Premium,D
0.07436161953871084,0.2844078308423153,Very Good,G
-0.535227029359937,6.1045958630927935,Premium,D
-1.2992774938302025,0.6093240628198444,Premium,F
-0.7948593068649996,-0.10114720496722776,Very Good,E
-1.094180905284344,0.16723062120807788,Premium,D
-1.1289990128816827,0.9290735883564346,Premium,F
-0.1990861309029806,6.488918320950966,Very Good,E
-0.3810002286398518,6.4149532777108895,Premium,G
0.4392081242961642,0.37963669075984724,Premium,F
-0.6852947659421267,0.08763037934050222,Premium,H
-0.5543996809607326,-1.0212777927566894,Ideal,G
-1.0328332255073782,1.5833357801509569,Premium,J
-0.16918020376651002,-0.5229857575563235,Premium,F
0.11087699588330424,-1.4780061171914978,Good,D
-0.8897987947170466,6.043663724380718,Good,D
0.9296935890371,-0.2084865699532361,Good,E
0.11141612645568783,-1.0309949194078187,Ideal,E
-0.00034376082583553735,-8.297749297773391,Ideal,F
-0.5238636598086249,-5.818737074210004,Ideal,H
1.729344099315949,0.5512286347941465,Very Good,I
-0.252080477868896,-1.0830875501732082,Ideal,D
-1.1557682066053145,0.9381434719735774,Premium,F
-0.30739135311125837,0.22102565197836807,Ideal,E
-0.7647099120087129,6.236921871806336,Very Good,E
-1.2266003527053257,6.9556182269102855,Very Good,J
0.003998353056846149,-0.4033471975382258,Very Good,F
-0.7635319379939638,-1.3275407484162545,Ideal,F
-0.20396263426359548,0.7677759098016892,Good,G
-1.0591344264366283,-1.3863031758411508,Ideal,E
0.2238343257625034,-0.16380343517876678,Premium,E
6.783452407072635,7.55496518852059,Fair,G
0.3035605807781153,-5.2386948570523515,Ideal,G
-1.1718962034294356,7.61460030760224,Very Good,D
0.292652734819305,6.591635951258145,Ideal,G
-0.05606523120477819,-0.4280373571470579,Ideal,D
0.07653615939864095,-7.8098640548571545,Ideal,G
-0.8048502520211172,0.3721040771798368,Very Good,D
-1.1432465161328587,-3.957525104843377,Very Good,E
0.1377510002489008,6.7939047421037975,Good,F
-0.12118196189638353,0.03307672205805339,Ideal,D
0.5757009481455855,6.288744954204401,Premium,F
1.8871439390972906,-1.92574086497884,Ideal,G
-0.25151428581223984,0.18370605221603573,Premium,F
-0.9010281218708796,-1.0139692026397047,Ideal,E
-1.2504805142054711,-0.48297640979840634,Ideal,H
-0.4162217424138334,6.870042178946701,Fair,D
-0.08208679906844635,0.5460119254976172,Premium,G
-0.5550589080815793,0.33785305909119673,Ideal,H
-0.4953109936687663,-4.500680669259409,Ideal,D
-0.3879484832245713,-0.9084993161152861,Very Good,G
-0.24707702107792537,1.0046972774361824,Very Good,G
3.1040385590021726,3.81389791392344,Premium,H
-0.3077530077729293,-1.14588559373396,Very Good,E
-1.0243154360501299,-0.22270705012087413,Good,F
-0.3015936159274276,-0.4373347173535782,Ideal,G
-1.0726895737471185,7.176378046778463,Ideal,J
-0.4191131575356159,6.776395995483205,Very Good,E
-1.2701258963268844,0.42070929714209454,Good,I
0.5617655826673765,3.5567864315636224,Very Good,J
0.6523494297131857,-6.014323394117364,Ideal,H
0.3018981104491433,0.4848546207975798,Very Good,H
-1.0618554654227728,-0.4091734340318554,Good,D
-0.9733401596615636,-1.2816544652663773,Very Good,F
-0.4287580727083511,-0.9770754283999321,Premium,H
-0.24844475757995071,-0.44234563357779444,Premium,F
2.261553468196,-1.092271469977078,Premium,E
0.1561690116877723,2.826199669819754,Very Good,J
-1.0421973737603056,0.6525594533576766,Very Good,H
0.3197475030776661,0.4492580836995302,Very Good,G
-0.7075632665700269,-0.5132929710205119,Very Good,F
-0.6879325038978158,-1.3016295554979944,Ideal,D
-0.1595606122458994,6.207627751380348,Very Good,F
-0.23435633226662933,1.6763091025649828,Very Good,J
-0.9347123124402167,0.002395352630846996,Premium,G
-0.6204194208778009,0.024051534519584174,Ideal,J
-0.13156581570856302,-0.06524403964613955,Ideal,I
-1.0858930196393053,6.99914238255382,Very Good,G
2.3609534572933923,0.5045114035207469,Premium,G
0.012135369639642846,-8.10000906299321,Very Good,G
-1.1160960537714026,-0.7900995482132211,Ideal,F
-0.3939399731150631,-0.8926487681110229,Premium,F
-0.743933114784843,0.9507234121618383,Fair,G
-0.908920305743638,0.013805296672082301,Ideal,H
-0.5002509518162019,-7.93289051427695,Ideal,H
-1.1391183260953137,-6.190720687268368,Premium,H
-0.5577413323740098,6.029703679082042,Ideal,E
-0.8199193246216208,0.8263940447510286,Very Good,H
-0.3134775335405227,-4.150210617366704,Ideal,G
0.10541072290042797,-6.517358225265608,Premium,D
0.5603534641326583,6.698568151278434,Very Good,H
0.4275277382480299,2.8603393167685205,Ideal,J
-0.9257263001790678,0.2832721866382647,Ideal,J
-0.3487004275159278,-7.813154592043507,Ideal,H
-1.2617995169893512,-0.43817873513465444,Ideal,E
-0.9322616860532977,-1.4216751039015554,Premium,G
-0.4469848016973722,0.5538648671585524,Premium,G
-0.7564562337299019,6.330787672949917,Ideal,H
-0.5411811928992519,-0.7692856637218985,Premium,D
-0.872387826155297,-3.9213474687367578,Ideal,G
-0.11787087249079103,6.348816427811547,Very Good,E
0.22876813738953738,0.5873015544185625,Good,H
-0.30211980201820215,6.442321136356729,Ideal,F
-0.9012600126013024,1.344090863798824,Premium,H
0.1953497160850055,-4.250203097050722,Ideal,F
-0.3277109387297831,6.173533065993435,Premium,D
0.16594656562410004,-3.9680613056926433,Ideal,F
0.4348693556913579,-4.683907419882095,Ideal,G
0.4049474593880714,-0.7911634722673532,Very Good,E
-0.6350904371053578,0.7121091326894317,Very Good,H
0.2606336396353375,-0.35274045717015406,Ideal,F
-0.890445791634396,-0.1032540248853453,Very Good,G
2.546410824953634,-1.3896499039678716,Very Good,D
-0.3269375427257321,0.5290095930338078,Premium,D
-0.9509120256934634,6.45188435687428,Good,D
-0.00449404904189854,0.7834698676749768,Premium,J
0.43877120023983374,6.880424936607036,Ideal,E
-0.7375178086968747,0.2295388631333393,Ideal,G
-1.2603679072915404,-8.17235804953064,Very Good,E
0.29092450015247096,1.036478100615948,Very Good,G
-0.040801515985338266,7.509185234331429,Fair,I
-0.499339015404078,0.3912182153794941,Premium,J
0.5747208658627537,7.198686964633085,Premium,E
-1.1286502571860169,6.019407158878193,Ideal,G
-1.332558895093762,-0.4060670949882859,Premium,G
-1.2382343634599429,-0.35593471741162935,Fair,J
-0.4010678339488661,-1.4050023990648632,Ideal,G
-0.5264864696722067,-2.8060838694682047,Premium,E
0.017389982557657446,0.8247578949097807,Ideal,J
3.6697846799559946,-8.59118799828751,Very Good,E
-1.1934878671053166,-3.8451011979952527,Premium,F
-0.8628316892355135,0.6623172770439553,Very Good,H
0.29821539207882164,-0.4481824436887062,Premium,E
-0.8118185696407043,0.5380528745081182,Very Good,H
-0.6230419774512944,-0.1872595713812811,Premium,H
-0.5429886925432047,1.8096692627687314,Premium,J
0.2443006944900734,-0.6205716593172006,Good,F
-0.16413287634053902,-9.4081827802976,Ideal,G
-1.2635747770220997,0.6486451471321201,Ideal,I
-0.38733332240792406,3.2845125722432567,Premium,J
-0.6867477377989513,-6.475997567706068,Very Good,D
-0.24690944081647379,-0.34963257944349996,Ideal,H
0.13359292416247803,-0.18908920108171104,Ideal,H
-0.5776600586089797,-3.7199855035764626,Ideal,I
-0.30102425789069526,6.084239764865457,Good,D
-0.12284028898693697,-3.081724243647483,Good,I
-0.30408550320704053,-0.4284610269245229,Premium,G
-1.0321021045339425,-3.94043312347102,Ideal,G
-1.1211605016715285,0.5571611263572815,Premium,D
0.40495311939024603,0.29023794108256107,Premium,D
0.19360617075229358,-4.308609464098213,Very Good,F
0.2512874153241602,-0.5932919291411836,Ideal,F
0.5033807937752994,6.420707986652584,Good,F
-0.11366625240411285,0.7394699658201627,Premium,G
-0.10272017579940268,0.2957129353104235,Very Good,H
-1.0506662974011034,0.33507357733868326,Premium,E
-0.1815201181743601,-0.34671452512315115,Good,F
-0.23708260235944212,-0.7325472060899709,Ideal,F
-0.5005439744514321,0.03972477660013727,Premium,E
0.31469512347402595,-5.6572606358346915,Ideal,G
0.3808930072569733,-0.4766957554503562,Premium,I
-0.6194706079442905,-0.03967111359315322,Premium,H
3.895051093231311,-8.260324955967405,Very Good,F
-1.1796250746371566,0.25641965872252215,Very Good,J
-1.4033902248143155,-4.237384292622267,Ideal,E
-0.3611708657716604,0.16185619776174295,Premium,H
1.7738442563346664,-4.973556122519854,Ideal,D
-1.2892729795954603,0.51899650593193,Ideal,G
-0.41170053930948863,-0.320896580803232,Very Good,D
-0.8513907046298821,-5.9132970442221975,Ideal,G
0.733344330653933,7.6919933902275375,Ideal,I
0.0648303701917533,0.25063387190527037,Ideal,E
-0.6947131803239862,-0.3569014485684708,Fair,D
1.187109937323135,-1.0206791243401785,Ideal,G
0.3957802685687253,0.003088130436538321,Ideal,J
2.497272356573149,-1.2241935882233541,Very Good,E
0.31885458417138934,0.22202991606457947,Ideal,G
-1.2507225061263045,-8.043883637842677,Ideal,G
-0.07312592112259503,-0.9913498182481624,Ideal,E
-1.174971013480326,0.4109444565018121,Fair,F
8.628040499431364,0.7286049864662087,Premium,G
0.45877207808877696,0.32945844341552044,Premium,G
-0.4867541604164486,0.3042637582242778,Ideal,I
-1.1971180574115308,0.3658015542475377,Ideal,G
0.0741986851282112,-0.32502093107525626,Premium,F
0.3072941260974774,6.650000206196336,Ideal,F
-0.956916104398817,9.332425603950616,Ideal,D
0.21927222060758322,-0.21635331618497422,Ideal,H
-0.47362965259690015,-3.9295556760939396,Ideal,G
-0.891353843295359,-0.32877687383474585,Good,F
-0.4578729565287054,-3.657876820389683,Ideal,H
-0.9116219099998699,6.286187250195108,Ideal,G
-0.13925645924175284,0.12717134499416813,Premium,H
-0.7068272901674842,-8.603282289686186,Ideal,E
-0.25085920062715467,-8.064782065187272,Ideal,H
-1.1840536430375974,-0.43216140842257583,Good,I
-0.19393163654483236,-0.6824444234916064,Very Good,G
-1.2492375744366389,0.06159631057780373,Very Good,J
0.988192271738915,0.009763441476502419,Ideal,I
-0.5172156759030997,-0.5284398847710113,Ideal,D
1.3647493571174838,-8.357494780107537,Very Good,E
0.14096737380897734,0.15762845206346254,Ideal,I
-0.12520530883349618,0.4758205456661888,Ideal,E
-0.6129702392196186,-3.9972120744893584,Very Good,H
-1.063230175201348,0.4356714212008861,Ideal,H
-1.0198486855989155,-0.3282078268443009,Ideal,G
0.2961140909456018,-8.144251200828103,Very Good,F
-0.6696327734451147,0.39609184204271464,Premium,H
-0.05887653200397175,7.694001265106463,Premium,G
-0.9008661852071171,-3.989684693837825,Good,F
0.19027453967293717,1.218927627734036,Very Good,I
-0.09354331818676959,-0.3359334799419768,Ideal,E
-1.1855958746725366,-0.5755691339118478,Good,F
-0.7869745002715016,-8.256001625544304,Premium,E
0.47839641541625344,7.257043389966512,Fair,I
-1.3037374190941278,-8.065259226944544,Good,F
0.38801484284676513,-0.32818100089508545,Premium,G
-0.6862519094703293,1.712005341763633,Ideal,I
-0.9301505810666966,-1.7212656126857513,Ideal,F
-1.253660190744459,-0.5683998537306479,Premium,F
-0.8684651420407554,7.227919837332209,Very Good,E
0.1758938336561665,5.9034264903236044,Premium,G
0.48218170493317625,-1.1201149215326658,Premium,E
-1.1731568238154684,6.714693170806039,Ideal,F
-0.46083223043431054,1.2534546321742328,Ideal,H
-0.9142179326521022,-0.030228693065700175,Premium,I
0.33140792462146573,-8.199481095882314,Ideal,F
0.2742955199542736,0.5326860671398546,Premium,G
0.45483783334886674,-0.916669262848334,Ideal,E
-0.43271296148960003,0.8134534866313057,Ideal,H
0.1191025904565105,-8.219837297629203,Ideal,F
-0.143743610800288,0.7837494087508471,Very Good,H
-1.0571892547862451,-0.7252685571831554,Ideal,D
-0.06106910381148456,-2.704842096355218,Ideal,G
0.13193443590802661,-0.17191868861469814,Good,J
-1.3526620303712469,-1.164928914168283,Ideal,E
0.5116463669727016,-2.6661521279394345,Very Good,F
0.46942849861110336,-0.34550436501224197,Ideal,D
0.3373664258705784,0.2734937683807622,Ideal,G
0.08040188414078092,-0.20296981131543715,Premium,E
-0.5429205811597013,0.16215632447114328,Ideal,H
-0.10696938528522015,-9.363916830610519,Ideal,G
-0.2951509089870553,6.82075261239309,Fair,D
-0.22446166144196375,-4.013850322920817,Very Good,H
-0.26163306945514125,1.120156056238004,Good,E
-0.20126245423535224,-1.004144591056582,Ideal,G
-0.4386369952404154,-3.5717654939727495,Premium,H
0.21073772347716535,5.908414723891033,Ideal,E
0.2630596466424515,-5.035498903402345,Fair,G
-0.6296909205414729,-1.2514426459242736,Ideal,E
-1.1582526368627764,-8.328101393400345,Ideal,E
6.516406384980892,6.564362504176074,Ideal,H
0.46923591023973266,0.5249145990058403,Good,E
-0.36469805723507537,1.6985045733579411,Ideal,I
-0.001344043768463754,-0.3182304440693049,Ideal,D
1.2647575255634593,-3.838505058936585,Very Good,G
-0.5019861166999591,-0.3823563352652338,Premium,G
-0.6216937999060581,-0.9661575496435627,Premium,H
-0.2405787357200864,-3.9876996088685535,Very Good,F
-0.9072814297446447,-0.15459444463083072,Ideal,G
-0.6016230581559042,0.48342787497239437,Good,D
-0.1490674026853342,-5.874881213040457,Ideal,G
-0.7629564403512947,-0.7202148852289973,Ideal,H
-0.53232199009221,-0.1827373076704653,Ideal,H
-0.7259798246045028,6.845355362318126,Very Good,F
0.1949901888949761,0.3718657566993181,Very Good,G
-0.8283392358402699,-0.5963179470891252,Premium,F
-0.9207574858646218,-0.693711660055194,Ideal,E
3.061956699261551,6.342362676746565,Fair,F
0.36275698333035367,-3.735344996348073,Ideal,G
-1.413275046891456,-7.861073855012945,Ideal,I
0.6723479676985488,9.398181830789479,Good,F
-1.0238840823968638,-0.32259904411733253,Premium,E
-0.5687472659019687,-0.3159368877435092,Premium,D
-0.1508614075107667,0.2160103341506939,Ideal,I
0.3167565335142617,-1.1383260341721253,Good,G
0.3425717618433364,0.3835006977136391,Very Good,G
2.637206728106709,-0.3894400813582685,Very Good,G
-0.9648654576617786,-0.8859881708212464,Ideal,E
-0.24532786906094006,-0.4904932215691202,Ideal,D
-0.6160948516392928,6.915266405612601,Ideal,I
-0.26440611949930604,6.623154701151478,Ideal,D
0.09807157644049497,0.0393301598160306,Very Good,F
-0.4417298829977202,-0.14775660020262954,Ideal,G
-0.19087812785105687,0.06434290873699894,Ideal,E
0.07251467854055116,6.241820598306418,Ideal,H
-0.25759530172523554,-1.9457329171385453,Premium,F
0.2516800715792591,-8.253948712486762,Premium,H
-0.5528057323133326,-0.5384142585811417,Premium,F
-0.06541888579935573,8.599642755615509,Good,I
0.4905717166188601,-6.110866589693251,Ideal,G
4.767376614346664,0.07124396734097421,Very Good,F
-0.20300883218658772,6.427015703083826,Ideal,F
0.02948192537228539,-0.06508158305628234,Premium,D
-1.3279740254606969,-6.148973055031689,Ideal,F
-1.1059072518513255,-0.9988815772764599,Ideal,H
-0.6348853640814976,-0.18532491846457394,Very Good,D
-0.4762305913739923,-0.06791533116655146,Ideal,E
-0.050251089717219366,-0.5830253861978149,Ideal,G
-0.8166746342903735,0.9593849132299344,Very Good,J
5.631244728861749,2.7634508879010093,Fair,G
-1.1770637412821698,-1.808065204065159,Good,D
0.04063741914615693,6.607694154327796,Good,D
0.21426982604998868,0.6500328051560317,Very Good,H
-0.7898646181458333,1.9807429631787656,Ideal,J
-0.3806035767196696,-0.7764570118554134,Premium,E
1.9130151812192904,-4.124558334456706,Very Good,F
-0.5977424719677875,-3.0818985235430145,Premium,I
-0.1805432142455195,0.3820489481831519,Premium,G
-1.0516590555225331,0.05845162005814001,Ideal,H
-0.31981457940348995,0.18009833499216757,Premium,E
-1.3521410189481016,-4.0486294710834025,Ideal,F
-0.46806095986430074,-8.129486734305223,Ideal,G
-1.417876277029336,-8.151839529316664,Ideal,G
-1.1572401839823465,-0.024390933261820354,Good,G
0.43243371491343696,0.9026856168445497,Very Good,H
-0.21752877469524579,-0.8655160676417272,Ideal,H
-0.8550699720674863,0.321621468093395,Premium,I
-0.6895318641725079,0.25378267334178556,Very Good,E
-0.27971365781610247,-8.300270655328902,Ideal,F
-0.089626906718687,-1.7092100719814598,Ideal,G
2.7511533851193946,0.0030997518217944983,Ideal,E
-0.5269670769522051,8.02434540894413,Premium,H
2.3729704444612425,0.29382938056699365,Ideal,G
-0.6919127435116768,1.6564904086834757,Good,J
-0.6839996838686426,-0.9814571198934082,Ideal,E
-1.1487354682923665,0.7322475736013598,Ideal,H
-0.38165321633454136,6.829950754237842,Very Good,I
-0.5898504972794012,6.722320237667569,Very Good,D
2.6654688970553284,-6.033238735135786,Ideal,F
-1.21590402893223,6.4562719654948735,Premium,D
-0.3708058937266331,1.3253378456853935,Fair,I
-0.7699414060499423,0.7952900411423116,Very Good,G
3.653155570561257,-4.2552647712074,Ideal,F
-0.9732268054005214,-0.2195937914742421,Premium,F
-1.000902483539627,0.4912590089726988,Ideal,H
-1.140829395593654,0.5678486669427046,Very Good,I
-0.09567029112322323,5.9594117073790995,Premium,H
-0.3130867626059347,-0.4726092170305756,Ideal,F
1.6866009541371914,-1.1268680891648148,Ideal,E
-0.880103503275867,-0.37660115624230545,Ideal,F
-0.992131799999684,-0.19467738508418145,Ideal,E
-0.0068616116181559605,6.491639137216328,Fair,E
-1.267879430470329,1.6275865874469528,Premium,J
-0.3009743747685183,6.473706585427297,Premium,F
0.4718676332157583,6.689275784376133,Good,F
-0.5675564584327809,7.763557539247843,Very Good,H
0.5794474640167561,6.7810134608235915,Ideal,H
-0.45051220169108563,-8.784571235622565,Ideal,D
-0.7813898341060131,-5.355621395437884,Ideal,F
0.3827324997255651,-3.9603040676399806,Ideal,G
-0.1838204305987407,0.41409119681399664,Premium,F
-0.7221366518536518,-6.089203154608483,Ideal,G
0.09942440560697857,0.5437142155140895,Premium,H
-0.9168489698992461,-1.3870601967814926,Ideal,F
-0.464432857845602,-0.5074331208456988,Premium,G
-0.36546835379610887,0.30060757983465614,Very Good,E
2.7787689793643047,6.266326198628138,Very Good,G
0.3296132503241873,0.39730728277547284,Ideal,G
0.0864794660997244,6.978500280860302,Premium,G
-0.19569779853556896,6.469521764346265,Ideal,E
-0.4529847140884851,-7.770693753569539,Ideal,I
0.24185479586056569,-0.12856339853280263,Good,E
-0.22503929936354422,-0.7774613775043532,Ideal,D
1.6999315422915835,0.6757842523452852,Premium,J
0.34978702003954876,-4.396983498488495,Premium,G
-0.5886201213725513,-0.45724266917654083,Premium,F
-0.13297577721425843,0.6043407848338845,Ideal,I
-0.669960687933263,-0.25601190845972127,Ideal,F
0.334432411082504,-0.15091095715879888,Very Good,G
-0.8363337201639782,-0.347765585661022,Premium,E
-0.39473128656961287,0.6263412308956949,Fair,F
-0.7407851060762682,0.8121787187928972,Premium,H
5.624139303598846,-3.318082765245091,Very Good,I
0.19983658978085683,-6.1411097413082425,Ideal,G
-0.5329001666421989,0.8140318298122204,Fair,F
-0.0041190281006580065,-0.23136431115300302,Very Good,F
-1.1629939432846363,0.2174105076982473,Good,D
-0.335074619533124,-0.9678366966231706,Very Good,G
-0.2445096001578624,-0.8104779739654101,Good,I
-0.7761200427183712,6.028147087842882,Ideal,D
-0.5436388636495053,6.445963366483683,Premium,E
-0.9928966647642962,-0.4884349260415463,Premium,D
-0.20947300365896987,-1.9723852107722624,Premium,F
-1.1876766454269458,-0.22396274949032172,Premium,D
-0.3893150550867226,-1.057073114416122,Premium,D
-0.5304720850940473,-1.0739214747992283,Very Good,G
-1.4210610245031834,-6.117743127227004,Ideal,F
-0.921388453709933,6.513715319800366,Good,D
-1.1647973449964049,0.7379758038500526,Good,F
-0.11734307801334234,0.26826301238419126,Ideal,E
1.3065685699658776,0.2977944041894377,Ideal,E
-0.17364584885788942,-0.42417176121388567,Premium,G
-0.7785757290110258,0.3236928512288921,Ideal,I
-1.2029020384281148,-10.416226249067156,Premium,G
4.66157901090793,5.596289861492341,Ideal,F
-0.45542541065393827,-0.17754055862579157,Good,F
0.06542324286904821,0.32041401679258913,Ideal,E
-0.5351041912395412,-0.6494185604750738,Ideal,D
-0.6879517693843998,-0.05996853383317366,Ideal,H
0.024045145343400964,6.286506311855366,Very Good,E
-0.9327089187954606,-0.45535211142818305,Ideal,F
-1.0870306016968256,-3.5839273432471397,Premium,E
-0.7624284742283214,-5.426533787454233,Ideal,F
0.48359376704605617,-0.7693768881193636,Ideal,H
-1.2548706377344887,-1.0955532112111246,Ideal,F
-0.6752687997316769,0.38120516324256687,Premium,I
3.4546268485101446,-1.2486627739707443,Ideal,E
0.23766228305798098,-0.3700660585611814,Premium,H
-0.048121703441501795,6.238583713968771,Premium,F
-0.40463720902868866,-0.4052104860861095,Very Good,G
0.3960602396676819,-6.014852324318005,Ideal,G
-1.1841441724571824,1.5787898504402358,Very Good,J
-0.1302525662807642,-0.5894660691402831,Ideal,I
-0.30040037755888216,-4.086244745341045,Very Good,E
0.3282172987906624,0.13852711724456832,Premium,I
0.1303254431756654,0.6609362545875562,Good,E
-0.8888832007984016,6.004191027519817,Good,D
-1.2308421126935736,-6.650323946260414,Ideal,D
-0.3805169997522509,-0.9886756683156169,Very Good,F
-1.0649384242496185,-3.786946884779412,Very Good,E
0.4643371754812544,-0.4422394497669442,Very Good,I
-0.8197024837423996,0.5217813173671246,Very Good,G
-0.2984544466254919,-0.41031421237276616,Premium,G
-1.0689151676377944,-0.3450126804990424,Ideal,E
-0.4284359785071859,-5.7181455063353015,Ideal,F
-0.13062754089487222,-0.05669184051652841,Very Good,G
-0.5294589756780397,-0.2341039616263271,Ideal,H
0.2899556918414725,0.40073527386989055,Good,H
0.3364102890308064,-5.463142276112858,Very Good,F
2.9049704374290846,-4.027848711452768,Ideal,G
0.4247434464543809,6.744219753424201,Ideal,I
-0.29211190866767506,-8.509211572888692,Ideal,E
0.3295248698930169,-1.617531339076678,Premium,G
-1.0019096499286495,0.6239819659286956,Good,D
-1.2323919089274582,-0.5296852009733528,Ideal,D
-0.8364762649088575,-5.419371413970848,Very Good,J
-0.779081951292995,-4.134581103972316,Premium,G
0.5426977304240733,6.891172418700085,Premium,D
0.4562489932114462,-1.2057184302910295,Ideal,G
-0.44119517180004814,-3.338997946733936,Very Good,I
-0.7739390277404348,-0.46975270198763064,Ideal,F
-0.5767476524684827,-0.2712913889123718,Good,G
0.47476697141211,-1.0783968115263922,Premium,E
-0.8713870668068311,0.19404372026102026,Very Good,D
-0.3782454407059876,-0.8373998114280096,Premium,E
0.44182926204812745,-0.5270682883663137,Ideal,E
-0.4251893401885656,-0.02515739474823644,Ideal,F
0.31418380944140967,0.1314960775405183,Premium,H
-0.12240072137232175,-0.8501410047232159,Very Good,E
-0.13381194168406943,-1.1006626504478834,Ideal,D
-0.3355609944012609,-0.9238627045293651,Premium,E
0.12792296101863238,6.525929818549292,Premium,F
3.159921977947313,-0.9488161856266704,Ideal,H
0.2701679200889848,0.23638977230157074,Premium,G
-1.0802995941577462,-0.4819547563859405,Ideal,G
-1.107988293873965,0.04038140470181336,Very Good,H
0.3532173607997391,-4.306550212172046,Ideal,E
0.4101906488887904,-0.9760608488361205,Ideal,F
-1.3136137742162317,-8.823087800966627,Ideal,D
-0.18974791587523418,-0.5693403561512878,Ideal,D
1.8001281643102067,5.357902766956913,Premium,G
0.1413569424005034,0.16466842829869846,Very Good,H
-0.5747847879649548,-0.33197724926014155,Very Good,D
-0.8415763901611233,6.0269685825541215,Very Good,E
0.2595734685693625,0.13101394082862355,Good,E
-1.0482446262240726,0.0039656082616828445,Very Good,E
-0.6668020380851389,-3.784666678272247,Very Good,G
0.05868537373998878,0.3993958320652904,Premium,I
0.12225480235798214,-0.011512207273572217,Very Good,H
-1.1093979298598793,-3.9869914741493466,Ideal,G
-0.4208178996621943,-6.212398511349104,Ideal,G
-0.6344729442433386,0.11397907133042562,Good,F
0.23589046883761855,-0.3457033483551788,Ideal,G
-1.3265879039569515,-0.2421359016632492,Very Good,D
0.1980208798576556,0.35483129462369867,Premium,E
0.2292850749193408,1.1178083859829826,Ideal,J
0.3808724438458091,0.9447160042324558,Very Good,I
0.42939110161724103,0.8902198073968338,Ideal,I
-1.154494312838624,7.260643363929139,Very Good,I
0.27866511688711404,0.6445014377499851,Premium,G
0.312818981592373,2.62216990727176,Premium,E
-1.209103459528313,-3.863212007287183,Ideal,G
-1.0521238864750304,-0.9220179357831974,Premium,E
1.1424078270442113,-0.558391536597234,Good,I
0.45354266756923334,-1.0626326249726874,Ideal,E
-0.21997383978083934,-2.27939472233729,Premium,E
-0.11640931563400714,-1.1931180657013427,Good,E
1.798960373770158,6.745246318384556,Ideal,G
0.11827679927311735,6.14723664262467,Very Good,D
-1.0033920258234736,6.4748372913009735,Premium,F
0.3717120794527753,0.4803361298478973,Good,I
2.591771746434276,-0.8758023748232435,Good,F
-1.3511013756234573,0.5217239917516011,Good,E
-0.0006766393268239912,-0.9251794294941872,Ideal,E
-1.0487960521226014,-0.6518366855066545,Very Good,F
-0.275948663617139,-3.710590577135901,Ideal,H
-0.05213212489492525,-5.956328388659079,Very Good,F
-0.6858195991382892,0.0295497131700826,Ideal,I
-0.44406967031361455,0.5314975584710111,Premium,F
-0.06542158292280764,1.660002629928901,Premium,I
-0.060422229229892765,6.923079837026136,Ideal,H
-1.093622748275679,6.038100521017515,Premium,H
-0.049211029026448305,0.5807775341270398,Very Good,H
-0.5775232165150178,-0.68262997167241,Ideal,D
0.4390688974015814,-0.914845664463504,Ideal,G
0.06771848715028145,-6.29213427687374,Ideal,F
-1.0920520046988147,0.730105582616949,Good,G
-1.049975116651107,-1.0190255740493679,Very Good,F
0.3037200798943286,-0.3321425359024733,Ideal,E
-0.4684794042938775,-3.4819810812931444,Ideal,G
-0.1167391024819732,-6.213541005799723,Ideal,G
-0.7780070505813106,0.3158186501518049,Ideal,H
-1.2719054982523148,-0.4715478452569067,Ideal,G
-1.2238797419172565,-0.5254378237468684,Ideal,F
0.13093169446188374,-0.38034657298916963,Premium,I
0.4062062015861877,-0.2650729243294822,Ideal,H
-0.2282106263083742,-4.346844583780609,Very Good,D
-0.43628105011682655,-0.11230072434237637,Fair,H
-0.38204568114194465,6.89558536445038,Fair,H
-0.8448334557699892,6.328962233774285,Ideal,E
0.28576173955934825,-3.916842403402038,Very Good,E
-1.0826355850659208,-8.073192087498587,Very Good,G
-0.40653823671024186,-0.48563215827332984,Premium,G
-0.29993058454764987,7.031897869565869,Ideal,H
-0.2393312682054238,-0.008401276381817195,Premium,E
0.24853805460602307,-1.0037086458602333,Good,G
-0.5378036358518372,-4.113510166155209,Very Good,F
-0.21003455997526205,-0.429940359108616,Premium,H
0.2808494225942063,-3.9927806004838713,Very Good,H
1.6853852029571201,0.554408415536155,Very Good,H
-0.5621188685193821,-0.7165772259643709,Very Good,G
-0.23539504114833804,-0.8748008684170583,Very Good,G
-0.9325208322945242,-1.0911386475121867,Very Good,F
-0.7021856702159315,5.935299029841361,Good,D
-0.192937716535894,-7.82433317184479,Ideal,G
-1.2186551359935096,-3.9414262285685084,Ideal,G
-0.37002222400729207,1.8918519795259159,Premium,I
-0.6499454572268253,0.6231505282808023,Premium,G
0.2730307201773392,6.322157927351118,Very Good,G
-0.23062223833115014,0.3002924310177605,Ideal,E
0.10828283860190235,8.674780956230617,Premium,I
-1.179874754495501,0.06134843925178072,Ideal,G
-0.22244663315854157,-0.06523386538110618,Ideal,D
0.026734273023347743,5.946272553878917,Premium,D
-1.026963819871344,-0.4793955330319315,Very Good,G
-1.0920617510989268,6.467562794031645,Good,D
-0.24409597413345938,-0.3983496546164516,Ideal,F
0.481975861251279,-0.34180683583940746,Premium,I
-1.0745997137289303,-4.561871546617906,Premium,J
0.06193430057158905,0.19297606051372077,Fair,E
0.41767268340548613,-0.8359178979844477,Very Good,F
-0.34180839994519774,5.969988991428217,Premium,G
-1.3090334048896786,0.1026733382588314,Premium,H
-1.181551163369611,-3.9451169325530127,Ideal,E
0.3684731816724168,6.612046534052457,Good,D
-1.1098906875145549,6.80047630494117,Premium,E
0.16665689457987476,-4.016584099153296,Very Good,E
-0.6158183536327662,0.5779486059703282,Ideal,D
-0.5484605955936191,-1.097327342108061,Premium,G
0.25715440717604887,1.0426463918557423,Premium,G
-0.34384674769287343,-0.4475324843323155,Very Good,E
0.2012640693973542,0.4105048276371296,Good,D
-0.7959326347129267,-0.08545658330076308,Very Good,G
-0.46391467851390655,1.4850159604239597,Fair,E
0.34703351805312554,-0.16376897018645456,Very Good,F
-1.2451199818494474,-6.133492736317121,Ideal,G
4.496273367710828,-0.08242082409720955,Premium,E
0.23061562729546747,-3.7701617226685835,Ideal,I
-0.5036985539737362,-0.3187451435594868,Very Good,G
-0.2226365039730559,-0.3490389930561416,Very Good,F
-0.13625594379208633,-0.15695927430503012,Ideal,E
0.11168962282472267,0.5899872589858214,Premium,F
-0.48329561656803105,-0.05827165081705846,Good,H
-0.6746635526178636,-0.36068598699693616,Premium,H
-0.27168836531248425,-0.27410272996506035,Ideal,H
0.3395095386275644,0.1385269504209866,Ideal,H
-1.185731733172793,0.1456169714313202,Premium,E
1.7012434804264882,-4.016352526733864,Very Good,H
-0.3319785470539034,-4.196023833259727,Premium,E
0.011891139102760906,1.9119553799629352,Ideal,J
-0.9330156416334224,0.1922419828177053,Premium,E
-0.4218176574318588,2.9676180003212824,Premium,J
-0.9584462560117551,-0.3987482567837753,Premium,G
-1.2147639287093988,-0.5861693432153523,Premium,D
0.46563814567220796,1.4636643860599867,Good,I
-0.18724662600687783,1.0600826694049545,Premium,E
0.2452537659338503,-3.571690382890709,Very Good,H
0.2685033559351534,6.468356134076114,Good,F
-0.09608287954287048,6.537353407946971,Ideal,F
0.07981698511156987,6.712355261737726,Very Good,E
-0.9275682981787183,-0.36939950392984594,Ideal,D
-0.47269738858913235,-0.5009961559395636,Very Good,H
-0.8255742752163027,0.4642346533292816,Very Good,F
-0.9763728912450456,-4.0132758760164675,Premium,D
0.01622653203798141,0.7005198658982703,Very Good,G
0.24217919292878942,7.025638789299639,Premium,F
-1.1024270216674354,-0.5056501136894005,Ideal,E
0.1907029272284062,7.379679695679554,Very Good,E
-0.6856621914719199,0.4426647575808762,Premium,H
-0.07432952464272946,6.544602017411582,Ideal,E
-1.1536873363122058,0.6690203610714988,Premium,H
-1.0212687146929302,-1.2244792390851449,Ideal,F
0.24984213753743667,-3.2258627908940136,Ideal,H
-0.4351597022410064,-11.22515924330471,Ideal,E
-1.1005243859424798,-0.841490095883602,Good,F
0.2086772719537564,7.251680100802835,Premium,H
-1.0836081938832995,6.17762811856587,Ideal,F
0.21580445871251142,-1.1392455127263053,Very Good,F
-0.5344791963006557,5.849988316656403,Good,G
0.25001245252964677,-1.5759299653097576,Ideal,G
-1.082872578667732,0.3616363891402748,Good,E
-0.5889405859001025,-8.004586108839947,Ideal,G
-1.243353818753903,-4.069743412438033,Very Good,E
-0.8682509143939593,-3.874736482808145,Premium,G
3.832053627744399,0.23335181977868932,Fair,H
0.18309219745999927,1.4416943433485234,Premium,I
1.6088623079160294,-8.28932750122455,Ideal,F
0.4977363847269326,0.1551399341194786,Premium,H
-0.29216805178753713,-0.33667167275948756,Premium,G
-0.1788146341284672,-5.725623008016257,Premium,F
-0.0041453033166817255,0.43858542141260026,Very Good,D
-0.654483619907837,0.46270716224507114,Premium,I
-0.5681041069026865,-3.6757994721091856,Premium,H
-0.012543159551052674,6.445665618879839,Ideal,H
0.41084412179060725,0.3091304659491398,Premium,E
2.01540621993171,-0.810751996794587,Ideal,F
0.014508835890665428,-6.126686123570926,Ideal,F
-0.7640844449326951,6.550296710425494,Good,G
-1.0313110368785385,7.2208951958176115,Ideal,H
-0.9852196661643216,6.052167218204169,Premium,F
-0.47295893875787604,6.542890975785535,Premium,F
-0.6048744567911353,-5.652517271614844,Very Good,H
-0.10321245858631639,9.402240834022214,Premium,H
-0.0572091799471901,6.224181933245428,Good,E
-0.2511984755819285,0.3717598904916217,Very Good,D
-0.21357089550681366,-0.11602003915237216,Good,E
0.2595427832254976,6.660869665750066,Ideal,E
0.18169460252731817,0.6531165319664497,Premium,G
-0.5534413283027774,6.467260512464079,Premium,E
0.023608202803106937,-1.221398221720085,Ideal,F
-0.9820488287693465,-1.0660125470348327,Premium,I
0.07433514822679665,-1.7803101837612034,Ideal,G
-0.7573065347596624,-0.43097527090207083,Premium,E
-1.142063397605296,-5.735383782383118,Ideal,H
0.36928583950213956,6.56546207884365,Ideal,H
-1.249166082471146,-0.5131474255987946,Ideal,E
-1.0030566353394588,0.3604790550388186,Very Good,D
-0.7194701582546452,-4.1433182074059784,Ideal,D
-0.6367005612513288,-1.9298983629300313,Very Good,F
-0.04290350135022136,0.381623456759051,Very Good,F
-0.5347326417733004,0.3439268531162768,Ideal,D
-0.8016115506361694,-1.17802225332601,Very Good,G
-0.7704506799343178,0.12161498735820761,Ideal,G
-0.2657690913041582,-0.17737418397442042,Ideal,F
-0.20556487496857423,-1.030610170159297,Ideal,G
-0.5821099679859401,0.053928647614183,Premium,F
-0.3611573539151433,-3.8142449425560985,Ideal,G
-0.4364777501303175,4.218142546148478,Premium,J
0.3286257234680031,-3.80861394908531,Very Good,E
-0.787429862721561,-4.268010267627671,Ideal,E
0.6900421857776023,-0.03766303254124832,Ideal,I
0.31770115247631947,-0.3273580231796224,Fair,F
0.4342041461649211,0.4809408752538965,Premium,E
-0.024264472786101943,5.866162087510233,Ideal,F
-0.8986955554977457,-3.2793985646615,Ideal,H
-0.7034072328761323,1.5035817883142024,Very Good,I
-0.3464076569917481,5.970913886597164,Very Good,F
-0.11211657425587426,-0.32178842653199596,Ideal,F
-1.1643129682108677,-4.091011799954237,Very Good,E
-1.288713001782006,0.18712289596571294,Ideal,D
-1.3304218822928007,-9.342277540566712,Ideal,G
-0.7326076031290885,0.2747502381391867,Good,I
0.4070654809803932,0.33951439286043833,Ideal,D
-0.6440901383367204,0.8356273533782007,Good,E
-1.1899166791454225,7.886950651781739,Ideal,E
-0.5813579122015613,-1.0882617268593469,Ideal,G
0.2474765677894626,8.196331009001467,Premium,H
0.16189226284988134,6.1725635343172565,Ideal,D
-0.10653283712585818,0.212940867076472,Ideal,E
0.03943344195901599,-6.062963438087166,Ideal,E
-0.7877219367856652,6.308531280779155,Premium,E
0.2318034625211317,-0.09781331983708079,Premium,H
-1.198240993476086,-1.0244301484363394,Premium,H
-1.1208824376542872,0.5078918168635402,Premium,E
0.38439696436391657,-0.25664448627929637,Premium,G
0.4433594525982464,-0.2616747990699413,Premium,G
-0.3075821128912427,0.12351460497100145,Premium,E
0.20433651159792787,-0.8618983490404976,Ideal,F
-0.10188661688932893,0.9364599030026061,Very Good,E
-1.4130139857885502,-7.959709727188025,Premium,H
0.41946928948126205,-0.28835257038238354,Premium,E
0.2683815220808592,6.689342347623094,Premium,E
-0.0984264981585688,7.603568253620093,Premium,I
-0.8413404624737734,-1.1637616579427603,Ideal,D
-0.35263569820981056,6.089774804578241,Ideal,D
0.25486995625900133,6.538163195654103,Premium,G
-0.4119866336354643,-4.7803187711569315,Ideal,G
5.422858431724783,-4.27109930703596,Very Good,F
-1.2064050488695193,0.041252617587318456,Very Good,I
12.884427542173722,-4.446591439122398,Ideal,E
-0.3444086719290849,0.18995460231858627,Ideal,G
0.2428747891685329,0.5440876411034566,Good,E
0.3653267424687814,1.6618400515724987,Ideal,E
-0.8330311700893327,-0.7383345276865034,Ideal,D
-0.38481979595574567,-0.7301863371958998,Very Good,G
-0.39743471529211494,-0.23164359471887133,Very Good,D
-0.4609240473854658,0.20354551636812748,Very Good,D
-0.08163414931856122,-3.9615755670927766,Good,F
0.0894612301037776,0.4306941545916548,Ideal,J
0.03952988595904544,6.273398175296244,Ideal,H
-0.0013970982072430416,-3.7817414083673015,Ideal,I
-0.27924114044835824,-4.091137170135479,Very Good,E
0.1917644580448179,6.767995597860694,Very Good,F
-0.6729462639816555,7.843986877398634,Good,I
-0.3672358464569771,0.32691996417785807,Very Good,J
0.5804926626615035,8.64714765689623,Ideal,J
-0.7766316603004884,-3.9220140095746716,Premium,G
-1.1891566803510747,-4.39784712171741,Very Good,E
6.067887355503915,-1.2046693919768978,Ideal,E
0.5473194108083038,7.069677668818639,Very Good,H
0.479666279751114,0.17441210035664964,Ideal,E
-0.8204950995140644,-7.761540905733504,Ideal,I
0.3297992631430806,0.27974037332760887,Premium,I
-0.6632237841326047,0.7391361556002833,Premium,G
-0.8100235044527846,-0.8152501495895155,Ideal,G
-1.320195467586672,-4.1663380048542145,Ideal,D
0.20482310289245675,0.39267694004547865,Very Good,F
0.14610919895480756,0.569657745180662,Very Good,F
0.2649356939863544,6.6996782409079145,Ideal,J
-0.5719472948048294,-0.31722330053426784,Very Good,D
0.4626375120319488,1.042022041539206,Premium,J
-1.123821528153657,-0.4641103324869409,Premium,E
0.2621341904623171,2.245782831114784,Premium,I
0.5033974024319382,6.2182430671971956,Ideal,F
0.3372932469750626,-0.987302683726724,Very Good,E
-0.4045100868072653,-3.4033547009334777,Ideal,I
0.23270835353464536,0.5405126616666405,Ideal,H
-0.23188498750034464,-0.2735809537905519,Ideal,H
-0.9761329712201803,-1.1327251877804365,Very Good,F
-1.2371644100713537,-1.8296326417949447,Very Good,G
-0.1719861822442059,1.6959372039356262,Ideal,J
3.337656258912666,-1.2078316178282633,Ideal,G
-0.3021878032203281,0.04700513025674428,Good,G
-1.251427660733499,6.553476923456718,Very Good,H
-0.7977631838581503,-0.4095846231104974,Premium,D
-1.041401001487837,-1.2866801341240088,Premium,E
-0.04134067189130686,-0.5701322259857179,Ideal,E
-1.2371368589198086,-9.88416480473301,Very Good,F
-0.21035761093279173,-0.42476365632530194,Ideal,D
-0.9349959906716199,-1.3078702285278119,Ideal,E
-0.036672398807967466,6.202472598269925,Premium,D
-0.21489631698984551,-0.17193069648381099,Very Good,E
-0.3421359600400642,-0.3104423755813442,Very Good,G
-0.09409677922643184,-8.123896386363374,Ideal,G
0.07876880773509654,0.2834649551939248,Premium,F
-0.4192880882892526,-0.014081645202194293,Very Good,H
-0.4202541788921614,-0.7033290974715931,Ideal,E
-0.8443545269413504,6.260746670025288,Ideal,D
-0.7112960227774383,-7.990535059391478,Ideal,G
-1.249399956373546,-7.907671502163865,Ideal,G
0.458016747383712,6.901067520034286,Premium,G
1.6288000023967744,1.7665067393315435,Premium,I
-1.0230075743111162,-0.6855836141505529,Ideal,E
-0.8980708197488982,0.10587820917106924,Very Good,G
-1.1667821684944872,1.8646558446498942,Premium,I
0.43869145967218126,5.946981337031038,Very Good,F
-0.3098076897691338,0.6341128686114799,Premium,F
-0.887859928273326,1.402812434809915,Good,I
-1.0189094854747518,-0.6847086859229077,Ideal,E
0.1567483272234429,-0.3723601381111326,Very Good,F
0.1549793313017711,-1.8378649561452167,Premium,G
-0.3857583927101417,-2.6989541003531863,Ideal,G
0.14188443401613487,0.8305786899063222,Premium,F
-0.838971460187042,0.5610318331077382,Premium,F
-1.034054425048595,7.289467136136398,Premium,H
0.328340479527931,-3.940812409588327,Premium,E
-0.3871982201174416,-0.09268193594108674,Very Good,I
-0.25249714898259706,0.8141031597471612,Premium,H
-1.3250203734866806,-4.722163205192383,Ideal,F
0.5004476976100477,0.657331068406282,Very Good,F
1.6106740735752982,-0.16019251899227963,Very Good,F
1.4473364006615506,-0.8551562901275662,Very Good,F
0.22169537080569734,-3.7185423002946045,Ideal,I
0.32428949287373254,-0.06584151386665588,Fair,E
-0.6762084493232516,-0.09890345271392381,Ideal,E
0.21976109282398593,-2.488941805745255,Ideal,G
0.4315778005939237,6.157599263477576,Ideal,D
-1.3000291600708864,1.5602021748601869,Good,H
-0.21242101287331516,-0.3062153548101407,Ideal,H
-0.029571743342557966,-0.49715694597640414,Ideal,F
-0.3849008841063885,4.240121827362433,Fair,H
-0.12884354637499706,6.005435070921139,Ideal,E
-1.121550353496242,6.922905642660546,Fair,D
-0.6822268299585006,7.486421535399391,Ideal,J
0.24629714085887044,-3.72184895366665,Ideal,G
0.2631131559954475,-3.9856274585777203,Premium,D
-0.4256058256896699,6.433612778987913,Ideal,F
-1.0377464421479536,0.2913989216492725,Ideal,H
0.17159201693491932,0.019313938305659466,Very Good,H
0.4715623198157466,-1.5170045402392887,Premium,G
-0.7691917743004275,-0.6521471621347746,Ideal,E
0.14462675935206454,-0.9971596804339552,Good,G
0.4144345187304572,-0.15028600846287501,Ideal,F
-0.606682898166205,-8.172794547006461,Very Good,D
0.4868006855117547,-0.15688957923208013,Ideal,D
-1.0704914721739152,-4.685505193852541,Ideal,E
-0.7701174380006328,-1.1044511673988329,Premium,F
-0.4672153105037047,7.072770970114043,Premium,G
-0.7778345046271378,-9.028980685945365,Very Good,G
-1.2115673359627999,0.6215812450003436,Very Good,E
-0.7332780217891648,-3.9576911695229033,Ideal,D
0.0585364975377739,-10.727156241077793,Good,E
-0.261886302416305,-4.028127914663849,Very Good,E
0.21842728640616071,-0.8797946107374064,Very Good,G
-1.2561605530025082,0.4255220750186681,Good,E
-0.9971727016592292,-5.749437809419183,Premium,G
-1.153617312834782,-0.382376468341693,Premium,G
-0.5129058584538546,0.3629314630528753,Premium,D
0.3196010907719806,-0.726439422222971,Very Good,E
1.295449673300249,-1.7824753801576798,Ideal,E
0.49023174663161917,-0.7526784688226658,Very Good,G
0.9613910477668713,7.513302779895275,Premium,J
0.5155457984456399,8.229084787748794,Ideal,F
0.1782661330021339,2.5674268857183513,Good,J
-0.14659685302551367,0.2865729776912771,Fair,G
-0.9798356926462494,6.87591194934975,Very Good,G
-0.3456129125980343,6.0891728020935485,Premium,E
-0.1961856158706093,-1.106582334247545,Very Good,H
0.20237094640003517,8.996930722900194,Premium,H
0.5336363272272441,6.333301436185923,Premium,D
-1.2031215347163375,-8.060348341692588,Very Good,G
0.08079665241036404,0.9956815629986338,Very Good,I
0.4671321280086601,0.2469182139316323,Ideal,H
-0.1856076389193493,1.2755395388443254,Fair,I
-1.003710880283387,-4.109648543018838,Very Good,E
-0.8784578934619449,0.9829130197098328,Very Good,J
-1.3076691592761205,1.4926708710978802,Good,H
2.7253808581380996,-5.978161482363828,Very Good,G
-0.9447552673708921,1.5952610879576568,Ideal,J
-1.121740181165924,-4.876064634024573,Very Good,G
-0.5462529361481814,6.751806367935881,Premium,F
-0.6697358146037482,-8.441228894297122,Ideal,G
-0.6094119152614571,0.9241712815023291,Premium,H
0.15297423116489095,-1.0188201665442975,Ideal,G
-0.35158926388765593,-0.6778118354639635,Ideal,D
-0.36378336754753376,1.4496655548137052,Premium,I
-1.2737017837326934,-0.9382351629328617,Premium,H
-0.26835002278810993,-8.21890918678816,Ideal,F
0.3714383952802307,2.858488361995616,Ideal,J
-0.10044100647456583,0.44406562413316303,Premium,H
-0.4930549839584998,-1.1837984490004532,Very Good,E
0.4869833240361112,-0.21898918089481859,Premium,D
-0.20105522607912668,-1.9163180884208109,Premium,F
-0.9100016651066398,6.407786525012803,Ideal,H
-0.39893632876473123,-8.105062659218374,Ideal,F
-0.3846956386692669,-0.11631100768895294,Ideal,D
-0.43984767763056803,7.8327904182461054,Very Good,H
1.3461405676907638,-8.248811223571408,Very Good,E
0.24640520020478396,0.6765169203236816,Good,I
-0.09477317090134046,-3.970135469694138,Ideal,D
2.253317577774176,6.855925659789823,Ideal,H
-1.2974105187091234,-1.3736747399070734,Premium,F
-0.38857305053369695,8.585165889615574,Ideal,F
-0.48006951708209644,-4.368168278105336,Ideal,D
0.31071128801426373,-2.4184698107463527,Good,I
-0.3809513909540086,-9.28762492623357,Ideal,G
0.22573148618648464,6.57849147332287,Ideal,G
-0.8421649494766674,0.03622272768014836,Fair,F
-0.228798018242186,0.26587218802595153,Ideal,G
0.2622271497947838,-4.393354334581675,Ideal,E
-0.07918760309273493,-3.576202748268875,Ideal,H
0.07636586781607646,0.726894006416881,Premium,E
-0.6798459793937727,-0.2972140947404383,Good,D
0.16063362266646297,-0.17115437581185108,Premium,F
-0.373067897162542,0.1111292190014555,Premium,H
-0.6749496578390799,-0.9554832487846066,Very Good,E
0.42455344454563837,-0.29079162952376497,Ideal,H
-1.019129321364887,1.9649933255657694,Ideal,J
-0.9047054696665603,-0.06152360348693198,Good,G
-1.0082398128669277,-0.9690433161716835,Very Good,E
-0.15647473234925344,-0.954611080385604,Ideal,G
-1.2901232913662481,-8.050103113235924,Ideal,G
-0.9802520109316512,3.0485488362764803,Ideal,J
0.5453627328212317,6.3786662462260555,Ideal,E
0.428550565437247,-4.101636960733561,Good,G
5.539327736920765,6.388440742836773,Fair,F
0.5571861280103994,6.821447728303288,Very Good,H
-0.1752922648662036,-0.6805378427087961,Very Good,G
-1.2067586917460011,-0.3071810220563179,Very Good,E
-0.6075764210069472,0.4721769185861808,Good,G
0.03629903440216231,0.6368825628866182,Ideal,I
-0.9419017645475481,-6.1535520448557826,Ideal,F
0.44245827732695875,-2.045558098574544,Premium,F
-0.6744113997634639,7.714912405765583,Premium,J
-0.970120932329092,-1.2162943549600655,Ideal,D
-1.0572575110894828,6.8095326266162095,Ideal,G
-0.7473321707139333,-1.0486051369026483,Ideal,D
-0.9751876118827081,-0.33815929886896745,Good,E
-0.4373372163974925,0.7054723249575555,Premium,F
0.36515778699903023,-1.2162946769276344,Premium,G
-1.0022676942534032,6.43147891121783,Premium,D
0.8469920381554262,0.4629900989394362,Ideal,G
-0.15257404937970281,0.5292778077492988,Premium,H
-1.0970201082994468,-0.37261717753328544,Ideal,E
-0.8981505196055296,6.563985720192297,Very Good,F
-0.5878952061521959,-0.9466717792953833,Premium,D
0.25645624515499854,-1.1582029045513211,Ideal,E
0.20349598268969826,-0.24510358647553457,Very Good,D
-0.8915529949353266,-2.395200190019043,Very Good,J
-1.2751391330283999,-1.1951240717763623,Ideal,E
0.24017528807965993,-1.3335888554287254,Ideal,E
-1.1017624361443419,-0.8217541829358511,Ideal,H
-0.13334511161525933,0.8191011994296682,Premium,F
0.4533386368708803,-7.554111012021108,Ideal,I
-0.0273620239573919,-7.350669159401923,Ideal,D
2.8908948357460735,0.20910109181010286,Ideal,F
-0.12081910210146116,0.4274910351482458,Good,I
-0.7772148906891283,-0.27084341053520566,Ideal,E
-1.10128431637191,0.6248454429803068,Fair,D
-1.199504597911429,-0.9821046951087945,Ideal,H
-0.9882272763577683,-0.319530570684547,Premium,G
95.09652013594072,-9.433653703145652,Ideal,F
-0.946818244288732,8.996846161757762,Ideal,H
-0.36611092846495236,-1.1901963307025387,Premium,G
0.4350917246757561,0.12465454864029687,Premium,G
-0.014499055923397508,-1.0847077709756183,Premium,G
-0.34814483119315437,-1.494317499881802,Ideal,G
0.07349192859182269,5.8122135876457035,Ideal,D
-0.2715205853938151,-3.803028625263918,Ideal,H
0.26745463436764627,-4.016123986273946,Very Good,D
-0.48668796703786005,-4.2863190324297635,Fair,E
-0.25209472555422524,8.749693545895978,Premium,H
0.393943483372436,0.44647917014963734,Ideal,G
-0.5460676519988896,-1.049758673624493,Very Good,H
0.31606560688510066,6.400546761451419,Ideal,F
-1.2643965113272126,-1.0151225362690093,Very Good,G
0.2024719200865338,-0.8975952186607477,Very Good,F
0.22880033563850755,-8.181613931191151,Ideal,F
-1.1255687389368503,-4.1820973581413226,Premium,E
-0.20429868474886537,-0.06907657269556461,Premium,D
0.15836447961195232,0.15847336353300445,Very Good,I
-0.1576839218652757,6.672875478020428,Premium,H
0.43735015493118456,-4.137395690820762,Ideal,E
1.6939491028729146,-1.8480343332515288,Ideal,G
0.022260455032079407,1.6773753500725062,Premium,I
-0.7727177149761404,-0.06622169718224197,Ideal,D
-1.3987786588643885,-4.1328710126664605,Ideal,G
-0.2218936020458544,-0.38195188851263984,Ideal,E
-0.8562535283386433,6.313197559360647,Very Good,F
-0.8039734380482452,-2.7943047203898725,Very Good,I
-1.268918856427309,0.03094609909384661,Ideal,G
-0.36615141211561386,0.26688050966656846,Ideal,E
-1.2595571839340378,-1.1097508082631884,Ideal,H
1.3692086403416721,-1.1259227600181956,Premium,F
-0.14913357171676087,8.065857279792395,Premium,I
-0.2034249106271829,-0.6550796964538824,Very Good,D
-0.7389106737907152,-1.252667637361899,Premium,G
0.24115127997803232,-3.7879060403583384,Premium,H
-1.411649198789437,-7.9583029784559844,Premium,I
0.4314869030830699,0.3079676951024126,Ideal,F
-0.20988485845705493,-0.951452989910696,Very Good,F
-1.1051743748287692,-0.07746322165525962,Very Good,F
-0.16879564742498135,-8.070909030137683,Premium,H
-0.05386358905829958,-1.0388404134065334,Ideal,G
-0.9126940940694106,-3.795109680761041,Very Good,H
0.43028648758091637,0.5325736593814049,Good,F
-0.6306417071101142,-0.4769990083494723,Ideal,D
-0.13923851023616524,6.25897057058591,Ideal,I
19.266243128701753,-0.8877560509313993,Premium,G
0.0764988741691251,-6.771018653951683,Ideal,F
0.24840251616368725,8.744027229171103,Premium,E
-1.1247127515970599,-4.064254070362707,Premium,E
-0.20633392485352395,-0.8847654901358216,Premium,J
0.418286465866752,-3.03884941704325,Premium,I
-1.2285679024501766,6.78570853183619,Good,H
-0.6353356153982663,-4.668669242842843,Very Good,G
-0.9256866121759445,0.6490538628762886,Premium,G
0.15160907655038203,0.045580064081968276,Very Good,F
-0.758194669258162,-3.794958673978558,Very Good,H
-1.266700968105475,-0.5651964922296582,Very Good,G
-0.37710115019577756,6.844103959225892,Premium,H
-0.22799508532350138,-0.5260457675540591,Premium,F
-0.9279745629855413,6.468868284320847,Ideal,E
0.10004232667133373,6.423179167930566,Very Good,G
-0.2534828811564037,-3.9961931489822877,Very Good,D
-0.07617880911314695,-2.359913422553283,Fair,D
-0.2540216964053015,6.005508062655635,Very Good,E
-0.24550554756212475,-1.0648943871776293,Premium,I
-1.2104634588281238,6.550947653739824,Premium,E
-0.07747860389788996,-8.162314571570757,Ideal,F
-0.16247032037318274,-8.312794403173834,Ideal,E
-0.12203082966601561,6.873302351677406,Premium,F
-0.57034131164077,3.8634795132774364,Ideal,J
-0.6586629535593336,0.21457412253298372,Ideal,I
-0.11424761053978635,0.6458287415834572,Premium,F
-1.2939237338054324,-0.4291065709044135,Good,F
-0.16701394819912968,-0.3343843327034077,Premium,F
-0.20729833422469748,-8.23636472979179,Ideal,E
-0.985859130631941,5.836305062573598,Premium,D
-0.3574033091475875,-1.639333625717728,Premium,D
-0.5892220881572893,0.6846002061033386,Premium,H
1.990226440651972,-0.8626612238414519,Ideal,H
2.45861028415204,2.585863222380464,Very Good,H
-0.16478453162115544,0.6201350098140396,Fair,J
0.1454998872960147,-0.7685467423700749,Ideal,D
-0.6138679574537792,0.6536649568851016,Fair,F
0.12662951012194712,6.6257359570398116,Very Good,D
0.1357510223631726,-0.14366777353019783,Very Good,G
-0.43921560362204076,12.237610113213194,Very Good,H
4.966019295748852,-5.897102726388534,Ideal,H
-0.12305797247079575,0.36057443245353815,Premium,D
-0.14645749154585377,-3.7155472781794066,Ideal,H
2.5341345032447524,6.739991248648234,Ideal,J
-0.15187713474292514,-6.139115582601266,Premium,G
0.4763429620926799,0.4159038937567588,Very Good,I
-1.1412469868436887,-0.9105841486350245,Ideal,F
-0.47252274965705654,0.11971826108102637,Very Good,E
-0.4383550727937566,0.7940961679602202,Ideal,J
0.05680198270008019,6.441176315455521,Premium,F
-0.6794441664817213,-6.012338308765481,Very Good,G
0.3627276087125295,-3.829054891689116,Premium,G
-0.579724068126789,6.6090573994574955,Ideal,F
-1.1943272274458658,-0.21322630319960947,Ideal,G
-0.5136331020307066,0.31175127113672635,Ideal,H
-0.5947693257639377,-8.270991708227603,Ideal,E
0.36762983673377936,8.01343399653408,Very Good,I
-0.1111240300760011,-1.4603256856447733,Very Good,E
-0.7052736102198237,-4.957434873099955,Premium,G
15.186551747135509,-0.5101668108647118,Fair,E
0.11445529430954099,-1.7675233505656105,Ideal,D
0.5776366023695914,8.458653821311165,Good,I
0.2852229384144721,6.650008649434485,Good,F
4.024571884056717,-1.9965523703983221,Ideal,G
-0.6117312524142748,-0.4259502787123185,Very Good,F
-0.6709085437131592,0.21218111299564588,Ideal,F
-0.896778609723743,0.11268508048805279,Good,G
-1.0236251175605693,-8.133497282619775,Ideal,F
-1.2834434160864023,-1.0090391466981425,Ideal,F
-1.2516950410396963,0.4423629025149548,Ideal,E
-0.7231527440329925,1.55066003407217,Premium,I
-0.6211701384139934,-0.47484539366851003,Premium,G
0.4755613815928743,7.031619989153697,Very Good,E
-0.996069937023121,-0.6013419391833841,Good,F
-0.1745437851811071,0.6474573393755073,Good,J
-1.1529231780382854,0.43426253117548547,Ideal,E
-0.4074682186667724,-6.0576198435329145,Ideal,I
-0.6355093658266033,-0.3448202034935066,Very Good,E
0.35629697876649147,0.5260760744242019,Ideal,G
-0.561905109184501,-1.0315720183279227,Premium,E
-0.38432128392020803,-0.28510804568189213,Ideal,H
-1.098181671011333,-0.4654929776540733,Ideal,E
-0.051740056583888194,0.1871206880433591,Premium,E
6.381803043325582,-1.200747765935899,Ideal,F
2.4264983878710193,-6.049517375881432,Ideal,G
0.35240601863648147,8.721586759320358,Good,I
-0.34598492894584065,0.6135958379279924,Very Good,H
0.3106860157733581,-0.3541188192013754,Ideal,D
0.18396626058581433,-3.9327833913594876,Ideal,G
-1.1935958442859969,-4.328720135976787,Ideal,E
0.29324712243773443,6.892784085057357,Ideal,H
-0.5090738704797357,-4.054576712897273,Ideal,D
-1.2521465857163832,-0.5527887740649133,Ideal,G
0.23975433978255256,-8.160717589288296,Ideal,F
-1.2265473056895342,-8.205664135351041,Very Good,H
-0.3226863773418601,-3.9353165642797454,Premium,H
-0.07877657464955401,-3.9922395293497717,Ideal,G
-0.23698876689432102,2.4603215160561,Fair,H
-1.0173014092089776,0.5812295635859427,Good,E
2.2865119538047254,-0.6135802957310211,Good,F
0.1753547034653289,-0.22358693973364338,Ideal,I
0.25336627308111226,0.2539080250480502,Premium,E
-1.0746520967923971,-0.53137738201226,Premium,D
-1.0624903973313422,-3.790212421971724,Premium,F
0.0914795771822628,-0.5371991125821298,Very Good,H
-0.3386457836184134,0.5879973261271089,Good,J
-0.7188448321788086,-8.052036229990259,Ideal,G
-1.0367862578954015,1.7872538795876185,Fair,J
-0.8899157506540013,0.5846097299068975,Premium,H
0.23231728235898685,-8.137264776586806,Ideal,H
0.052062919472608715,-0.43661978144034536,Ideal,E
0.4115124634665952,0.35656524343043916,Premium,E
-1.0651885726352108,7.19434924678614,Premium,H
0.14192070986109107,0.5624761010198862,Fair,D
0.1384019091794072,0.0904447635964965,Premium,H
-0.9225027259506182,6.269595035810259,Ideal,D
-0.7379846626040492,0.128946944611828,Ideal,E
0.4303608688664562,-0.892482464185605,Very Good,F
-0.7736067857203166,0.998826984853336,Very Good,H
-0.06075647378276988,-9.405651733819852,Ideal,F
-0.043859450567867275,0.8433505923149005,Ideal,G
-0.611245263488415,8.143296925558966,Good,I
-0.9779392268100756,0.270423323489884,Premium,D
-0.6417533799320039,-6.3443394322403694,Ideal,H
0.02212449188227017,6.719552603966908,Good,F
0.13857236215032037,-4.343336107608214,Ideal,F
0.256758583289021,0.6959603220702258,Very Good,E
-0.8389221620981705,1.9705960187450222,Very Good,I
-0.1560134822284803,-3.8468248926966093,Ideal,H
0.3249279238977423,6.5069898003256395,Premium,E
0.34414946298253024,7.672929194939088,Premium,H
0.047946893154600045,-0.08116218633863706,Premium,I
-0.7780020784792172,-1.2984417519121583,Ideal,E
0.364369882280429,-2.4733347986779415,Very Good,J
0.26503598664300765,-0.2021607170724968,Ideal,I
-1.1698133202628918,6.462856425650869,Very Good,E
0.23943929403325104,0.6933148212628369,Ideal,H
-1.1628087297237304,-7.979831037124635,Ideal,H
-1.2461508674976742,6.542892835026472,Premium,D
-0.835789835456966,-3.9809372559078495,Very Good,F
0.282493614537065,-1.0064602594139656,Ideal,D
-0.9877767316038938,0.47828541377277445,Ideal,I
-0.37591966384391057,-0.47677398221937123,Ideal,E
0.07245713994637087,0.5516668384767441,Ideal,H
-1.3567851678089666,-1.2585466029897234,Ideal,D
-0.9588370829044275,-0.4087660454513704,Premium,G
-0.03814478552719902,0.9296643054848357,Good,G
-1.0569669625739495,-0.6666417568815942,Ideal,E
-1.247358851570586,0.4528147388292183,Ideal,I
0.17627989010281953,0.7361165576739958,Ideal,E
-0.5736529220116201,-3.754903589989065,Ideal,I
-0.3776097448150031,1.614629965630878,Good,J
4.522149302463128,-8.100689828057336,Ideal,H
0.07791645571633893,-3.894106401977797,Very Good,E
-0.5848059009562651,-0.5363812687371241,Premium,G
1.6617230807226133,7.363555150706303,Premium,H
3.1490493049364296,-0.2859437797115802,Premium,E
-0.3874068873187497,0.6513956015998364,Premium,D
0.11800967530592477,-0.8515988531983195,Ideal,G
-1.1866318945698762,5.979554336468251,Premium,H
-0.6921273975025362,0.6016401464768736,Very Good,F
-1.1458272578603759,6.258337858859956,Ideal,H
-0.581209782448229,1.0629974665490578,Premium,I
0.27149177274959524,-3.851785325426561,Ideal,F
0.15425804081060157,-0.4573128807102108,Very Good,E
-1.135539083918819,-0.44641159281317205,Very Good,G
-0.9723592978587585,7.518971051796843,Premium,G
-0.0358984126068298,-8.134389186166056,Very Good,G
1.4758852590131588,-10.67186552193066,Ideal,F
0.47213021266123945,6.198072500738301,Fair,D
-0.18165090500156456,-0.507068521512952,Ideal,E
3.5149725988437113,6.2083254852152825,Ideal,D
-0.3984046210320175,0.322794753094275,Premium,D
0.3276252263016699,-1.1070041745765071,Ideal,F
-1.1290111755047754,6.719662720504274,Fair,E
0.45471279339627535,0.7796123716180411,Very Good,H
1.366484416637149,-4.07661217750562,Ideal,G
-0.6342151433232761,2.5949968469866858,Ideal,I
-0.5670952948267715,0.7570921564178955,Good,H
-0.1368722161335731,-0.8995779106339071,Ideal,H
-0.7694827487963922,-7.027591976122981,Ideal,D
-0.5688990082386368,6.601364074822269,Good,G
-1.1063303698839437,0.2405797656168224,Premium,F
-1.3944447087438654,-3.901155323261773,Premium,F
-0.7857759099770518,-1.0835228653251459,Ideal,G
-0.9552591318669542,7.954444992637368,Very Good,H
-0.4489106135745946,0.4275089966024728,Premium,D
-0.8935733400942503,-1.1386528819769852,Premium,G
-1.1926872874355352,-7.692432172756617,Premium,I
0.05353613919315431,0.08565773340592037,Good,E
5.9037278313301105,-0.5110856437826544,Fair,G
-0.43266967355233343,-0.6356368393566236,Very Good,D
-0.7808006843300807,0.20299401597896297,Very Good,D
-0.6623415396468549,-0.5361565247069275,Ideal,E
-0.18303491758383894,-8.256813172609142,Ideal,E
-0.9200041517824354,-0.24007260663412291,Premium,E
-0.3197948963666358,6.507624988361832,Good,D
-0.6531245812218078,-1.1311475242400975,Ideal,G
0.226728473508362,6.7879178148772015,Fair,D
0.14980965703218663,-1.1697362576310177,Premium,G
0.2936930800369374,-0.9803603094723254,Premium,G
0.038360285495373736,-2.204883374714306,Ideal,F
-0.9484542411861505,0.5164171622047086,Good,E
-0.22815690146373221,-1.0498040705180218,Ideal,G
-0.4395890198264998,-0.4236732124511478,Ideal,F
-0.09659764583902436,0.07828520651021623,Ideal,I
0.46015240300949845,-0.4250658041339228,Premium,D
-0.5514045336191618,-0.002378173035953765,Good,E
-0.7504524614276971,-0.33276700423626004,Ideal,G
0.41522904844000486,6.831567761913184,Good,E
0.4442575718491971,-0.9169090262740075,Very Good,E
-0.5914187216963207,0.061939848240201,Very Good,H
-0.9615873069392666,-4.105545480197934,Ideal,G
-0.2159208549323721,6.7371222894474565,Ideal,G
-1.0820802534701126,-1.3603309268442338,Good,G
0.25157451947456366,5.899204578405619,Ideal,E
-0.34288647934831834,-5.1603844569997275,Ideal,G
-1.0062056860120365,0.7225131939289327,Premium,E
0.31853903711145215,-0.0630319163414404,Premium,F
-0.17779533013497834,-0.23471719403164681,Good,G
0.29324688198561777,0.4702104473246349,Premium,G
-0.5174201699031729,-0.3137153545215933,Premium,E
0.41514376062500546,-4.163614349485885,Very Good,E
0.4808709560971376,0.6690179264285927,Premium,E
-0.6113051743743462,-4.153001174272628,Very Good,D
0.3282578040225774,-3.2058604668545465,Ideal,F
83.10663068360148,5.459732991849433,Good,F
0.24621006668782586,6.923680909862809,Very Good,E
0.10088464994619961,0.3948565729793565,Ideal,E
17.686250507990728,-0.8895949389312718,Premium,H
-1.0250042397553876,0.2665190252820899,Ideal,G
-0.23609142468405175,0.7446028149232711,Premium,G
0.14401282845618973,-1.0694845496901522,Premium,G
0.16887396275334987,-4.182862078628766,Good,E
-0.7768509973695961,0.5718874958983128,Ideal,J
-0.6006946067818512,0.37283414092909617,Good,I
-1.024413196720309,-0.8499532727872132,Good,H
-1.0311666047959283,0.29289574387580725,Ideal,E
-0.7238038565806676,0.4476505018328235,Ideal,H
0.4130905293129741,-1.0494836722518612,Very Good,D
-1.1519863730132074,-1.3851270202926345,Ideal,G
0.26300399388303064,6.744456357910743,Premium,D
-0.15429037421340078,-0.0792765891571928,Ideal,H
-1.0230348945095162,-0.254853428228895,Premium,E
-0.26495644648766986,6.818487241962252,Premium,I
-1.052891640703551,-0.986158644829318,Premium,E
-1.0705936556117743,0.4829014872321452,Very Good,E
-0.3878509200269007,-0.2364868026538358,Ideal,F
0.4200674245653784,0.41865737501713074,Very Good,D
0.07132528311053399,-0.9887556272973173,Premium,G
-1.0188418475282055,-0.3158156991645047,Premium,H
0.4456451848614863,6.548849453671352,Very Good,F
-0.2250724522916474,-0.886359006644657,Ideal,G
0.1481815789376083,-1.1064430778113645,Very Good,H
-0.7777248161327306,0.5274236945900062,Very Good,F
-0.4615339680369645,0.06863174810357398,Very Good,D
-0.04548045598133171,0.3674723054326317,Very Good,G
-1.3092209551510616,0.2785769201747196,Good,J
-0.48619689889456763,1.0892588999256898,Premium,H
-0.38181056132739466,-1.2790116377417773,Ideal,G
-1.1217477639035307,-0.8987540194413488,Premium,F
0.09623177650347398,2.3432935397994874,Good,E
-0.6639495992802493,-4.944326943639362,Ideal,H
-0.09555162771339748,6.525293356743082,Premium,H
0.21891999773661208,-0.7005815031509809,Ideal,E
-0.7116416202672406,0.6179215387490233,Very Good,F
-1.346530231083777,-1.0342260690069198,Premium,H
-0.2362432782833681,-0.5356307722650341,Ideal,D
-1.2664057604926287,-8.139985065307615,Ideal,G
0.0026028542807756683,-0.7997365533920623,Very Good,I
-0.1956921992879696,-0.7763853866160639,Premium,D
4.257291732738924,-0.4768356483198672,Ideal,J
-1.2015011922888572,0.4517279950706734,Good,E
-0.5839635903698908,1.823858522704305,Fair,H
4.186085398046386,0.055788855888533474,Ideal,H
-0.13576124965563313,-0.7070125562659886,Ideal,H
-0.14939248374552722,-2.1154852111624205,Ideal,H
2.6097099017538996,0.09882601274404215,Ideal,G
-0.9817343526444111,-4.092934861880915,Very Good,E
-0.538017825813625,-4.071845918734319,Ideal,F
-0.933779935411818,6.275237639144316,Premium,D
-1.2401213344262576,0.4769449927430408,Ideal,I
-0.9712373336875237,-8.079555737911496,Ideal,G
0.33808819645899935,-0.053156085750466826,Ideal,D
-0.2440337830191431,-0.3002000158777749,Very Good,D
-0.3384203951432463,-8.12885657970943,Premium,F
0.14184704761841316,-0.3809689217905504,Premium,F
-0.3923432824195002,-0.07965647641153412,Premium,G
-0.5774245853698198,0.6006436363677917,Ideal,G
-1.0270784373465363,-4.5412300126304,Ideal,H
0.48838961806771874,0.3851552579661369,Good,D
-0.7718245064524767,1.3636094251218984,Ideal,J
-0.2833644725395059,6.9009057987616265,Ideal,H
0.05702636191948296,-0.9908705748606268,Very Good,F
-1.3019068246397236,-5.7243929291455595,Ideal,J
0.41820787308341434,-0.2727816647879271,Ideal,I
-0.9036016817839508,-0.5869616152199589,Ideal,F
0.00427360380426689,-0.16667211415628594,Premium,E
0.37665120305042965,0.24887851076164072,Premium,H
-0.49090586310753814,-1.2375822612422744,Ideal,E
-0.3679939697465797,-0.9412272534781831,Premium,E
0.4757145923488052,-0.8530722870046112,Very Good,I
-0.11284392751993175,-0.08864299940550416,Ideal,F
0.4814156258852398,5.90279454563441,Ideal,F
-0.6904280429342915,-0.32521467924764363,Ideal,E
-0.8305032968975676,-10.628710758432074,Good,E
-1.1307485733104627,8.605780586038552,Very Good,I
-0.22230663346532314,-2.7442404116277213,Ideal,E
-0.6781479205363339,-8.21561865423683,Ideal,F
-1.3070941134137772,-0.5737708593565736,Fair,I
-0.9751408815079554,6.770665088793528,Very Good,G
-0.40603144941247343,6.142103100766362,Very Good,E
-1.1084764397348157,0.779851271917266,Very Good,F
58.21878558446438,-1.5256627871782407,Premium,H
-0.09615564365860124,0.5132034023333706,Very Good,F
-0.035372255703425615,-0.14776120049961422,Fair,F
-0.27487862468853597,6.274648073194797,Very Good,E
-0.8131202968623432,-5.638244977380928,Very Good,J
-0.8717146920549198,-0.44524262693964495,Ideal,E
-0.2194742584130702,-1.1042523723270437,Very Good,F
0.5617215327324377,6.509364820152854,Very Good,E
0.6559043826770107,6.106866291425017,Ideal,E
0.12383649719341805,-9.061433787525777,Ideal,D
-0.20369952146225515,0.0331080788023907,Very Good,H
-0.8418409784217213,-0.5123792124686644,Ideal,F
-0.3680756326965967,6.397821025507726,Good,E
-0.23274176248344988,-1.0923628132268428,Ideal,E
-1.090283312676792,-1.0466737039823886,Premium,E
-0.8504984236067539,-8.338402982090928,Ideal,D
-0.4764531702923357,-0.3217756686652842,Good,D
0.26133454459309435,7.04243680516905,Premium,F
-1.244056883425018,1.5668248560596423,Premium,E
-0.526589128204179,0.5118327781834044,Very Good,H
-0.5761016706719215,-0.4927704105270079,Ideal,D
-1.3474188642629668,-8.055635065120391,Ideal,G
-0.6807465604258041,6.797659560500534,Ideal,E
-0.2907178100954822,1.8562917910011665,Premium,H
-0.7366430806036554,0.44699359395545124,Ideal,H
0.26927569599196977,-1.3817146728989689,Ideal,G
-1.1520528211213112,0.5197485865061363,Ideal,F
-0.239225153770887,0.3998177487148177,Good,D
-1.1084538984964936,-0.9425770689577365,Ideal,D
-0.9383661925032771,10.020943253362324,Ideal,I
-0.29858638960226686,-3.8694358555800257,Good,G
0.19822943404578997,-0.14505717528579268,Very Good,H
0.36301346576872573,-0.08897622230739097,Ideal,E
-0.7626779070003133,-0.8020479896008156,Ideal,G
4.724947623330869,-3.259246836988114,Fair,H
-0.5940657132128593,-0.13776431242238166,Premium,G
0.29435351918468855,-0.9816577503070024,Ideal,F
0.23877496610709203,0.30111010578250297,Premium,I
-1.164181217556584,-0.17011139431449376,Premium,I
0.09746958408878653,0.43945547652324746,Premium,H
-1.2749577546965125,0.011750419824279303,Ideal,J
0.5411723857068023,0.5907642146420098,Premium,E
-0.7712985221154067,-8.380610650789388,Premium,E
-0.34234369534839165,-1.5998047291095363,Ideal,G
-0.30058038128692116,-5.871334611594173,Ideal,G
0.40001740749321735,6.675890014265396,Premium,F
0.24448747740400611,0.6565732651770245,Ideal,H
1.42086756882534,1.0677646579944668,Ideal,G
0.2835823228241341,-8.1012325928354,Very Good,H
-0.18397448774639696,-1.9169232944589378,Ideal,G
-0.580118287387366,0.4938432186684363,Ideal,H
-0.8093192664472558,7.284232744063712,Ideal,J
-1.0733492490227183,6.668046657757538,Very Good,D
-1.2269981789702633,-0.42295245002062726,Ideal,E
0.4157871703153587,-1.0539613838617534,Ideal,G
-0.7761637995202171,0.25499461382640287,Premium,D
0.03946394483191035,0.38690272336230913,Very Good,E
-1.3162080046952154,-0.24867618992260718,Ideal,H
0.49776412080401566,6.128873705243539,Ideal,D
-0.9336749524582693,-8.023864021055845,Premium,G
-0.7268159084444549,0.872854529620715,Premium,H
-1.3835395498401457,-3.8311036073654305,Ideal,F
0.022910996337739187,-4.1322660440704855,Very Good,E
-1.2332139122417425,-3.9089894328248724,Premium,D
-0.5408474779186452,1.4177846876702924,Ideal,J
-1.2394796945493751,0.16925129247513268,Ideal,E
-0.0879130211713271,-5.708656707622751,Ideal,I
-0.3415114397007621,-3.48873064805376,Very Good,H
-0.1122971738727925,-0.5401910104200536,Ideal,E
-0.1820944672167359,0.4160580098936617,Very Good,E
-0.21843081615952428,-4.149417936227044,Premium,H
-0.45741768091502666,6.768157264997707,Very Good,H
0.4327749258674337,5.8845314632021015,Premium,D
0.468555043684186,0.2583274983295328,Premium,D
0.47987567318837976,0.5930345076396415,Premium,E
-0.9749731452518919,-1.1296711820853949,Ideal,E
0.0389622476720336,-1.0989085903841052,Ideal,E
2.232160997984392,-0.08941796992654144,Ideal,I
-0.43648390496562794,-0.25402138438899013,Ideal,E
-0.46744921414935015,-1.0781412425370491,Very Good,D
0.31931227721426014,0.07707209046682381,Good,H
-0.37524993014611957,6.241427663477525,Good,D
-0.1930955217703071,-0.2499087201186676,Very Good,E
-1.1338313743517134,6.042571119585904,Premium,D
-0.28111327763105365,-5.872646729070494,Ideal,I
-0.5354903129486211,6.133603251015029,Ideal,D
-1.1156550652869335,-0.23658580451964709,Premium,H
-1.0879073021311478,-4.0611050054255395,Ideal,E
0.3565385181715106,0.6280572151029837,Very Good,I
-1.2301340059085455,-0.18694734190706533,Good,E
-0.23214914450195284,0.5124586203669971,Premium,F
-0.6409302233983796,-0.10264041843626695,Premium,G
0.09628806205547552,-0.1249578890078811,Good,G
-0.43947316091799415,0.4469550667907595,Ideal,I
-0.5839054557854844,-1.7402377323343587,Ideal,F
-0.9953770926500349,7.08793459408077,Premium,H
-0.06404972173868068,-0.016182460620420107,Premium,I
-1.1075129342722125,-5.9474719083728536,Very Good,H
-0.6271192904603815,-0.7956378583444265,Ideal,D
0.5556209652391623,7.352867776283691,Good,F
0.35468667340111215,-3.362962056067418,Premium,I
-1.1363801557303321,7.632931503477863,Ideal,I
-0.39864795151378773,6.6917947398502475,Ideal,H
0.02167629397438292,0.5010399644533697,Very Good,H
-0.5439916748728963,0.25541089130305633,Ideal,H
-0.711590706095334,-0.8672035617548634,Very Good,F
-0.565685842780297,0.4113597813838558,Very Good,F
-0.7662471657307568,0.23335143586177995,Very Good,I
0.2272444449567116,0.20664327888826348,Premium,E
-0.28758696755654567,-1.0742564191368933,Ideal,F
-1.255409666728006,0.47062326005502053,Premium,F
-0.09753875408193069,-0.5223365391407986,Ideal,F
-1.1622683162634042,5.858856778659578,Ideal,D
0.06792676268235776,0.48756537164379266,Ideal,F
-0.8154236460008372,-0.058743844462171,Very Good,J
-0.67357830298324,-0.6068188161155181,Ideal,H
-0.846466666464609,0.34900640413119316,Very Good,E
-0.1594003579524348,6.593505063892962,Premium,H
-0.119582669346984,-1.2301619800989176,Ideal,F
-0.07743575309316947,-0.15217609233462584,Good,G
-0.10232172520707106,-0.3003439705104168,Very Good,D
0.26980676000658355,-0.7480182067459399,Ideal,G
-0.3216869378516264,-0.12313422834494098,Very Good,J
0.4301367292569819,0.6372178500005066,Very Good,G
-0.8624302568666096,6.676823716379332,Premium,G
-0.3206164329008823,8.54199564777449,Good,G
-0.7376152380620696,0.08031036049182991,Premium,G
-0.9349174602378952,-2.4777022194113467,Premium,J
-0.7979079602744483,10.771501165634545,Premium,H
-0.6824441620098267,-0.2218588590699131,Very Good,E
8.7299769452567,-0.6845856421229137,Premium,F
-0.6886194767783325,0.5267908546949706,Premium,G
-0.7812353196080644,-0.5779894661928469,Premium,F
0.26116885874171136,0.30998338937515846,Premium,D
-0.560078890086591,7.661494470566732,Premium,I
-0.6091531937956949,0.3390366912794215,Very Good,H
0.31407932992358323,-1.0164106246949738,Very Good,G
0.15290363321585476,1.194317135468611,Very Good,I
-1.1845347075968546,7.473511337632499,Ideal,F
0.3650802123920538,0.34096194571660443,Premium,H
-0.7539405513193556,0.38125569170186085,Fair,D
0.22134391972424272,7.307363277343897,Premium,E
1.7674614107894593,1.4864556971199798,Premium,G
1.5421795649460623,7.619197208268543,Premium,H
-1.13001242824933,0.4260310537162477,Premium,F
-0.08256921259488975,-1.404786699026746,Premium,D
-1.0768618822786629,0.9497227076810374,Premium,G
-1.2832908890119783,0.4723063754888529,Very Good,F
-0.7127553250566923,6.502548711500048,Ideal,E
-1.1535135063926933,0.4044829788844502,Ideal,J
-0.538027372052253,0.030003649272461873,Premium,D
-0.04873508764065493,-8.160874127797246,Ideal,G
-1.1875862860934339,-0.8401467980806558,Ideal,J
-0.5061489350779582,-0.395685214516255,Premium,H
-1.2317549667656247,-1.9081984891592465,Ideal,E
-1.017697131244359,-8.341468310715763,Ideal,E
-0.9420631038916811,7.83448592398417,Very Good,I
0.5441295130405347,6.15113698213058,Good,F
-0.13737830677741492,-1.1109564493675066,Ideal,D
0.027659957897747667,-3.8837155885098222,Ideal,F
0.3446577950448081,-4.142963205985363,Very Good,F
1.8586702557185157,9.086480837556383,Fair,G
-1.0218119923707878,0.1703789320813757,Ideal,H
-0.009983211546675197,0.28157088650134604,Premium,F
-0.9211442221354443,0.49164638321713916,Premium,G
0.2897760739352524,0.4004176713995602,Premium,D
33.033568836805316,0.2436022331632998,Premium,F
0.08826309154850626,0.36881927794267366,Ideal,E
-0.4939264004386029,-0.4047011659442394,Ideal,H
0.32098039015219004,6.345844046191918,Premium,E
-0.951106498883677,-0.12277320834358049,Ideal,I
-0.2685995960971158,6.399933480189401,Very Good,F
-0.0019483468896318024,7.038103837067066,Ideal,I
-0.48642159560627396,-0.27243317294639613,Very Good,F
-0.1199669010030319,-8.099409744644586,Good,G
-1.2990282361826238,-0.912595109405889,Ideal,G
-0.895840543113724,0.6541942255967433,Good,E
0.38005200630335667,6.396734714689787,Premium,F
1.8602328452493753,6.471510053367248,Ideal,E
-0.2969681411832694,-6.087300881134174,Ideal,G
0.5821997617780063,-0.9265498131272468,Ideal,G
0.4132097931867641,1.1817878664833243,Very Good,I
-0.9925522842057334,0.06447691818908391,Very Good,G
-0.7861986409922856,0.716106097096439,Very Good,G
-1.0130184660126944,0.4855440732516111,Very Good,F
0.37775395762926733,0.2887082402212414,Ideal,F
-0.5054959152687389,6.691104582950651,Premium,E
-0.8156837788886504,7.656468599234817,Ideal,H
-0.05591470241625274,-0.48163384975264373,Very Good,H
-1.0721499681004123,1.6863511270736802,Premium,J
0.348995264090997,0.9852700381937918,Ideal,G
0.01639893736247644,5.898399743944862,Very Good,G
0.0830602533172195,-0.4901477725625,Ideal,E
0.1277951817386816,6.577440633945757,Very Good,H
-0.4974962065537425,0.2538455221755525,Ideal,E
0.002156364683657208,-0.4801702058966826,Premium,F
-0.23978484195959665,-0.3159891758987298,Very Good,E
2.9950930036365966,-1.0918938392376751,Ideal,H
-0.36890105418980224,-6.2203496805966125,Ideal,E
-0.39063258194499934,-2.426654358694827,Premium,J
0.3674343795704834,1.2503092732979637,Very Good,H
-1.305967632562133,-7.663490817124891,Very Good,H
-0.5981780650416272,-0.12576697647155574,Very Good,E
-1.1885462230553359,-0.13756351101997993,Very Good,G
-0.5117987766334531,-0.3152354806192494,Premium,F
-0.4381805191126141,-0.17969482249187346,Very Good,E
0.40561231966006595,-11.47268977259245,Ideal,F
0.26494693298000405,-0.24233375159456622,Very Good,E
-1.0516872567780595,-9.839978388394263,Ideal,E
-0.4996344369821867,6.271844014924324,Very Good,D
-0.07081098581033829,-5.85186717002474,Premium,H
-0.7077638717936225,0.4776341182657532,Good,F
-0.5227358782989189,-1.1322032505207522,Very Good,F
2.1965258633313853,-0.31180983157615344,Very Good,E
-0.7550586662858445,0.11590656752940084,Ideal,D
2.501769672913092,-1.1106421879274682,Ideal,F
-0.9188640927636578,7.02901265808163,Premium,H
-0.13884020338455902,6.5876697562556865,Premium,G
0.9769240828943525,-6.417667369512577,Ideal,G
-0.18725992046850892,-0.36971241829849655,Premium,D
-1.3301275161316068,1.0159851626641154,Good,F
0.22837231373036126,0.7292989442725336,Very Good,F
-0.8482060769148085,6.537687336433483,Premium,F
-1.0478901991942036,-0.6001572361224541,Premium,F
-1.2735505639082967,-1.0470419171571361,Very Good,D
0.38264409789688913,-0.8545848810311254,Very Good,E
-0.7463423561583439,3.1787883140301005,Very Good,J
-0.8714332220705254,0.5283462896663039,Ideal,G
0.47745477101465805,-0.9250939085329043,Ideal,E
0.3253641075763636,-1.5732836627457916,Premium,G
0.2944369669311132,0.25700120564816376,Very Good,F
0.07759668700109573,-1.2478492611861882,Very Good,F
-1.2503624942301221,-0.08324630997286364,Ideal,D
-0.8712296317512803,-1.0872490203347236,Ideal,E
-1.1607578428270509,-1.378341554499675,Premium,E
-1.2254022567894813,-4.005504415181637,Fair,E
-1.055197513190567,0.4557467290383129,Ideal,I
0.5011226903787733,5.981855191113866,Very Good,E
-0.8701652997654297,0.08868674069888141,Ideal,J
-0.17000608993528188,-0.32594041015503195,Premium,D
0.04834485534931987,1.084341097878618,Good,H
-0.5763034431545946,-5.957014201757795,Ideal,H
-0.42812650391518314,-0.17790050120148648,Premium,F
-1.1781633872073856,-1.0960000948713833,Ideal,F
-1.125727284293361,0.19319303395646462,Premium,E
-0.7495719630033686,-1.399454844346923,Ideal,D
-1.2287184727229985,-9.30893397874577,Ideal,G
-1.3735595991722138,-3.9112502617210607,Ideal,F
-0.28917664113679986,-0.9635767278305305,Premium,F
-0.8987940111077962,1.0409351264486169,Premium,I
-0.2624331793449906,5.909368350407053,Ideal,G
-1.3552701457452794,0.10105528560934407,Ideal,D
0.09675206123112817,-5.863333246707237,Ideal,I
0.2917626319520895,-3.6733840750362052,Ideal,H
-0.20451359283440626,-0.43904338053875847,Premium,F
-0.48581219162038514,-8.616072862189851,Ideal,F
-0.4297929368629426,-5.8146314566209965,Ideal,F
-1.3017501882996476,-3.3597205344498096,Very Good,I
-0.9331995645379179,-0.041529660080766743,Very Good,D
-0.8638938255905354,-0.24402117784658878,Ideal,H
-1.1011801129484786,-0.22584693076269735,Premium,I
-0.262090312571115,1.364534180381116,Very Good,H
-0.6912641801908765,0.18502427825105763,Premium,D
0.10352151237303997,0.8217891590593156,Premium,F
-0.22048158012481356,-2.931725114690476,Ideal,D
-0.9769894022481841,1.6787845664811125,Ideal,F
-0.7049872761375204,0.19136750677757408,Very Good,I
-0.07968317495741895,-0.8175477396884585,Very Good,D
1.785773676991476,0.7740455551271443,Good,E
-0.09463085672123672,0.9860944727631458,Ideal,J
0.20184743229198587,-0.016186203217387556,Ideal,E
-1.2351030166564283,-0.12569884041469995,Very Good,G
6.085065733092383,-1.087145507007845,Very Good,F
-0.24991422506299102,6.621400521791696,Ideal,J
-0.40877003968738923,0.2554456959557372,Premium,G
0.5770971350376957,7.014737224925821,Good,D
0.06600697812934087,0.2030456032583053,Premium,G
-0.19013831782854362,0.375310169187654,Ideal,H
-1.152249910583573,5.87457290792329,Ideal,F
-0.49136530563263553,6.678252942700617,Very Good,J
-0.8115708740541854,2.7118136198178746,Very Good,J
-0.6254345802359098,-0.016996502525646013,Good,F
-0.04868119569134716,6.428981416305145,Premium,D
-0.013131795726682882,-1.0310757410215312,Premium,F
-1.2610844109670987,1.5096832584457578,Ideal,I
-0.875176126854383,-7.8725413808933125,Ideal,H
0.3926754712271827,0.22110192958128175,Very Good,H
-0.6991070389409272,-1.708895774021256,Good,E
0.4444327640531601,-4.293825970780345,Ideal,E
-0.8964409977004815,-0.0261811127171099,Premium,D
-1.0189549077173545,6.516652985575982,Premium,E
-0.501319408145589,0.3912421550164331,Ideal,E
-0.7242809062201132,-0.4205675652468896,Good,G
-0.8150583349896232,-0.9977205976143502,Premium,G
-0.02588229342930759,7.35806621486038,Very Good,H
0.01569436666278773,1.7876893564148082,Ideal,J
29.39442494246564,-0.8808400220694025,Very Good,G
-0.2225821363115002,0.0952035777921979,Ideal,G
0.2671591946743226,-8.056004554872933,Ideal,H
3.6513218414843047,-9.025474527856845,Very Good,E
-0.5456170314137828,6.7689078462371235,Premium,D
0.344037444798712,-0.3333076724262341,Very Good,F
-0.899474374066882,-0.9856596132000904,Ideal,G
0.29975917434626176,-3.746531016852523,Premium,I
-0.11447928839593327,-1.1144995407593068,Premium,D
-0.8792104916048739,-8.146222102535102,Premium,H
-0.25499250990138167,1.3571426752574822,Ideal,I
-0.411208450590792,5.9554088529885325,Premium,D
-0.7001751391379369,6.520460783585822,Premium,H
0.26874909134933367,-1.2020149790883559,Ideal,G
0.2646516319158053,0.3662254724989562,Ideal,D
0.4937869607026528,-1.9640759478557102,Very Good,J
-0.28068252459250836,7.710115300687079,Premium,J
2.4293490731656613,1.7353622087224796,Premium,G
1.591260760058228,-0.2764807830125401,Very Good,E
0.16904357618139998,-0.22159634371344522,Premium,H
-0.5203272735504344,0.4028298850097577,Very Good,E
-0.16318641688703436,1.2042778896092279,Premium,E
0.11755019573774828,-4.015762517079313,Ideal,G
-0.9330445764313287,-6.191189945856191,Ideal,F
0.16027029675082471,-0.4266865009709035,Premium,F
0.2009360456244782,0.801703756567192,Very Good,F
-0.5109747807660376,-0.8932923273061707,Ideal,F
-0.8178125737134224,0.43072010793356325,Very Good,E
0.7339120475354682,-0.04196792534371346,Ideal,F
-1.0405389500631026,1.1147144374303901,Ideal,G
-0.8890399454661868,6.7073504101183,Good,D
-0.3922747988491787,-0.8200390858933665,Very Good,F
5.412615155114125,-8.022426553180168,Ideal,H
3.0699319962297307,-0.9248801115755387,Very Good,G
0.37483736903621145,7.1216028561983515,Good,D
-0.9699445884815696,6.606576064777076,Good,H
-0.36599330358169724,7.375424942716611,Very Good,G
-1.0544579792886255,-0.5116874810417641,Ideal,D
-0.12431631115584119,-0.9320438361300254,Premium,E
-0.40657232637378843,7.389292778322294,Good,J
-0.7367275064033028,0.13196643460725152,Ideal,F
1.716292188330161,-1.6022716003823383,Premium,F
0.20644794567025082,0.2504394194720998,Very Good,G
0.012171929143996785,-3.8729818168803845,Very Good,F
-0.8818125108343013,1.2996395132786918,Very Good,I
-0.09862103523191484,0.5850630900296593,Very Good,D
0.3810912014461496,-0.44060516312789494,Ideal,G
-1.1121450559202013,-5.98876778669884,Ideal,H
-1.291957845945856,-6.487925047902323,Ideal,E
-0.4576277648679804,-0.2922337966788625,Fair,D
-0.056221423553032945,0.2598757717438727,Fair,E
-0.7878914709403504,-0.8932622238580618,Premium,G
27.731923122930645,0.9992626192772889,Premium,D
1.6379386562132514,1.2126051920457177,Premium,I
-0.6222318421052407,-8.211151855193352,Premium,E
-0.16944446471152202,-1.5881776312985811,Ideal,G
-0.4660694248624866,8.867499932929233,Premium,H
0.052243125433761306,0.9185989932236679,Premium,G
0.819410761609627,-4.2377978289154425,Ideal,F
0.4729500151752053,-0.0967186495144831,Good,E
-0.08946292667750294,0.08697446280932011,Fair,H
0.04354238078161943,8.325478526608379,Very Good,G
-1.3681033160186127,-8.10703466330494,Premium,H
-0.02882390258936912,-3.822526513598892,Good,F
-0.22371958781992116,6.735070180578425,Very Good,F
-0.7820055014170836,6.263747957541961,Good,F
-0.6378575861749782,-1.0082517571516707,Ideal,E
-0.571777394941263,-2.243232208364463,Premium,E
4.190799643906817,-4.051046737012484,Very Good,G
0.3530727787038901,-5.962934244434749,Ideal,H
-0.7099153051731408,-4.12336636954135,Ideal,D
10.53228497838918,0.5927260203526892,Very Good,H
0.1890382634758515,2.7303811862368175,Premium,J
-1.1151437899792171,-0.44533800107044536,Premium,E
-1.2027439261237465,7.536371094423294,Premium,I
-0.9621095900909479,5.940783173024024,Very Good,G
-0.9615586716521979,-0.8988725840166972,Ideal,E
0.39935677799534997,-3.993852101234044,Ideal,G
-0.19537233183710281,-1.4352133153550894,Ideal,G
0.4584461521050194,6.786831900720289,Fair,E
0.3471178320536521,0.10566504424211487,Ideal,J
-0.70382761855926,-0.2607905264183878,Ideal,E
-0.9001543682437007,-0.2501929981097254,Ideal,J
-0.7294234337131325,-1.142873723118249,Very Good,G
0.4493123708003528,-0.02744094787944349,Fair,I
-1.0449454907795812,1.5816017223464123,Very Good,I
-0.09163498276389892,6.96361479276795,Premium,G
0.3569905552504319,0.3595792390212075,Very Good,D
0.12009916960038958,-0.26357948436155565,Ideal,E
-1.0667387551538359,7.081393283166062,Ideal,G
0.3410433676877149,-0.05074674529044908,Ideal,F
0.16315224245693383,0.511382858869249,Premium,H
6.968637433413238,-8.201508504307434,Very Good,G
-0.15650280110734527,-0.05042772791241202,Premium,D
-0.9046356193082993,-0.9035969464023277,Ideal,J
-0.24223482527673212,-6.1942385717855215,Ideal,F
-0.9156326787398894,0.551046756211097,Good,G
-1.3902761351170279,-10.65546753605168,Very Good,E
-0.4748118478162605,1.3586823981114071,Ideal,J
-0.46694621946434717,0.2789842286089078,Good,E
0.15872168765365968,-10.50772811294012,Ideal,F
-0.17001984481257504,0.21065263602268217,Premium,G
-0.9769106653325388,-0.09878879199599255,Very Good,I
0.3779926944780191,1.6530551540703262,Premium,J
-0.22083111822201493,0.5184587542276289,Very Good,E
3.195110225116763,6.575434514950189,Good,H
-0.7353210114102107,0.4874895477100457,Premium,G
0.017917950092997625,-0.3150209236327779,Very Good,E
0.35271175450146286,6.814856476881823,Ideal,F
0.025717226056055698,-0.88984191111732,Ideal,F
-0.3590627617368028,-1.059446319956101,Very Good,F
-0.9428685423309066,6.050606860587318,Ideal,G
-0.3509933788828906,-8.062034923026987,Ideal,F
-0.29153465146774526,-3.910881870454305,Ideal,F
-0.19093366100962283,-1.4009216086474843,Ideal,E
0.037976861288593844,-0.3034603124333248,Ideal,E
-0.5241598974611742,0.21001767581026445,Ideal,E
1.010922724578919,0.35638401874998865,Ideal,F
-0.25653637615959096,6.292979782666206,Very Good,D
0.1401388503247249,6.28939368334085,Very Good,E
-1.0085413226019737,6.640859585076986,Premium,H
-0.013847732733415663,-7.577698969486717,Ideal,I
0.24114935427817208,-8.542566679774074,Premium,F
-1.1590083916228484,0.42881047610716483,Premium,H
0.07964984912142148,-8.284640436626194,Ideal,E
0.3429422696937994,-1.1010360578225653,Ideal,F
1.5583657531557988,-0.13559413942310009,Ideal,H
-1.30812654763802,-8.169371886058931,Very Good,F
0.22805226997777028,-0.381648683107727,Ideal,D
-0.390558976239235,-8.206302040609572,Ideal,F
-0.20703083025911156,-0.1490611688879382,Fair,G
-0.7708373714709005,-4.055791743351021,Very Good,E
-0.9955812765885167,0.32251541459835437,Premium,H
-0.9443528878622591,-2.059228409099495,Premium,E
-0.4989233039666413,0.20572877608979304,Ideal,D
-0.7651615152853131,0.34216018147433086,Ideal,J
0.1689726587649658,0.3349040451132003,Good,F
-0.2642897904280875,6.436345625933545,Ideal,I
-1.3209087838960727,-6.1284573934068485,Ideal,G
-1.3143881422981287,0.5577636558389973,Ideal,J
-0.9527294239369869,0.24043542344194288,Very Good,E
0.15435156892053026,-8.120000312031394,Good,D
0.028571432758910387,-0.2937492894535784,Premium,F
-1.3174609799709573,-0.39733238101475715,Very Good,D
-0.4417050470434893,-0.9421443543853671,Ideal,G
-0.970068020753414,-0.23849900273874397,Very Good,H
0.0526994030046094,9.47062626092938,Fair,H
-0.3135566932517206,-0.10601966339459401,Fair,D
-0.8792475337735902,-0.20553279236535701,Very Good,D
-0.17220526507478487,0.5823308770130086,Ideal,I
0.2744717478596388,0.8284897460553229,Premium,H
0.32162025123604177,-6.163379717198941,Ideal,F
-0.8581894260418672,-0.5769891591865508,Ideal,D
-0.37839767617113357,-1.7579604561998605,Very Good,E
-0.24733033761526355,6.252747946719963,Premium,G
-0.7893498423764729,0.4351099802971382,Very Good,E
-0.8393025733884931,0.9310333625060674,Premium,G
0.12384941659408233,0.32948040135953094,Ideal,F
2.3898420872306887,-0.5930425457283665,Ideal,D
0.3458232776161798,-0.19859410037401592,Premium,F
0.8333209341611,7.015286638969229,Good,H
-0.9242704979317324,7.911218065398905,Ideal,I
-1.1084821818861212,-10.794010619684357,Fair,D
-0.5209064325199123,0.2723256962164644,Premium,E
0.015094487777757126,-0.9910404337947445,Good,E
0.3382465207231542,5.997552528338172,Premium,E
-0.6608057636506299,5.961797338179695,Very Good,E
-0.8759535173792838,-0.3218215706780584,Premium,H
0.12043737849212932,-6.165563886320333,Ideal,G
-1.0300355068700688,-2.0916735438966443,Ideal,F
32.29650025067196,-0.5997203321965259,Very Good,E
0.3410313535405691,-3.737462865360328,Very Good,G
-1.1597540333068184,7.396265054024655,Premium,I
-0.03359345972144273,-5.963925359356165,Ideal,H
-0.6550610823496872,-1.0193837615603474,Ideal,D
-0.7570655816009424,-11.151613829766813,Ideal,F
-1.2784721494968085,-1.1282616287192477,Ideal,H
-0.07965240087920838,-0.4700240229014992,Ideal,E
0.2737081709782928,-5.938122986251704,Ideal,G
-0.5612504373480672,0.6290833429232984,Ideal,G
0.1596266951469837,-0.6412722918347533,Good,F
0.16857848078481308,-0.3935542595141916,Premium,D
-0.42726233586583295,0.8463365859551032,Premium,J
-0.7540705102614624,-8.100245716531651,Good,G
2.8920421040380617,-4.273524055564316,Very Good,F
-1.3484009514875004,0.5946250357864467,Fair,G
-0.2593374695703262,-3.894366109864764,Ideal,F
-0.8482345141854448,0.3237307560797799,Premium,H
-1.263945147458407,6.475299347512973,Good,E
-0.017819824138835927,-4.103879587227958,Very Good,D
-0.6907090394311466,6.202971527157682,Ideal,F
0.04516142192989836,-1.099644007926602,Premium,F
-1.304030084262135,-8.987461743572805,Premium,G
-0.40655334783741814,-1.589703880685337,Ideal,F
-0.807899770802543,-3.9448855843506134,Ideal,F
-0.7803074104938026,-0.4400372419115067,Ideal,H
0.2971225109738289,-3.687371561021435,Premium,G
1.229664302470559,-1.12378308564121,Very Good,G
0.14136789828185403,0.17086693390405708,Ideal,F
-0.9288431424209376,-0.26661701830453355,Premium,G
-0.6091768324250716,0.07605768506951421,Very Good,I
-1.2568347914677211,-8.379884637030582,Ideal,F
1.03742859899603,-0.5798050718459717,Ideal,I
-0.03521474387426804,-0.31892572362168575,Premium,E
0.31438878461699227,0.11878698042464905,Ideal,G
-1.0883648982577192,1.3392680626551319,Good,J
-1.0283654089447436,-6.222001628615915,Premium,F
-0.8223051458111328,-0.3207806598007253,Premium,E
-0.9166222223118681,-4.869462905770228,Premium,G
-0.46854823606124196,-7.689749704749995,Good,I
5.106578713416336,1.8869627806299103,Fair,E
0.4575030736632397,6.549691021976927,Very Good,I
-1.3738445708542297,-6.117150790665979,Premium,G
-0.5598790265268258,-1.0535884338955714,Very Good,D
-0.41624810486595964,-1.0734762976645567,Ideal,H
-0.30118050316604106,3.3914359019512297,Very Good,J
-0.8414174806097107,0.5447399986826292,Ideal,G
-0.913239938260272,-8.243745259381543,Very Good,F
-0.9332722631161717,0.03923230975345853,Premium,I
-0.9162512300481344,0.25079232705723215,Premium,E
-0.20582529669870733,0.07039089569628512,Ideal,H
1.3042420026538806,-4.323305964452345,Ideal,D
-0.2821888717668908,6.750020393133168,Very Good,G
-0.5634767193887192,-1.0379898097466975,Ideal,H
-0.42998008221976586,-0.3069750834313827,Premium,F
-0.030396210210831887,6.791397670089775,Good,F
-0.9902719152967275,-1.7773674069351029,Ideal,G
-1.2753499109012183,2.4951537784930906,Premium,J
-0.5643533213832305,-4.29168166288705,Ideal,F
-1.3590388503311353,-6.087251447935248,Ideal,F
-0.29062550341615717,0.058795847030535524,Ideal,F
0.1713932618210825,0.22013567434772816,Very Good,G
2.8381504892958382,0.12266896677782987,Ideal,I
0.06228267994241771,-3.707058968313762,Ideal,H
-0.6987912281031192,2.0627609602339367,Ideal,I
-1.2531292998326045,0.8463537528585873,Very Good,J
-0.733575940378012,-0.18085512083653607,Very Good,D
-1.3373658905765549,-1.1675080706072392,Ideal,G
11.128109787099937,-6.9338893010549985,Premium,J
-0.307907020989522,-6.437623740489465,Premium,J
-0.9089551159795868,-1.092295201693501,Ideal,F
-0.7986167999686853,-0.4686923709005446,Premium,D
-0.2760238571027108,-8.028549213609612,Premium,H
0.3801229769126081,-3.869366056909277,Premium,G
-1.2211798749554859,-0.4222146845906572,Very Good,H
-0.2043868053994385,-2.143967730949774,Ideal,G
0.34604896112584427,-0.27959348479169616,Very Good,F
-0.2181871826724458,6.611116184586959,Premium,G
-1.1460735117105876,-0.9608397001389164,Premium,G
0.4297076965022243,-0.3506026423540415,Very Good,E
0.31685974085071134,-7.8739061416155,Ideal,H
-0.4595604037916236,-7.5942428777157085,Ideal,I
0.4895542984036083,0.4342401671242029,Good,D
-0.4313681772069763,-0.2777765213047198,Premium,E
-0.4807749113865243,-3.957397225282872,Ideal,G
-0.02169850103328841,-0.2803601423429876,Premium,E
-0.3378155965599844,-0.9539373413215332,Very Good,F
-0.2892632967810756,-0.049824339423561737,Premium,F
-0.9769115075695707,6.40575381615587,Premium,F
-0.5110511641329358,-0.011298663888762474,Premium,E
-0.5739973566351914,-0.3452078177458831,Premium,E
-0.9051511364621039,-7.647547492488413,Premium,I
0.5033974573795784,0.039442246686862116,Premium,H
-0.6947988977245154,1.2283632327001635,Premium,F
4.004465493228726,-8.14539525211961,Very Good,G
-0.5567935709672744,-10.46673717820629,Ideal,D
-1.3821703391672586,-5.9132364507863855,Ideal,F
0.24828598709509375,5.763982481716956,Ideal,E
-1.25450354508548,-7.904314432354604,Very Good,I
0.23711007545177099,-0.8090522581747255,Good,E
-0.3631106420498448,0.06383957367719023,Very Good,E
-0.01798468682365517,-1.028975397347158,Premium,H
0.6610916087377711,7.270919483645657,Good,H
-0.7810722508930458,0.34522476050118556,Premium,H
-1.0322118852636712,0.07953467952831692,Premium,G
0.10054249982356267,-0.2428943600089021,Premium,G
0.20628730151296615,-0.30317588182890626,Ideal,G
1.1210933472518705,-1.1075511917005276,Ideal,E
-0.8632016671326477,-3.9673320055055012,Ideal,F
-1.3732907316202403,-9.410699752851775,Ideal,G
0.48166575736549855,6.65378756703595,Very Good,D
-0.026702345442225828,0.5502345592886498,Premium,J
0.42056623226606826,6.973648274924503,Fair,D
-0.2837501819101369,0.24565490792460373,Very Good,G
0.6647493533353502,-4.820124239134886,Ideal,G
-0.837009588689502,6.171390971624772,Very Good,E
-0.6914756324564402,0.2844846047903055,Very Good,D
-0.8417898971308508,-6.132441678046655,Ideal,G
-0.504987918281287,-0.17504076030225452,Premium,G
-1.1652637856442318,0.8141273003685834,Premium,J
-1.1560156538875734,7.126432575734968,Ideal,I
0.0702816839389302,-8.222353755088937,Ideal,F
1.4295171171720904,-5.385466145715596,Ideal,F
2.317481986494985,-8.17877616748581,Very Good,G
-1.3653154537368763,-7.929180372206155,Very Good,H
0.10007901402267722,-9.262651909602608,Very Good,F
-1.0238854313115118,-1.0202156594336265,Ideal,I
0.3475362709844948,7.415467328770183,Premium,I
-1.1797333019604341,-0.9056106811431505,Very Good,E
0.42019407889240823,5.98191920176199,Premium,D
-1.1589936393537124,-1.445688473673162,Premium,G
-0.5499279843736996,7.037437689146922,Good,F
0.19310621446773435,-3.7189230051625985,Good,E
0.17632235676875307,-0.5582079832609084,Ideal,D
-0.47508640285611736,-3.688084747281384,Premium,H
0.05457907052450467,6.692629745334798,Very Good,G
1.9034344248020307,3.8252336493233,Very Good,F
-1.2279000552860198,-3.377585608735382,Ideal,J
-0.5937193935262586,2.007388056954001,Fair,H
-0.6467039741414584,-0.2910561599533171,Ideal,E
-0.2623275093584127,-5.928435903562217,Ideal,I
0.06879272095025946,-2.223515410957372,Ideal,F
-0.5904844611448135,6.363016013096789,Premium,E
0.30907877256884975,-1.9564642778664376,Premium,E
-1.2360812699236479,0.1390769533742853,Ideal,D
0.9245108826855891,-3.018352223963041,Ideal,I
0.09426338382353977,-2.773573211174167,Premium,J
-0.7316069983468422,-0.43994194357666844,Premium,F
-0.5362026961115887,-0.052551583075187806,Premium,G
-0.24834365312167406,0.17466545889903198,Ideal,D
-0.17281281990328737,-0.36374020319963113,Premium,G
0.45197172866992397,0.6173606479859481,Very Good,I
-0.05042984743809659,0.3392542539811045,Ideal,G
-0.4381461384005404,0.2784628265169585,Ideal,G
-1.0838129560289538,-5.558910516699368,Very Good,G
-0.6958841177039237,0.3225862122142994,Good,I
-0.25469464432467026,-1.1709202299801431,Very Good,D
0.2597555661370773,-8.122751571384935,Ideal,G
-0.8057470032347084,-1.0982361999861752,Premium,H
-1.20231605155436,0.003944182560496341,Premium,D
-1.132564362335133,-1.301637958631864,Premium,E
-0.030735915079760312,-7.891663745410168,Premium,I
0.43518475442532556,-0.025444460851657656,Premium,D
-0.4751020371017724,6.356949871555526,Very Good,G
-1.0706690213457404,0.3386712805093348,Premium,E
-1.2388311948671753,-7.7373943598187225,Ideal,H
-0.2515754265701217,-5.282742822219532,Ideal,G
-1.2748560480158702,0.6526906764904493,Ideal,H
0.49721065342197557,5.5840434729890225,Ideal,E
-1.0986513185138373,0.20664798553189204,Premium,I
-0.3655619135571311,-1.0593056087428614,Ideal,F
6.526253025811727,-1.1764180357708338,Ideal,F
0.40064850600629376,-0.31707965080152917,Premium,G
0.22946097228949058,-1.5705114032157297,Ideal,G
-0.5035461700424064,0.017390193098054195,Ideal,I
0.2559783771578277,-0.4828058845913899,Premium,G
-0.31464145934421944,0.9309771600914689,Fair,F
-1.3505180814055788,-7.9627642610725315,Ideal,H
-0.3249959622046548,-0.42223026398532676,Premium,F
-0.05047069630049156,7.075248566789578,Ideal,H
1.444931052627651,-1.527554386097395,Ideal,D
-1.0935953305925166,-1.1444505401280334,Premium,G
-0.2316953250502714,0.8208605008490455,Very Good,H
-0.171420550744702,-8.101985548625288,Very Good,F
0.2582841194917652,0.5842599922328612,Premium,H
0.18550870780841533,-0.4839907738455918,Ideal,I
-1.3783623011744428,-8.279756814484612,Very Good,F
-1.0258739337713627,6.841628486533221,Premium,H
-0.9220012154709543,-0.2929413624880312,Ideal,D
-0.5089555200144771,0.07721288938274701,Ideal,I
0.19090636378705728,7.051976331672701,Premium,G
-1.0690529147554555,-3.904074305502708,Premium,E
-0.5285860901125178,0.23148748271531608,Premium,H
-0.2294488143607975,-1.0581500735196654,Ideal,D
-0.9124870267364057,11.083801801472404,Very Good,J
-0.8466465969725963,0.0696116897584019,Ideal,D
0.11619619209362753,-1.22253579920049,Ideal,F
-0.1642337373532935,-8.273249442042951,Ideal,E
-1.3139192230481342,-4.234222978919252,Ideal,D
-0.019113516139997733,-1.211146199345842,Ideal,D
-0.5243715060604892,0.9497462230320625,Fair,E
-1.1546495541369786,-0.4897893753145331,Very Good,F
-0.9242171585482319,-0.39025374512625316,Ideal,F
-0.5728510681451822,-2.3171804390764636,Premium,E
-0.3609282463089798,0.7344605529435911,Ideal,G
-0.03041170728559034,-0.2690558266621803,Good,D
-0.8845336757345325,7.079849072285386,Premium,H
-0.5688858707627131,-0.6318839390614769,Premium,H
-0.5654118005943367,7.269425003800763,Premium,I
0.2361358612232497,0.47793664863790786,Good,G
-0.07482817604146014,-2.5794975849952935,Ideal,D
-0.8863883850978221,-0.36360587292341423,Very Good,F
-0.9623978904654564,6.125057717979161,Good,J
5.248538021407051,-4.0119656595941935,Ideal,G
-0.09954449520422959,-8.134916421326215,Premium,D
-1.186251721176528,1.0876042863724058,Ideal,I
0.46317728792236734,-0.7209761096371167,Ideal,E
-0.4466291522352974,-8.668754228398836,Ideal,F
-1.1398970277827187,5.981596968983033,Ideal,E
-0.701666602530977,-0.21392169080820259,Premium,H
0.07473730588722316,-0.06856907380078202,Premium,I
0.5358189421014248,-4.638177796387185,Ideal,H
0.28297564465968295,0.7512890912627921,Ideal,G
-0.9962770849553629,-0.8536412003696614,Ideal,H
-0.1960802850715852,-0.3579695239392497,Ideal,F
-0.3944084061932971,-3.860934932613047,Ideal,I
0.09075435659690606,-0.2913887072589252,Very Good,E
-0.3916796925024783,0.3335862554446384,Good,D
-0.5649429126570369,0.10864550583498378,Ideal,F
0.4741488192683233,-1.0761937544911422,Ideal,D
-0.6286050565425998,0.15371143707968865,Ideal,I
-0.3329498916214027,-0.6643437180117888,Ideal,E
0.06336155928158643,-8.002318809993765,Very Good,E
-0.8343617624656285,-0.3023339993379394,Very Good,J
0.712080397833598,-3.9831471311431845,Very Good,F
-1.1274083890231408,0.041646891714391406,Premium,E
-0.020193840227961224,-3.7821514956609565,Ideal,G
1.370501177693412,0.9727423968491509,Fair,F
-0.6695724617183745,0.3280125211298311,Very Good,H
-0.7223434846224817,-0.38919117183266233,Ideal,D
-1.419339560851312,-6.298269292448504,Ideal,E
-0.13897819538710682,-0.39120962810689097,Ideal,E
0.46970548207577556,-1.0730920417825995,Ideal,E
-0.2996267961481815,-4.648899049740244,Ideal,H
0.2708515116705501,6.257139270566481,Premium,D
-1.208445286552093,0.0048405564616688865,Premium,H
0.3612045942614156,0.9512034159840681,Fair,H
-1.144397318660619,0.23892302074042512,Premium,G
-0.3205071211880889,12.716115610688725,Premium,J
-0.08534446125881578,7.057485206818786,Premium,G
0.3352483885232679,7.213507053643857,Very Good,H
-0.7500599517627629,-5.963461692497924,Ideal,G
-0.5369799377055194,1.8479509536564074,Very Good,J
-1.278594097949249,0.7037970983589161,Very Good,J
-1.0309994722691191,6.553535642928509,Ideal,G
-1.2733929730169617,1.9837335619898584,Good,J
-0.20226574812162929,-0.3865536736779172,Very Good,E
0.07281508393465613,0.26631702012306935,Ideal,G
0.16377896967048022,0.07490026643929923,Good,H
0.4298048308588478,-6.004959371019096,Ideal,G
-1.0224461528185533,-8.323197274351731,Very Good,G
-0.2154701827974209,0.16112112108020799,Fair,D
-0.6911293215352918,7.573592115241635,Ideal,I
0.3847533233950021,-1.9434745118925678,Premium,E
-1.0286732763897097,-4.253300850300523,Very Good,D
0.04948227281535167,0.21583930744150684,Very Good,G
-1.1524516224156802,-0.49863420507399847,Ideal,E
25.018316883610474,3.656486363960577,Premium,I
0.06824266254532696,6.118953595333466,Premium,G
-0.9123401366116712,-1.060819266265911,Premium,I
-0.9783713797499386,-6.238332334583181,Ideal,E
-0.8354294082256445,-4.13778119365012,Ideal,G
-0.10345703642878518,-1.4191663439756526,Ideal,G
-0.367906829721993,0.42099161130855767,Very Good,J
-0.5027063367077738,6.615712111318391,Good,F
-1.0116817014782256,0.12014765044115475,Premium,E
-1.3135146636946144,-0.16540051475364786,Ideal,E
-1.074129539265773,6.889994776352094,Ideal,G
0.4644981137924744,0.30226099974374654,Ideal,F
-0.48780548413526836,-0.29324803520899145,Ideal,H
-1.0688985419068127,0.14030333270988934,Premium,H
-0.4162935062185948,6.519817134142181,Ideal,F
0.36837626576456717,-0.9095994851782054,Very Good,E
-0.599268526419329,-0.40918975906522437,Ideal,D
0.32142042581656827,0.06467820525689347,Ideal,E
0.028033435181126554,6.879377070055999,Premium,I
-0.24679879824487722,-3.887876245281914,Ideal,F
-1.0518969680287313,-1.4456472545210801,Ideal,G
-1.0086856210237296,7.210957494430211,Ideal,I
0.2664386621921706,0.7916381747610746,Premium,H
-0.9516278986090372,6.55002467242693,Premium,D
-1.0030874755401111,-1.055555075698008,Ideal,F
0.2479088588721885,-4.074913610305454,Very Good,F
-0.7648485395136172,-0.8210145066728808,Ideal,H
-1.0577998787051377,-0.208057052148463,Good,D
-0.2357677938684521,-3.406368952427125,Ideal,F
-1.186988874244883,-8.085839782625667,Ideal,F
-0.6491063636966198,-0.5081120438223752,Good,G
-0.999292898174096,-0.4950471507315011,Premium,E
-0.30881708606619424,0.16379057814279965,Premium,F
-0.39853765026639987,-1.4009688358221561,Ideal,D
0.018530050424504618,-5.2473649272041225,Ideal,G
-0.11378634825327269,0.2989251148571685,Very Good,H
-0.7152930139608442,6.83067365137746,Very Good,D
0.3271573569406352,0.9415737474501547,Ideal,I
-0.9083240086845741,-4.012716931994083,Premium,D
-0.13484502127854509,-0.22411605520138506,Premium,E
-0.0992348098799608,1.2391515656079526,Premium,F
0.08214370144432981,-4.25151919508963,Ideal,D
-0.8980132525915195,-7.501947535804946,Very Good,I
0.14663007212771262,0.12735479866607605,Premium,H
0.18919548826016297,-8.367655483780322,Ideal,F
-0.39408803671324955,1.8557910223434044,Very Good,H
0.06157681053712272,-1.082578668238315,Premium,E
0.1788099982092467,-4.076585897880697,Ideal,H
-0.09957779262977468,-3.6562449225678453,Premium,H
-0.7568699723688055,-0.35769858273451666,Premium,F
-0.9309623257892636,-3.9965453058836085,Premium,G
0.5529352014243,6.576794804845487,Ideal,E
0.3986034344535446,-1.0129089404317084,Ideal,G
-1.1284816111503533,-1.0318717074790504,Ideal,E
-1.2911605542548825,-3.957676675861571,Ideal,G
-0.07306840728344771,-6.142594039301224,Very Good,F
-0.2297541583702189,7.119050653140151,Very Good,I
0.13801896474811381,-6.061180508525472,Ideal,F
-0.8936926721949484,-0.22487395118112527,Very Good,F
0.33304221749276886,6.598596782115542,Ideal,F
-1.217478817245509,-4.739336591744859,Premium,J
-1.1395539279898024,-0.8919176343056374,Premium,G
-0.7155217112007217,-1.0643629320760457,Premium,D
-0.42489337496759433,-0.5044970658278737,Ideal,E
-0.4676227661013968,6.727305951702055,Ideal,H
-0.006133494963320274,-0.9911407273465185,Very Good,D
0.31514840201527927,-1.1376501881384267,Ideal,E
-0.22586247696094255,7.295421564973591,Premium,I
-1.4034926385806696,-8.253781805353032,Ideal,E
-0.8711532056210124,3.6116991448973037,Ideal,I
0.24972956525245738,-0.6764726899949558,Premium,E
-0.6782731040035879,0.708429842726511,Very Good,G
0.14908710401187109,-0.7556791611482794,Ideal,D
0.007730886225641886,6.306776523927169,Ideal,E
-0.6123378549582377,-0.42988060465391953,Fair,H
-0.5933646228775614,0.24199277801715044,Premium,G
-0.7022845127509696,6.736153534376609,Premium,H
0.08576833913861176,1.4115011890856974,Premium,H
0.1523334144185713,-7.271556269549574,Very Good,D
-0.7919735099133185,-8.181309303822554,Very Good,F
-0.3594486081681776,-6.281149539430183,Premium,E
0.20070918170738417,7.093448329266069,Ideal,H
-1.0618391871159294,-1.1455613247091243,Premium,D
-1.2932769547756535,1.3096936670708026,Very Good,I
-0.5049472440592297,-0.32090210730844715,Ideal,E
6.068182896408109,-3.9270878656066395,Very Good,G
0.16795649660801337,-4.283292288055184,Premium,D
-0.5181375547919496,0.649116565543005,Very Good,I
-1.3384170955521006,-6.249967707413691,Ideal,G
-1.3481820079599625,0.10137572281430793,Ideal,D
-0.682909811114117,-0.7792002398395591,Ideal,D
0.13105461342156105,6.157841225724727,Premium,E
0.20611298946949252,-0.9907433369323618,Good,G
0.4930831083538585,0.8237575921340784,Premium,F
-0.26126640741453155,-8.121126760793892,Ideal,G
-0.3576312967660308,0.5718457619846783,Premium,F
-0.2502374099181078,0.46192824821492073,Good,E
-0.3059441042147193,-0.7529878723630843,Ideal,D
-1.2508727795497252,-9.154654613401874,Ideal,F
-1.337794642799688,-6.103455630648942,Ideal,F
-0.7192041020100806,-7.57870366191732,Premium,I
-0.5669678590144318,6.003413649244087,Premium,E
-1.079268737325326,-0.6931244882444658,Premium,H
-1.21414386498599,-0.9264661590870674,Very Good,E
-0.25526015327163953,0.8662200924816688,Very Good,H
0.0799194095029847,-0.8820133619579812,Premium,F
-0.6522642619411263,-0.894464635904074,Premium,H
-1.285260832995676,-1.086516092301448,Ideal,F
-0.7397481270387343,-6.213735185385851,Ideal,F
0.4639038954317084,-6.136916846590555,Ideal,G
-1.3687409117787577,-7.028017812658028,Very Good,D
0.42487147578116546,-1.72525160571203,Ideal,G
-0.479421339528349,-4.030782809012503,Ideal,F
0.20391825445966938,0.896992451308632,Good,E
-0.09913122802187385,0.47002894644062543,Premium,I
2.1385783845952595,-0.18856788257233195,Very Good,I
-1.2188683499752826,1.131084371683823,Fair,F
-1.1205933524159892,-1.16293083065075,Very Good,F
-0.5776112908005534,1.71443053900931,Ideal,H
0.22100663936277654,7.916294526095431,Fair,G
0.2738673148010401,-0.8152519652349639,Premium,I
3.644004467268589,0.18752159786223851,Ideal,E
0.3158902694673248,6.999932971829612,Premium,I
-0.1761488102588517,-0.30162014231157785,Premium,D
1.8422728182652737,4.787796264265736,Very Good,H
-0.08105326455542683,0.4134547952125761,Ideal,G
0.34179425579762157,-8.180959389497318,Ideal,H
0.40460477728098254,-0.11659290238932432,Very Good,I
-0.6947563938412293,-0.9489339522250876,Good,G
5.1542283646914475,2.0593904757275845,Fair,I
0.28363754484892845,-1.5793137251328628,Ideal,D
0.42688433900768075,6.520226014957215,Fair,E
-1.2769150956614603,-7.956543261704873,Very Good,H
-0.22007793070772713,-4.407974019164746,Ideal,E
-1.0710238526978118,-0.40105187366274503,Ideal,D
-0.005939781400102928,0.652669871768077,Ideal,H
-1.2303661040438807,0.334873840010266,Very Good,D
-0.2213417104777384,-1.1540297868807954,Ideal,E
0.09624784877283743,0.007477128842170194,Premium,G
-1.0612631739052598,6.453323163634404,Premium,H
-0.519778912873262,5.521690481274549,Ideal,F
-0.17188540613337736,1.670955297685752,Fair,I
-0.03355213617958358,0.6990348583624691,Good,F
0.18030653953162,-4.2782909552992034,Ideal,D
-0.5026581899397081,0.8211310548659279,Premium,H
-0.4916268128741619,-0.7087947123116666,Ideal,E
-0.8504226505824819,-0.3891253208371195,Premium,E
3.672247067488539,-6.29556650093629,Ideal,F
-1.1954385622170491,1.3876086454145722,Premium,F
-0.14622373971672342,0.49513005864161264,Premium,G
5.210580709690944,-0.864133509326958,Good,F
-0.9716658473782206,-4.003962449502661,Ideal,E
-1.0673728363452617,-4.094259008632157,Very Good,G
-1.4015592150856762,-6.1852340924481,Ideal,F
-0.9631312454189132,6.687836562477116,Good,G
-0.9484819731131409,-2.3027376466114,Premium,E
-0.6519675605052914,-0.3852560432816748,Very Good,E
0.1643927783200615,-11.584628870063895,Premium,E
-0.07646170462161817,-0.26732640026047577,Ideal,I
-0.19844306573233053,0.7123064771336847,Premium,G
-0.1332845330595113,-5.977788504527396,Ideal,G
0.06765239384653543,-8.111191579676406,Ideal,G
-0.1433649938033137,6.366961554488504,Ideal,F
4.472676161509952,-8.260656381497908,Very Good,F
-1.1354757058818954,0.34770995852398157,Ideal,E
0.30935002426323055,-4.293740782449821,Ideal,F
-0.00718592123544709,6.789570627179254,Ideal,G
0.40362803926059543,10.278028145164122,Premium,J
-0.03988176712202435,6.059211476249258,Premium,E
3.0970370080756178,0.7942277728889567,Premium,J
0.04194488690726644,0.2177305805237735,Ideal,I
-0.22936825995059543,2.3254875465880582,Very Good,J
3.944953996810818,-1.1221548346556165,Ideal,E
1.7241293352748843,6.6509763726041555,Premium,G
0.3659495813150423,-0.43474977102762363,Ideal,D
-1.0276088969878039,-0.6374165820349995,Premium,E
0.4030732291956507,0.2986382928611432,Ideal,E
0.5179368701695449,2.6455961752644996,Very Good,J
-1.2879526138673252,-3.7651413093753363,Ideal,G
-0.8978588219753426,-0.6059049554413359,Ideal,E
0.24549075584249602,-3.7107748403065117,Premium,I
-1.248604157139718,-3.586210582302097,Ideal,G
-0.6246229460494626,-1.7834304508255252,Ideal,G
-0.9730639586104299,13.962717622212024,Good,H
-0.6739072061921688,9.219182514616096,Very Good,J
-1.0615676024667293,-4.108665766914947,Very Good,E
-0.5032719924146896,6.952610577150196,Ideal,I
-1.3516642988441834,-3.3099855654249732,Good,E
0.1840223646559943,-1.1972669447691195,Very Good,H
-1.2286464722388364,-0.3190932611227157,Ideal,G
0.31872168594370787,0.9058506005739634,Fair,G
-0.3264868594832189,7.348676173004823,Fair,F
-0.6762916647106513,-5.51735867296797,Very Good,E
-0.9161674739164355,0.37086144243144176,Ideal,E
0.36543036898975245,1.159739980044029,Very Good,G
-1.0989827725127408,-8.175671751914036,Good,G
-0.29064951923275084,-0.2969866021984711,Very Good,D
-0.20479544856663567,0.4049601975110417,Premium,F
-0.052904362812123684,-8.03525639419017,Very Good,D
-0.33078849407561717,-0.09346831828511357,Good,I
0.5580271964191058,6.567994673414779,Very Good,G
0.21135841539174882,-0.6822220677942441,Good,J
-0.8813950492113715,7.709972767400631,Good,D
-0.39778188086937216,0.5963497718546839,Ideal,G
0.4727809541217317,-1.0537269915741807,Ideal,E
-1.18677046790607,-0.6405535457694679,Premium,G
-1.139862013202436,1.0409885072504954,Fair,F
0.3176768293133351,-0.4525682177048996,Ideal,E
-0.40191790040371317,0.40921922372133585,Very Good,D
-1.1094976388451587,-0.5370322610092338,Ideal,E
-1.1282317938285733,0.36369324830054983,Very Good,F
-1.1654127982833657,-0.3967512071794575,Premium,D
-1.134174413643545,0.5513826065140605,Very Good,D
-0.8205106159699462,-0.9900761449070443,Premium,E
-0.9739667588727745,-3.683616038292849,Good,F
0.42891113328642205,0.4558158082682512,Ideal,H
-1.3001227566055185,-0.9979397003691819,Premium,E
0.41952617300442463,0.5052103965527289,Very Good,F
0.41281929917706384,7.675532409701782,Fair,J
-0.23675066248979637,0.9775189209130943,Very Good,H
-0.5688547202396577,-0.3855258179132863,Very Good,E
-1.0289212407306887,-2.0119145228665976,Ideal,F
-0.40880308241946706,-4.3365872587023,Ideal,D
-0.9236377584231471,0.772904898447727,Good,H
0.13614057975093075,-6.010078978879121,Ideal,G
0.48806507413499,-0.17778524824887823,Very Good,D
-0.16135717164064872,0.5922607308186528,Ideal,H
-1.2197727424025682,-3.5897976901348763,Premium,H
-1.0367641639052791,2.7924062490856874,Ideal,J
-0.42173910979152707,-0.24818179230986748,Ideal,F
-0.5279277017475192,0.9231610352859838,Ideal,H
-0.6307170809229543,-8.349013362839132,Very Good,E
0.23155921438842864,-0.667973803025785,Very Good,F
-0.789878924861158,6.398063331937855,Premium,F
-1.4206779637088016,-8.330550145590284,Ideal,H
-0.34886756932717616,-0.19588158710503192,Premium,E
1.388290129722824,-8.491768486130885,Ideal,F
-0.1885525142427061,1.1354184236115812,Very Good,J
-1.1051061279041852,7.968206523583184,Fair,H
-0.41544080801621186,5.983381750963982,Very Good,D
-0.18454592794501187,-0.5082886642465115,Premium,F
-1.3207613009997228,-0.9493494555985051,Very Good,E
0.26598645817750566,-3.8990087676658423,Premium,G
-1.2153873723844562,-0.2419153759197562,Premium,I
-1.0388351945023477,0.8293122261872331,Good,F
5.698798380255512,-0.8401520333861038,Good,F
-1.0291185706564487,-0.06612926378130256,Very Good,G
0.19962479526757027,-0.6562443057311582,Premium,F
5.460200950833638,-0.2944271001487914,Ideal,D
-1.1876090666483745,0.090182271652861,Premium,E
-0.47420059374034046,-7.870621684234981,Ideal,H
-0.03832463089773436,6.280424852815927,Premium,D
-0.6433373053917454,0.00446464703211643,Premium,F
-0.6036222995436226,-0.742046210945816,Ideal,I
-0.884352657241076,-0.8485607020325183,Very Good,F
0.1040987495158438,0.5341406756496014,Premium,G
-1.0152723168723852,-1.034341199929218,Ideal,F
0.11975993523789369,-1.1635561831435797,Ideal,G
-1.327867409489908,-10.573503271623942,Ideal,F
-0.8890701047066505,6.076838316298749,Good,F
-0.7234053161193841,-0.06512339425268221,Ideal,H
-0.24340908288497937,0.45707882675337685,Ideal,G
-1.2504526412908903,-0.760231237915831,Premium,D
-0.528033677804018,-1.0246983056571555,Ideal,G
0.2861215448858129,6.087054488296437,Good,H
-1.2475508022533779,0.9173311562697366,Very Good,J
-0.967813201758048,0.17927142791652442,Very Good,E
-0.3837221486910431,10.292328362789164,Very Good,H
-1.172139725086807,1.1391009475581628,Good,J
-0.1850824714822606,0.8664885180041086,Premium,G
1.7522636387148327,-8.243059423124635,Very Good,F
-0.25580549605611136,1.0467233699947878,Premium,H
-1.3145949250247952,-0.45523959519367707,Ideal,D
0.24443716657044057,0.37504049593771266,Very Good,E
-0.4670111137471586,5.905718667213575,Premium,F
-0.4709803423235482,-1.8062637824814747,Ideal,F
-0.778904271046452,-0.31345762279650463,Ideal,G
-0.22683120395081702,-6.200280848365491,Ideal,F
-1.285048096757597,0.39304555992888257,Premium,F
0.8788886832738286,-0.6664720443533575,Premium,F
-0.5250556389556587,-8.111100674948977,Ideal,F
-0.16270949360974274,0.9208140562087904,Premium,I
-1.1520861006030811,-0.3150985746031964,Ideal,D
0.8960915849831715,8.674674655549202,Premium,F
0.08800631552721172,0.5339805502848282,Premium,F
-0.7474287107828552,0.7316278613648268,Premium,F
0.22144074325780416,7.286296000303934,Ideal,I
-0.2893161505995929,0.812157009071271,Good,J
-0.2887431257351683,-9.08445081122374,Very Good,G
0.08097158792647857,1.2064547364210982,Ideal,D
-0.3963312656378,-0.1188962715427031,Very Good,E
-0.49491815899955083,-1.0252154569531746,Ideal,D
0.02172741805621009,-0.5559909756511638,Ideal,E
0.5378763354965834,6.613099923173896,Premium,E
-0.5271492259110857,-3.5993570539934314,Ideal,I
-0.5588107315657438,1.7351203849327295,Premium,H
0.10835612493492541,-8.209694961725662,Ideal,E
0.3714652240837655,-1.112873607594386,Very Good,D
0.011254975947435242,-9.040777478068158,Premium,F
-0.48817729624885253,-0.2895672971395252,Ideal,D
-1.1778895982045765,0.6891060862255527,Premium,H
0.005344679639170069,0.4952800569436129,Very Good,E
-0.21043871895704042,8.620287524549433,Very Good,I
-1.1712206297669265,-0.20038096865239516,Good,I
-0.6713685421658209,-3.8983249613239486,Good,G
0.03219590410152723,-4.019455365175663,Premium,H
0.23723985970472472,6.685082606278027,Good,F
0.5058369012437361,-0.342305807502825,Very Good,D
-0.47491698954056055,-8.140671492739875,Ideal,F
-0.4442123032878837,0.3968534498539247,Very Good,E
-0.09825711973094314,0.5558039393190738,Good,D
0.48624232982319704,2.676196717655649,Very Good,J
-1.1660732183954443,-7.433554471841751,Fair,H
0.31334552003305505,9.292517745830132,Ideal,E
-0.08216062276528557,-3.7389350347696495,Very Good,F
-1.2711110558660104,-4.1244881457590665,Ideal,F
0.2561131964294252,-0.4997244780049492,Ideal,G
-0.48421380828593585,9.326067672553576,Premium,J
-1.3074032139433314,0.42388352220973763,Very Good,E
0.2031952587205642,0.5931082112535243,Ideal,H
-0.16537637519667445,0.11484242224541649,Premium,H
-0.12854008420276158,0.6751075053924614,Good,F
-1.0614465673779157,6.453285306355021,Ideal,F
-0.43657305771645527,1.5237824187950926,Very Good,G
-0.5943379231073596,0.35243721938273437,Ideal,H
-0.7800904796038732,-0.41131070892049104,Ideal,G
0.15821321523602672,-3.9098193355256523,Ideal,F
-0.4038082310447524,-0.8789247678005042,Premium,E
-1.2451110773337977,-0.2897329945642115,Premium,E
-0.20763522594875386,-5.53660147969519,Ideal,F
-0.23441562402961694,-0.40581693756267384,Ideal,E
-1.0941379947300933,7.203435082068219,Premium,H
0.6127659410368352,-3.3469952805949026,Fair,G
0.13145360779512172,0.3594655630282537,Premium,D
-0.5333688568246797,-0.8982842666300638,Very Good,G
0.5479353074828445,6.370185864434146,Ideal,F
-0.5025085713722754,0.19562739274006272,Ideal,F
-1.1891198622036305,-0.6871538514129164,Premium,H
2.719865452477595,-8.026071490828837,Ideal,G
0.25103066861617374,-0.07368584610463046,Very Good,F
-0.6014337315923086,-8.990517293258568,Premium,G
-0.6323046663642067,1.0162613675978849,Premium,H
-0.2406366722878268,-0.12789047260530526,Ideal,H
0.40287327325781985,0.3644338399084299,Ideal,D
-1.174302856060946,-1.2149551898297883,Ideal,F
-1.1407539740218495,-0.14543272495352794,Premium,F
-0.201455354494495,0.31317556351915926,Ideal,G
3.053650602014526,-1.178979030753746,Ideal,F
-0.19531421132319798,0.15153893521460762,Fair,D
-0.12424414613618567,6.394285099976816,Fair,F
0.01739993463189521,-0.5912083815327875,Ideal,D
-0.6023051296840477,6.842891599829566,Very Good,G
-0.22540155446855503,6.280539384313892,Very Good,H
-0.5460636732494886,1.2982077191513597,Premium,F
-0.5527224806131619,6.41387924696607,Ideal,F
-0.6780958983396848,6.234699380306282,Premium,D
-0.6026758474024265,-0.5338999982795605,Premium,E
0.6719703543175014,7.7386093539496645,Fair,F
-0.4844242360878901,-0.1354306409946934,Ideal,H
-0.8244201371067524,-8.394962502812715,Premium,G
-0.09262816503995236,-1.1500332151303259,Ideal,F
3.8431156518957,7.255670143586981,Very Good,J
-1.1001018752994267,-0.6498018059687168,Ideal,H
2.887608975292025,-1.1405186103662355,Ideal,E
-0.5904823250856767,-0.049008434992996945,Ideal,H
-0.9079748593136914,1.17767286763313,Good,I
1.712751339872205,-8.016616351358431,Ideal,G
3.126026983327129,-1.2991418796846532,Ideal,F
-0.3526943518639065,0.29668233604182537,Very Good,E
0.35381942063549665,5.9312345143126635,Premium,F
-0.8794516847170557,-0.3310331842392665,Ideal,G
-0.6824990205182455,-4.064675865736783,Ideal,H
-0.121357016359074,1.2237829820247719,Fair,G
0.33467081696759493,-8.214409721149554,Very Good,G
0.49542630440145075,6.278447090170591,Very Good,D
-1.1078754078788298,-4.005724101068682,Ideal,F
-0.10853936547809487,5.759612157292802,Premium,D
-0.38144868514278224,0.15406978865240814,Ideal,E
-1.305032196237826,-0.16962415699742134,Premium,E
-0.19409222985839567,6.283123442807624,Ideal,D
-1.3129299231455276,0.68109279097222,Ideal,H
-0.5978984813440198,7.613820392502627,Premium,H
-1.269675045658508,6.076404100962902,Ideal,G
-0.6375311292132306,-0.24989028209566322,Premium,G
-0.6751192915674196,6.559524293416702,Fair,G
-0.6574403823454142,-6.20671865305017,Ideal,G
-0.23446070252980167,0.14306826415822296,Premium,D
-0.41611871221691693,-6.14937309410727,Very Good,F
-0.052477368321246776,0.6960331668521104,Premium,F
0.1880591692942627,0.4088108215494789,Ideal,F
0.18169393062622496,-0.6629619706994527,Premium,F
-1.182261180348793,-1.1045135476082397,Ideal,G
-0.8347533068794039,0.637515944786021,Ideal,E
-0.2987144187132488,-2.6576445713674826,Premium,G
-1.1825016349037343,-0.5163716307168427,Ideal,D
-1.2900014762971104,-9.246081277326228,Premium,G
14.591093834804456,-0.4646168052434908,Ideal,I
-0.9995328550567222,7.114787484217646,Very Good,H
-0.8207789742263869,0.05193445685067088,Premium,E
-1.2691587033512657,-0.1703642470824956,Very Good,E
0.49932544584897487,-6.123006308243251,Ideal,F
-0.2544959037609935,-3.6120596508063594,Very Good,H
-1.3175923735455535,-0.7675665213690108,Premium,D
-1.2581525663823525,6.4497437615261415,Ideal,E
-0.7573120004223572,1.3000677887668861,Premium,E
4.454951185501811,-4.698078260859746,Ideal,G
0.30658188214421944,7.947581354630579,Ideal,H
-0.4982843235574069,0.867616103186867,Ideal,I
-0.24362755213858206,0.29493441953702126,Fair,H
0.2124425497341369,6.896944198505241,Very Good,D
-1.0066409261479654,1.0885699745126645,Ideal,F
0.5175158896607761,2.3538480092908176,Premium,H
-1.3556124206935771,0.234332383632854,Fair,G
0.218685133974447,7.918838654187624,Premium,G
-0.03596001376853025,0.3837493095399201,Good,E
-0.24343302215566648,0.1222036254848422,Ideal,E
-0.5545693740044513,-1.0541629208292593,Ideal,G
2.2209890438168958,-4.114268585913854,Good,D
3.9497998823037452,-1.3081844777984928,Ideal,E
0.3215575995808253,-8.123377397776636,Ideal,E
0.4288239412342161,-0.3917327637908175,Ideal,F
0.26018186661448384,-7.606490719825746,Very Good,I
-0.9818751382008423,-0.1486597516656163,Very Good,G
-1.1350235656188035,-1.168257961070674,Ideal,E
-0.33778538889023074,0.5720203019186593,Premium,F
-0.6750749745850771,-0.38606453609709074,Ideal,G
-0.941543548978968,-5.873237122597027,Very Good,E
0.20869228525904493,0.4562948634873274,Ideal,H
-0.06334817800606019,0.9186208884468667,Ideal,I
-1.196672618273085,0.42840547187267625,Premium,E
0.27287362542023363,6.885425713173905,Good,G
-0.16543661644137603,0.12884605163493848,Premium,I
-1.2318822384717265,0.19257036758062543,Ideal,D
-0.4148850229827347,0.5304004941831139,Ideal,G
-0.8893609716083793,-0.9588583808621107,Ideal,F
0.01178926368253036,1.2144628668340045,Good,H
-0.5281926677008991,7.320774160389165,Premium,I
-1.3476609400650328,-4.303681526182137,Premium,D
0.07180466827666276,0.6836100832016693,Very Good,H
-0.14987785871121198,17.91139264401524,Fair,H
-0.1185957232777892,5.761395176004148,Premium,D
0.36379804265879956,0.31089877151763556,Ideal,F
-1.265699308871986,0.43437599226362306,Ideal,F
-0.7031575046198115,-0.04746764519495198,Very Good,D
-1.266438342979211,0.98130399393324,Ideal,I
-0.6334297641899659,0.7758224383381308,Good,H
-0.8112429791866635,0.4353233545688743,Premium,D
0.36193528433275013,-0.014117407780909148,Premium,E
0.7693887288441926,-7.989521084708981,Ideal,G
-0.4403475362492597,1.952098692034577,Very Good,J
0.08413875657587538,-3.9619267420058843,Very Good,E
-0.907600964215089,8.05839444287304,Fair,F
-0.15157969762526174,-0.24882151617629075,Very Good,I
-1.0048960721976212,-7.819460185983579,Ideal,H
-0.9242281871064527,-0.2776486095615609,Premium,G
0.36252588435931565,-0.513489832345122,Good,F
-0.9954367220491812,5.928007200723918,Good,D
-0.8525182819822661,0.1622481009878055,Ideal,F
-0.8581376404971096,7.565906418962629,Very Good,J
-0.20488101226562105,0.4011862545358695,Ideal,J
0.3185868144198839,0.33701426639439,Ideal,E
-1.264669752707138,0.23877868078491934,Premium,E
-1.0901100360760936,-0.9253723924049413,Premium,E
-0.024440592015236295,-0.21329013061402943,Ideal,D
-0.006789798789707091,-5.457977260338804,Very Good,I
2.411094844812428,7.141846213860909,Very Good,D
-0.9084200376044805,-3.4430079645957865,Very Good,J
0.4619679927756457,-1.3732481385552273,Very Good,G
0.41617243138345583,6.393862366540989,Ideal,I
-0.29386243547152013,-0.23715631811878382,Ideal,I
-0.6692401456313739,4.798778856245082,Fair,J
-0.8461592050225978,-0.8121077686385484,Ideal,I
-1.3112180073600652,0.2990695884120117,Premium,I
-0.728714713281654,0.21167116142577144,Very Good,E
-1.1521699599793598,6.683425437303426,Premium,F
-0.30529885152793135,0.2419755256593654,Ideal,E
-0.3102651668911474,0.6358396917714586,Very Good,F
-1.0679413887492128,-0.010952565481638553,Ideal,D
-0.31498633966125134,-1.0522793501722707,Premium,F
2.5265530751480654,-0.889656195778649,Ideal,G
-1.0726858145077514,-1.2334606424030243,Good,D
0.39854132270645704,-3.0848195137462553,Premium,I
-0.19115776044467803,0.27914857534644494,Ideal,I
-0.43416838779081307,0.7944141127576809,Ideal,G
-0.9820995966854347,-0.409487766884763,Very Good,H
0.2513821341489808,-0.5528227833002124,Premium,D
0.2223820609309195,0.45632103207996755,Good,F
-0.08800467616602453,6.249514225846897,Good,D
-0.9773558225729252,0.5310822295899094,Ideal,E
0.20667094623110016,8.134887642839827,Ideal,F
-0.8296558735198446,-0.6901588406760734,Premium,E
0.09620282130824004,0.18124992039472,Fair,G
0.1969748972249855,-8.195165935369051,Very Good,F
-0.6804254892723616,-3.794994724645485,Good,G
0.1478124408317153,0.24846834935362674,Premium,I
-0.41839619454930277,0.34796009785191073,Good,F
-0.6157321819322105,-0.2455626971487794,Ideal,E
0.04482187457760112,6.41147484883885,Ideal,E
-0.8165301481472583,-4.016073783300136,Good,E
0.3968981778844445,0.7407406723008472,Premium,D
-0.9444550663207755,6.8708537140971515,Very Good,H
0.3481577861864036,-1.0199846414942384,Ideal,E
-0.09415163346633992,-0.8805289694396164,Ideal,G
-0.7132107125696387,7.004163700229058,Ideal,F
0.11242704659889907,0.6427393111833232,Very Good,D
-0.2768845492973412,1.088903165746876,Ideal,E
-0.8686581504882555,-1.1975301561471203,Good,D
0.4730830922664998,0.5999129226082313,Good,I
-0.12076145719893949,6.3612728900591655,Premium,H
-0.5793514734223872,-0.17113328574689884,Ideal,H
0.046455922047034415,-4.002735959843057,Premium,F
1.3847098802387596,0.6258619558991021,Very Good,H
-0.5090341881719693,0.4776750376440694,Premium,E
-1.1747601936220171,-1.457677700779424,Premium,G
-0.5760664904848359,-0.45956992953634285,Very Good,F
-0.9509186393704459,-0.31647715405143106,Very Good,F
-0.8360738581441676,-3.9838551265202464,Ideal,G
-0.6478316983090829,9.399431679261413,Fair,E
-0.9534020387764678,1.0255714487944712,Ideal,J
0.5243066384949011,1.3527043136229204,Very Good,I
-0.4323425393615197,0.09910314804074738,Very Good,H
-0.7610542576416055,-0.15345792230145663,Ideal,G
-1.234177812802274,-8.34157415922379,Premium,E
-0.39133980412751107,-8.27291825247227,Ideal,F
-0.7866868629040074,-0.8497124031184351,Ideal,H
-0.011705721244348044,-8.328406501881059,Ideal,D
-0.8292440291977632,-3.855742310733724,Premium,I
-0.518350000321899,-0.6028250011553574,Ideal,G
-0.5672257741975365,-7.507405846896647,Very Good,I
0.01644352270391214,0.0863722698475555,Premium,H
-0.5573264849449058,-0.9958727091130734,Ideal,D
-0.24637224712578112,-1.587291109281498,Premium,F
3.842019375762262,1.1828310219809006,Fair,G
2.472414399679488,-0.994971054132999,Ideal,F
0.432447539416842,6.230945637997823,Ideal,D
0.4188850431770813,0.5173719283299824,Very Good,G
-0.026270243721473296,6.649345104679365,Very Good,E
-0.9049834332524194,-7.5504475729809295,Very Good,I
-0.0944243768811997,-8.01334522559068,Very Good,H
-0.8315534021633929,6.830409020602337,Ideal,H
-1.2273597001534866,-0.37178095929151717,Premium,H
-0.7051074808317859,-3.9675035334510453,Very Good,D
-0.10452678085948258,-7.571734085794385,Ideal,G
-0.6538507110497189,-0.907908355991397,Very Good,G
0.3901889410777857,-0.30822385014895903,Ideal,G
-0.75804211075963,-1.021757274016682,Premium,E
-0.9509791032585293,-6.095161845918864,Ideal,G
0.3644118415212715,-1.1229662416337984,Ideal,F
-0.24198294608723178,0.8575038913050779,Good,F
-0.0348442420328009,-4.116536132186236,Premium,G
-0.5853465771250872,-0.328780657866106,Ideal,G
0.3054168420562777,0.17935059658012306,Premium,E
-1.2305298951838075,-1.1112305437269117,Ideal,H
0.33235133245294846,-0.1976812352053843,Premium,E
-0.6943558370310559,-0.46376433970379993,Ideal,G
-0.8636935866631347,-7.8535048778965555,Ideal,H
-0.4713505784260303,-0.23997229355034086,Premium,E
-0.6109136042615035,-3.9213894880172364,Ideal,G
1.749178353180493,-1.0601727244739199,Ideal,E
-0.9237320848253061,0.9994767004380063,Ideal,I
4.002890238422517,-5.910807991666627,Ideal,H
0.19314685866587833,-8.526431918870935,Ideal,E
-1.1869151359285608,-0.6585454432307256,Premium,E
1.7452794789083503,3.439836849890245,Good,I
-0.04152405470278858,2.818566250914024,Ideal,J
-0.5303929816027324,-5.393952479892352,Ideal,F
-0.6089823234141309,-0.4300523253252106,Premium,F
-0.35453499244478914,-0.21512966872502232,Ideal,E
-0.7160798029242914,6.753103731310753,Fair,G
-0.37309645501075017,-0.21343656883573073,Ideal,H
-0.854216621069178,-4.103281772137119,Good,G
-1.3942794403086616,-7.88099566390782,Good,F
-0.7455892103382903,-6.080913378778131,Ideal,G
-0.43326089957147074,6.126215590885337,Ideal,E
0.25008508117931083,-1.663782459909974,Ideal,H
0.22551762000590558,-0.25600281632388283,Very Good,G
-0.8568374947632208,-0.07354123955623526,Ideal,G
-0.8172440469781035,-0.17923023229926366,Very Good,H
-0.6872078287908678,-0.0724794521983052,Very Good,D
0.1256254092512561,0.35833810672836763,Very Good,G
3.0141022193331892,-6.142294288552488,Ideal,G
-1.065821804938424,-0.9472176355529571,Good,H
-0.6180963103550793,-6.841029837882763,Very Good,E
0.4597787774093177,-0.4457299910488271,Very Good,D
-0.7767238848795015,6.998082249838288,Premium,G
0.1285570139942992,0.14121433914425557,Premium,F
-0.05647208165901546,-0.5369982954902548,Ideal,J
-0.026691764657921557,-1.1347402372763562,Premium,G
-0.5556531208178135,0.56405792639395,Ideal,G
-1.346931613100847,-0.8268044369228961,Good,G
-0.8549311659832424,0.2886976877763702,Ideal,F
-1.0417202818512354,0.675169593950975,Premium,F
-0.9814073190772875,-6.001286185293213,Premium,E
-0.7460603597508497,-1.1601539576336537,Ideal,G
0.09420920521041504,-0.5906033424267121,Premium,F
-1.1274969829662158,0.2868517421500941,Premium,F
0.15198264734939582,-1.1362517843869,Very Good,F
-1.2709939620657555,-0.978396490921876,Ideal,I
-0.4175017310874523,0.6204113000643894,Premium,H
-1.3786980202367283,-6.0897504666994955,Ideal,G
0.04470863283125487,-8.174515341036539,Ideal,E
3.9733315152470423,-1.3169640769995647,Ideal,E
-0.15143972529532657,-8.123603254314608,Very Good,F
0.40444807816861406,0.12167921422955538,Ideal,D
-0.2260043988419454,6.986863913994722,Very Good,E
-0.16655546971502114,-7.820261123736274,Ideal,I
0.5020415083262895,0.26523973873918344,Premium,H
0.02685722732926743,-5.572040335430089,Good,F
0.33948939008700674,-4.125133010944334,Premium,F
-0.5959393127820062,0.2717318481605385,Premium,D
-0.8540902336879632,-0.6923024558322302,Ideal,D
0.43506836346450306,0.3014267528349571,Very Good,D
-1.3312902783680698,-0.04343561586195601,Very Good,J
0.4035501718682031,0.35921539988439366,Ideal,E
-1.1122077192024538,4.039511684603136,Ideal,I
0.17296459736544367,-0.3050654928755356,Ideal,F
-0.2253088889522688,-5.806100000614506,Ideal,I
-0.07657348326889724,-0.9396052833332003,Very Good,F
2.4623746090767717,-3.6478802316739563,Very Good,H
0.26196950339123004,-1.0481601830317868,Good,E
-0.5990344747481924,0.6859081394925144,Premium,H
-0.8197087660032656,-0.49695095503595016,Ideal,D
-0.3060148397962579,8.89646225269941,Fair,D
-1.1121728016007757,-0.5890699888990758,Premium,G
-1.116841834046967,-0.002757571077473292,Good,E
1.721416217946917,0.43618769397160423,Ideal,G
4.333555715776246,6.412810381250383,Ideal,D
-0.6009754093050648,-0.8824964920464319,Ideal,G
2.6178772829212775,2.721986475377015,Premium,J
-0.04652243904633335,0.5704766380440519,Premium,F
-0.9336537668108464,-0.8626733656059831,Ideal,D
-0.13265628824836123,-1.1043409371177724,Good,G
-0.6353177609011698,2.0308492411803587,Very Good,J
-0.37587186491313657,0.439108208343694,Ideal,F
-0.006372799981936406,6.847280781913205,Ideal,G
-0.5769808788590249,0.03796154512036432,Ideal,D
-1.191372131791242,-1.1936230473867142,Premium,G
-0.7434051166660016,-0.39715893843836697,Ideal,E
-0.486972557587809,6.246792373439213,Ideal,G
-0.6841778577276252,0.689161303166122,Ideal,G
-0.9040173802569816,-0.4466733333203632,Very Good,G
-0.6068986532335006,0.3587883626461808,Good,E
-0.3737662354869201,6.103438320908801,Ideal,E
-0.7688420211014564,0.009543646478535443,Premium,I
-0.821644512870028,0.2939316327108563,Very Good,G
0.34470929260703975,-0.2878117733200915,Premium,F
-1.365170907775989,-1.162938922565869,Premium,G
1.1772712594109884,-0.6006526544016269,Ideal,G
2.37275149343353,-4.057372371434371,Ideal,I
-1.1426519914488513,0.14352771686574348,Ideal,I
-0.9970876771503908,0.5116753333881587,Good,E
-0.8731881538044853,-0.5167204256440611,Ideal,D
-0.58849295411977,6.910558582082673,Premium,E
-0.5201120529391976,0.4949656160799706,Premium,F
-0.1545364289066539,-5.998103680188421,Ideal,G
0.007464452003819677,-0.09823732453139519,Ideal,G
-0.20261091420981495,0.0327044958857769,Ideal,E
0.23984520399131581,7.0542280600822584,Premium,H
0.061213940658427446,-0.6222828710772456,Ideal,F
-0.8276039545566487,-0.8595687796367802,Ideal,G
-1.1244528306221215,0.7739165752970856,Premium,G
-0.7225549064914563,0.2760938954076549,Very Good,F
-0.34404445917834986,-2.9638854673335007,Ideal,F
-0.2964239578238738,-0.5459799799325031,Ideal,E
-0.2891062502407843,-8.113048382683541,Ideal,F
-0.5275289936222318,1.1875577578769205,Very Good,I
-0.7921327995691849,0.10683427534627513,Premium,E
-1.3543868136911648,-8.19295081944575,Ideal,F
-0.6406729208800064,0.274225962162044,Ideal,D
-0.46499746942399267,0.09649001202018817,Very Good,D
-0.24106136049153593,-1.132538269134611,Ideal,G
0.00045336149242541923,7.239127095200593,Premium,E
-0.418519321742178,-0.6705184884337961,Premium,E
-0.4623471629842528,0.011653772670794114,Very Good,D
-0.375157218621873,0.003396496952720006,Premium,D
0.00723493482729326,0.2657866575396535,Good,D
-0.5949719092151198,0.4186352389641095,Ideal,G
-0.6253737669286586,-3.940216781122261,Ideal,G
-1.2335030096917363,0.07150240628534826,Premium,D
0.3586811944263293,-1.0813826986474546,Ideal,G
0.06438043207018673,0.2371471877052372,Ideal,E
-0.7739276917056478,-8.159924677097324,Good,E
-0.5793345047164977,-0.6655008483950207,Ideal,E
-0.2908696878400009,8.603715472367197,Premium,I
0.25234072642534344,-7.679731529649708,Ideal,H
-0.4171937765070414,6.10607707486056,Ideal,D
0.3977823259668606,6.464577307700347,Premium,E
0.16692580695645232,-1.3631954046366834,Very Good,F
0.4155826022679321,-0.923304262327157,Very Good,E
0.04947797523033365,0.3928013348200163,Ideal,E
-0.5639487211140233,-5.9520515116184525,Ideal,G
-0.06801068937580484,0.2077650378542428,Very Good,G
-0.9859532506867793,0.49771544585400607,Premium,F
-0.8337756370021494,0.23938776492108224,Very Good,I
0.026290612453113038,-1.1433744557372678,Ideal,H
-0.4221436327544589,0.681651772550282,Premium,H
1.4000693043722174,7.190404349206303,Very Good,H
-0.5645948521027857,0.18031550201839194,Very Good,D
-0.3283920158503105,-7.743259939608849,Ideal,I
-0.11042294461552957,-6.203806420559118,Ideal,F
0.1994887854713725,0.6428126969025522,Very Good,F
-0.2299864908238581,-1.0295556309824985,Very Good,D
0.4697358450038681,0.21574512897065803,Good,H
-0.04614667820910967,-8.168614995257883,Premium,E
-1.2628459993640782,6.232416886495819,Good,E
-0.06554482125863015,-4.0311487677533515,Premium,H
-1.279474941079806,-0.2032597080164922,Very Good,E
-1.0615347854207524,6.20218896054252,Good,D
-0.7438413349623737,1.4172523598824789,Premium,J
-1.2715304725199887,1.6655435301049577,Very Good,I
-1.2373071303675913,0.4563721953732687,Very Good,H
-0.9862320893360845,-0.27284907220046406,Premium,I
-0.7718456955370224,-3.9728092000826924,Very Good,D
-1.196793959458057,-0.4056089759353177,Ideal,F
-0.21406035978304633,7.679220186328809,Premium,F
0.4568220574965728,6.391405084983226,Ideal,E
-1.0972460987506873,5.833362237336713,Ideal,F
-0.478556086405362,-0.4269812640563776,Very Good,D
1.6633529920766956,1.2823333182795733,Premium,I
0.33203363911305406,0.27142429161062637,Premium,E
-0.30659867229238974,3.405376475142885,Premium,J
2.1434270970223137,0.6586214972761462,Good,F
0.25894983234705815,-0.8738011383218485,Premium,H
0.14418166543433292,0.7534003917930001,Good,F
-0.4409842063129675,-0.670608593943403,Premium,G
1.4931559410929447,-0.4218385257225827,Ideal,F
-0.8724813170682026,-1.2154626722935844,Very Good,G
-0.897146872267565,-0.8261608600262894,Ideal,H
-0.607887255417812,0.039901558747093675,Premium,D
0.44309410807933325,0.5320239893815784,Premium,E
-0.55536392573563,0.335210655008416,Ideal,G
0.2927135466795747,-1.1458411471780072,Ideal,G
-1.214177773303615,-1.3377288195472348,Premium,D
-0.6234144247394446,5.92936173257312,Premium,D
-0.8698059935839617,1.2537348017048122,Ideal,I
-0.33210773885376066,-3.714864293751518,Good,F
0.29156758803048066,6.468820699962191,Ideal,E
-0.5160748771882198,6.883986469598545,Good,G
-0.6443608041681873,7.161512870981079,Very Good,H
-0.9469747863171811,-8.051097463318216,Ideal,H
0.054167666382384294,-2.249541074969787,Ideal,D
0.3540253065748885,11.339493146171272,Very Good,H
-0.8963859484246037,-6.178804196205472,Ideal,G
-0.33168294204430276,1.4949440452948757,Premium,D
-0.3810672237839082,7.041315428256144,Very Good,F
0.11410418697030994,-0.9854092786674147,Very Good,E
-0.9243655874115776,-0.7440829439768175,Good,F
0.32325427092639214,-0.430613314078634,Ideal,D
-0.1923137295351747,0.9702994084903949,Very Good,G
-0.6739083329141904,-0.0523688809918634,Ideal,D
-1.2285834849098323,7.964254539188319,Ideal,J
-1.1734130441137882,-0.4738313433607674,Ideal,D
-0.08903150433463741,6.871932599606086,Ideal,H
-0.6732115533120946,-1.1905600168061998,Ideal,G
-0.249002053319662,-2.3628728681220155,Ideal,F
0.3776480657508331,6.769380587559992,Good,E
0.4195486208052761,-0.6788588331951393,Ideal,D
0.054577692108902176,0.5666992739773002,Premium,G
-0.8833940500623606,1.4194257664424952,Ideal,I
-1.1408008795997793,-6.295070521091101,Very Good,E
0.05464860087252782,-0.2505081460360995,Ideal,H
0.16896307562678836,-0.6234495529704185,Ideal,G
-1.214787854824408,0.5059621380715738,Very Good,I
0.2869267850921069,0.5036084780515516,Ideal,H
-0.07856050514402863,0.22906680060137288,Ideal,E
-0.08201148573835426,-0.67447811167648,Ideal,E
-0.07190599303929157,-7.409242429902307,Very Good,G
-1.1396090281722706,-0.17718284083882174,Ideal,G
0.17522141939495128,0.20365509786933148,Good,G
-0.01190469162885549,0.5703586016209835,Ideal,F
-1.112450537616622,-4.8313154566698815,Very Good,G
0.018302757602551123,0.5691069443444433,Ideal,I
-0.5565514479402024,-4.170660576355595,Ideal,G
-0.616609772785518,-4.128794151789617,Ideal,E
-0.4586375736121197,-0.6114085497982047,Ideal,J
-1.1988819758438864,-1.0052523818955026,Ideal,F
-0.7590450392738022,-0.25660682506156585,Very Good,F
0.2828319465291206,5.926227981949245,Very Good,D
-0.7689443688940126,-8.317183902977469,Ideal,G
-0.3389571240604668,6.201656512362349,Very Good,F
-1.2887876495657302,-6.664793103325204,Very Good,E
-0.2774188092281942,1.7645155541820308,Premium,J
-1.1596614317546274,-0.12826751370484782,Premium,I
0.26673168937059133,0.08834400868771713,Very Good,G
1.2635107329089794,-8.056400950760647,Ideal,G
0.3181016346364177,6.073681790389573,Ideal,E
-1.3558174825626956,-0.6454201754945322,Ideal,E
-1.291950839758584,0.20365062776868773,Ideal,F
-0.5237709654449892,0.6486271648558621,Very Good,H
-0.2931336913125431,-1.3071407687675431,Fair,F
-0.15255921879383216,-8.010832930579381,Ideal,H
-0.3595969746649618,-6.240954802456197,Ideal,G
5.966619576989111,7.69583476935918,Good,H
-0.9987345271983119,-0.48370910499032643,Ideal,G
-0.49128714501458276,-7.635108304745603,Ideal,J
0.36756405889881627,-0.0958634088692355,Premium,G
-0.3769611308005501,-7.76101115124271,Ideal,I
-0.6564737400926424,-3.901142638476868,Ideal,E
-0.777945741128222,-1.0224917137361986,Very Good,D
-0.058790446831674226,0.23144152523875525,Premium,F
-0.30649058306145577,-1.0342623708645706,Very Good,D
-1.1639458340353652,-0.9342360883411585,Ideal,F
0.008784183206750618,0.40239664681673554,Good,F
-1.2559538222270175,6.273381263117808,Very Good,D
-0.7359184350090542,-0.7025163658075712,Premium,D
-0.9538614430095782,-0.5051051178568442,Premium,F
-0.4329148815487091,-0.9879631047936082,Premium,G
-0.030227478655503737,-0.37113974278335804,Ideal,E
-0.17283182946477615,0.45713653545334376,Premium,H
-0.8265065974857488,1.296237732229881,Very Good,E
-0.25198573573356253,6.635427740838899,Ideal,G
1.8645671812701359,6.648057457719904,Ideal,J
2.569770962498756,-0.40752922110067413,Ideal,F
-0.7700118158771467,-1.9216819523199569,Very Good,D
-0.9256602481836758,-0.9491873611064882,Ideal,E
-0.5692860394046902,-0.18906526248887084,Good,H
-0.2351427147975076,-0.4560957826409848,Ideal,E
-0.951192781658771,1.7878223380686977,Premium,I
-0.2820528304456439,1.5643493765840113,Ideal,E
0.07021583731852082,-2.1236673265204953,Ideal,F
-0.35655246183500455,0.059455995893434886,Very Good,D
-0.36787092784276165,6.053042863238105,Ideal,F
-0.8562104054824567,-0.20406553951048573,Premium,G
0.18119852285519988,-0.2767947247382725,Fair,I
-0.6676567972696413,-1.874069821930006,Very Good,F
-0.6254295415889356,-1.136498940833731,Ideal,D
-0.39500785664228016,0.3630120405927424,Very Good,D
0.11571940607641285,1.0711668219469908,Good,I
-0.1554461901804159,6.487381553855883,Ideal,F
-1.2225186252928368,-4.120390105253926,Premium,G
0.24075562099936398,0.389155697345145,Very Good,E
-0.7116608255369391,5.99178081092108,Ideal,H
-1.0045046088483267,-0.9830638450028788,Ideal,H
-1.0899336764920973,-0.12527016062433768,Ideal,E
-0.20248484818082732,-0.6626291703943926,Premium,E
0.05290032788000176,6.0590546753858385,Premium,D
0.1603518191931559,-0.05401700467664312,Good,D
-0.7603353437281613,6.399613693729293,Very Good,F
-0.14513997524406136,0.16445461452190177,Ideal,H
-0.6993403627947629,6.552025729185763,Very Good,G
0.045672169988272227,-0.13178835519192342,Ideal,E
-0.7413628551536935,2.680398579655736,Ideal,J
-1.11154080765473,-5.960161127400617,Ideal,H
-0.9736001306161953,-0.519254684215277,Ideal,E
0.05809956542685146,0.758717881248638,Very Good,H
-0.4274826988169347,-0.9993601806086381,Ideal,G
-1.031908502187016,-8.012153301332143,Ideal,G
-1.036227389408659,-5.4453813803140285,Premium,F
-1.1711024378802142,0.8150891552393806,Ideal,I
-1.1157337799782847,6.39427008304635,Premium,G
0.02105436558537599,0.23031290308973099,Ideal,H
6.316333142915814,-6.195002368029606,Ideal,G
-0.7787320865238354,-0.0543173009152072,Ideal,J
-0.14265011284667178,-1.3344587793007356,Good,G
-0.3311651051420614,-0.33198913058834084,Premium,F
0.22134441248570613,2.1394377885485794,Ideal,H
2.5539086308504793,-6.032358572688596,Ideal,G
-1.0026088260760648,-1.6786261233936324,Ideal,F
0.4359781985363047,0.3791327544905237,Good,I
-0.22744319591866782,0.005345950499871313,Premium,G
-0.40203335561806597,6.012448461003638,Very Good,G
-1.0126982233632855,-0.5542175550721692,Ideal,I
-0.6856867063093253,0.14190015757575933,Premium,D
-0.7066782873004375,0.5090384736385946,Very Good,J
-0.07117460679194376,-0.9520720673933069,Ideal,G
-1.242365262489797,6.2749307411153366,Premium,F
-0.2497706370251573,-1.0668542535186625,Ideal,G
-0.06648461248353904,0.6884453878806378,Good,E
0.27181479512308593,-0.5339262284484915,Ideal,D
0.33048250990021566,0.05136140352593747,Very Good,E
-1.1225761176707614,-0.4450781448257199,Good,D
0.026643426718975183,-4.051437239929722,Premium,H
0.16955790105021085,6.57491143599123,Ideal,G
-1.0106682696750204,0.32363226222791486,Ideal,J
-0.28732001988293315,-7.961715107324359,Ideal,G
-0.445413330886833,-4.328401392535688,Ideal,D
-0.5708028782616582,-0.4349520227835026,Ideal,E
0.19466107570036384,0.3615651107650516,Very Good,D
0.041830944462655395,6.772793044354939,Premium,H
-0.5113992044907051,7.520525845423478,Ideal,I
-1.327332713204655,0.43851272947425307,Very Good,E
-1.1385319488053935,-6.173158207199074,Ideal,E
1.813912201934539,-4.455896461125253,Ideal,E
-0.017749090827188452,-0.31737297838684236,Very Good,E
0.18813536296513556,-4.048546447299081,Ideal,H
0.20168211705965156,-5.879298768331902,Ideal,H
-0.03524600984979864,-10.968482176688052,Premium,E
-0.94824691535648,6.587332797098332,Premium,F
-0.11631409738819459,-1.1288040700604345,Ideal,H
-0.20474086616514078,0.08476100764241232,Ideal,G
-0.1837703056138743,-8.160760048924061,Ideal,E
3.7083673412663094,-0.3036005754421986,Good,E
-0.5868719669410505,6.550650010148985,Premium,F
0.1333717782195203,-0.3183121830515744,Very Good,E
-0.8556721212303203,6.299604708444424,Ideal,G
-0.31521953844081724,0.17292273162003405,Ideal,D
0.2042487672107337,-0.043821480685271176,Premium,E
-0.804021254715784,-1.3678793645957972,Very Good,G
-0.42206570573875146,-4.0489051577180115,Premium,G
-0.9972647563271968,-6.768118112956941,Ideal,D
-1.1880896755086772,-8.174546377695986,Ideal,E
-0.8989794020150458,-1.1182897224536705,Very Good,F
-0.55381429265258,0.7410761683089808,Premium,G
-1.245704089063132,-3.514926556938633,Ideal,I
0.1336210802267555,-0.8057347361883561,Ideal,D
-0.6731331502130087,-8.273519254611896,Ideal,E
-0.9418788492235262,-0.7404616842126632,Ideal,F
-0.23934484494924702,-4.025990580227899,Very Good,E
-0.5695921509435674,-8.344760971153118,Ideal,E
-1.2898782433863993,-7.78672376484566,Ideal,G
-0.10226865970623916,0.5536024490317315,Very Good,F
0.17428555158235737,1.4907347923331167,Premium,I
-0.19674419028202028,8.390703541685674,Premium,J
-0.7656243099648299,7.241730587706361,Fair,D
-0.6119000357863098,5.896551286619352,Ideal,E
-1.1355923023592753,-2.3195468204077385,Ideal,E
0.13031440876697864,-0.4943848268741816,Premium,G
1.5815964417417883,-3.9123663908297464,Very Good,G
17.461224589765802,-1.2555482135373492,Ideal,E
0.30956132998398644,-3.6425885926259154,Good,F
-1.0049750174783916,-0.9148563261521586,Premium,H
-0.2708253443354858,-0.32752060345563383,Ideal,E
-0.5197543526288688,0.5582806200294551,Premium,G
0.03863803943058336,-0.35567226205740343,Ideal,H
0.4057919959029782,-1.2675613111415103,Very Good,F
0.22015366623517096,0.9313081486743194,Premium,H
-1.3580137547883955,-7.923666963226857,Ideal,H
-1.4087423700631039,-7.772865735650022,Very Good,I
-1.1229568093892732,-3.9631328075474705,Ideal,H
-0.152055101591234,-0.9089412981228436,Premium,H
-1.2567031136550408,6.149090277656852,Very Good,E
0.035597969231728754,-0.35074338274431616,Very Good,E
-0.6058027373000123,-1.186411283648495,Good,E
1.0003345197452833,0.3195981388910183,Premium,H
-0.7834914849218457,-0.2681123508381903,Very Good,E
0.475828435393833,-1.802386579389926,Premium,F
0.22569549604722317,0.39602590869213855,Ideal,G
-0.38206412826761565,-1.203495833864237,Ideal,G
-1.1377996458017492,-6.090626108541763,Premium,G
0.0014086629829576092,0.1239457986152451,Very Good,D
-1.09755216474267,-0.5105023499360017,Fair,I
-0.17827591745443502,-0.25651044242574417,Ideal,H
-1.3197414130335354,-0.5179641962577193,Ideal,E
-1.0253808958479094,-0.008452180936083353,Premium,H
-0.34546374168036476,-0.9229161479307568,Very Good,G
0.45046568189148206,0.19585220662912622,Ideal,I
-1.1561085591483962,-3.863281274495903,Ideal,F
1.5507068191129516,-0.6159136505948885,Very Good,H
-1.2043909259887766,-7.9107513652304515,Ideal,I
-0.8997248253636223,-0.10973890877174336,Ideal,J
0.3850509747410352,5.896650250777399,Ideal,G
-1.2735392081181887,-0.4785942733018525,Ideal,E
-1.2230043343082149,0.07325142877395302,Ideal,E
-0.6569781821547866,-0.967107406278423,Premium,I
-0.3952398539272414,0.2202972973888603,Ideal,F
-1.3377248150931158,-0.5330071662760222,Very Good,F
0.30842207517373565,-1.2354171859772438,Premium,G
-0.39535611167074436,-3.916626320796877,Very Good,F
-0.003043763737578198,1.1447564272022819,Premium,E
0.21825276739346744,-0.32080673666003445,Very Good,E
-1.1145243947073256,-8.566238788949788,Ideal,F
-0.09808433894193802,-0.6028279191933495,Very Good,J
0.5241814657440973,6.855707862680685,Premium,G
1.5492339284349503,-1.1245972163090652,Ideal,F
-0.46554119657925375,-1.8160154705231593,Very Good,F
-1.1983348138388876,0.6022850984695055,Very Good,F
-0.7695754720494752,1.9809040399635605,Premium,H
-1.1096412731156873,0.4949744759614372,Very Good,D
-0.6137776025566326,-1.0230419008246574,Premium,I
-0.23017008455443888,0.7164129237093667,Premium,H
0.1945211805747189,-0.34887162839037267,Very Good,F
-0.7681882151383519,-0.34391251519041677,Very Good,I
-0.12357035487109194,-0.5261284237720862,Good,G
0.1975836821137309,-4.132621106308868,Ideal,F
-0.9209449262257388,0.3133257811786265,Very Good,H
0.8937814249104462,-1.9209611371777562,Ideal,G
-0.03746327438988911,1.208997304488249,Ideal,I
-0.1021373228629327,-7.866586496228058,Good,F
-1.1761887906459263,0.9981738307723724,Good,H
0.5813631580201205,6.307428714934546,Ideal,G
3.0184840854801305,-0.5366638935676885,Ideal,I
-0.43321577107109654,6.162942379956099,Premium,E
-0.03063804402270992,0.3840261462792291,Ideal,G
-1.4210223724278839,-6.040974185432908,Ideal,G
-0.5737149171254787,6.49722606213521,Premium,D
0.16743538402796565,6.679085970975475,Good,F
-0.6996341110167861,-8.454946795483075,Very Good,G
-0.11503172138206746,6.998042309583927,Premium,E
-0.379417575783931,-8.093857530837411,Ideal,G
-0.12656516665880338,-0.3788783527799106,Premium,F
-0.08164908921383018,0.6908019563934095,Very Good,E
-1.110363227942032,-1.043291134313177,Ideal,E
-0.5086339108390088,-0.8721346753543685,Premium,H
-0.1309779285658909,0.0667847870604244,Premium,H
-0.7234824710461845,-1.0095889666160587,Ideal,D
-1.0512134815919238,0.8272202261103737,Ideal,J
0.0690988960440253,0.3256505860282839,Very Good,H
-0.09647177337701596,-4.2216493465157265,Very Good,F
0.36509845160324983,0.044167086059228165,Ideal,F
-0.04366513933437588,-2.3017315569350094,Ideal,F
-0.9322797329642494,0.3447520711693694,Premium,D
0.06718921798947769,1.0972181005205146,Good,H
-0.7364051708201422,-5.944536213118595,Very Good,F
0.40060845310008386,0.6940032358797552,Ideal,I
-0.10752828697332711,7.248491506810352,Very Good,H
-0.5325222621153913,0.8257015426951089,Ideal,H
-0.2325977096401118,-0.7427388567321388,Ideal,D
-1.4027659029466806,-6.0495894881725425,Ideal,H
0.3563079404716728,-8.014127895446798,Very Good,G
-0.9747084744942397,0.09093897423585673,Very Good,G
0.4222694205349953,-7.280582228844227,Ideal,G
0.07116289683433419,-8.153170127089746,Ideal,G
-1.1545195757563063,-0.972606747541257,Very Good,F
-0.6637920009771547,-2.8086838431779317,Ideal,G
10.881421478983158,6.255396536440433,Ideal,E
-0.9676507661806748,1.1342716613807584,Premium,H
0.09779156455676752,0.29509555209157534,Ideal,F
-0.1808068413922329,7.514113384409895,Ideal,I
-0.9048266064522433,1.1814571485793948,Good,J
0.09505075360592746,-8.224290217797371,Ideal,F
0.5636808550976913,6.98905643717673,Ideal,H
3.056782200934475,7.0024385219202365,Fair,H
0.6411299864008422,8.302175490638682,Premium,I
0.21802775327204738,-0.4848848831507612,Fair,D
-1.295568984836643,-3.998241806243724,Premium,H
0.19991631234941265,-6.110648921639915,Ideal,G
-1.0165670012363321,-0.9345845636239795,Ideal,I
0.31892426892012593,-0.2140775920765374,Very Good,E
-0.7603266110571323,0.8964634153452333,Very Good,H
-0.16599865535451314,0.6616107761045373,Premium,G
-0.11369878820529303,-3.822507825119474,Very Good,J
-1.3054710032327441,-1.554836030784265,Ideal,G
-0.49520773169323684,-5.989832451158088,Ideal,H
-0.14529973386727715,0.037978531899188504,Premium,I
-1.213591170496274,-2.6554863159157973,Premium,D
-0.27121902256187297,-8.570011787547022,Premium,G
2.098727321974639,-3.9641052218137265,Ideal,G
0.14240718523077434,1.744022602020995,Ideal,J
-0.6254797073979319,0.40987895459039625,Ideal,F
0.5279919486875831,3.341504367635238,Ideal,H
0.34719793882151184,-3.957870965078661,Very Good,G
-1.0606091397220583,0.6777834488329518,Premium,H
-0.026327843868005518,1.060710176250546,Fair,F
-0.273900906614887,-6.056364727256068,Ideal,H
0.412959119363405,-1.202170494746058,Ideal,F
-0.11641837710242203,-0.27236379383181214,Very Good,F
-0.2872736205341353,5.977122855876051,Premium,D
-0.24729005606129656,-0.46443772795777366,Ideal,I
0.35219231833478515,6.147480291701344,Premium,I
-0.8348556473523674,7.4149881012257906,Good,G
-0.09783264134935626,-8.69607111565698,Ideal,E
-0.7162484404486236,0.0491197806053475,Very Good,G
-1.0190250247245802,0.2535982578390085,Ideal,E
-0.3238615533178593,-0.3273606835963904,Ideal,F
-1.1120476343882526,-1.1818527542315234,Premium,G
-0.26091888575275135,0.24366494273434994,Good,H
-0.7560379013527512,-7.6702953452203575,Very Good,J
-0.9878879043877355,-0.9408068374507691,Good,E
-0.7590413185607994,-7.860792735304461,Premium,J
-0.004695481210368557,-0.8325217252197442,Very Good,H
-0.8055894719007735,7.750034298296771,Good,G
0.3153483914043944,0.2251263890771971,Good,H
-1.017690655078225,-0.388119688005565,Premium,F
-0.6725998785435644,1.2676159021582742,Ideal,I
0.32806062254217927,-3.6210682039032083,Ideal,I
3.7042377257145134,0.24745132736585826,Ideal,G
-1.100853238287836,6.08167483827533,Premium,E
0.2936767152542977,-0.7045982925961768,Ideal,E
-0.31960153310207745,-7.545238423878948,Good,G
-0.8324903953312193,-0.45026677515527846,Ideal,D
-0.1818460194882576,0.8909978082423824,Ideal,J
-0.8244831671009853,-8.036702972437604,Very Good,D
-0.5524478000210391,6.002632346706173,Good,D
-0.04372965670936685,-0.15485776521196912,Ideal,H
-0.29184154275952556,0.7762174908394581,Premium,H
-1.0277159836400491,-0.9605300725510506,Ideal,F
-1.2767047941139378,-8.361565056305505,Ideal,G
0.3620821344487287,0.12248374298225942,Ideal,D
-0.7609741498451416,1.368468337488956,Fair,I
-1.1628803297849406,1.4707404682058975,Very Good,G
-0.5163369172951047,0.542983516897385,Good,E
-0.6574179678283962,-5.96274874858772,Ideal,G
0.07051643145954856,-0.25849725919852296,Premium,I
-0.6282785549935535,-8.270371833028227,Ideal,E
0.06657962911801096,-1.2394766655869651,Ideal,G
0.11661244925486597,-8.05881084246246,Ideal,E
0.3831116008510732,-8.28316309072649,Ideal,E
-1.192711179327547,-0.671609735604797,Premium,E
-1.2193298313832224,-4.043609540245243,Very Good,F
6.336866316069582,-3.851933311366567,Very Good,H
-0.47361839843971376,6.477491026065683,Very Good,H
-0.8255899064851181,0.8027223378686218,Premium,G
-0.5179050864260867,-0.9494424919332682,Ideal,F
-0.9158318136279723,8.756848420835997,Ideal,I
-0.4368606781904313,7.347091947906293,Good,H
0.4335190472477285,-1.004548207895088,Premium,E
4.044603729430522,6.283532881494941,Premium,F
-0.48848774036334897,1.180813594758784,Premium,H
0.13937838652479373,0.15976617871362273,Premium,H
-0.9550355603683686,-7.369569317330808,Premium,H
0.38438659806920916,1.5123768134785063,Fair,G
-0.7309865985856795,-3.592024706532704,Premium,I
1.576875082576369,-1.8066888362617233,Ideal,G
-0.27160613777402165,0.8942739217023353,Very Good,I
-0.6701069290977179,0.07440451809553394,Good,H
0.46979103121413746,0.1973148772331396,Ideal,I
-1.0801623186896383,0.6568416348479973,Ideal,F
-0.34202809530342904,1.7845865279956648,Very Good,J
-0.23668237020819444,2.410992363080858,Premium,H
-0.02514220242865839,0.006490458070133674,Premium,H
0.030961293433564074,0.9093108295528988,Premium,F
-0.4325007503477439,-1.9383908758748598,Premium,D
-0.6004420148644334,-0.2893497502527598,Premium,D
-0.7173880492425613,0.2488102374722497,Good,J
-0.6424658879703431,7.359971009397888,Good,J
0.06529587217564681,-1.0549536249135107,Premium,E
1.6785463853501685,-8.066094106921586,Ideal,G
-1.2963282874097537,0.19202401242745284,Premium,E
-0.17732962322011994,7.220494711490413,Ideal,G
-1.0264128023213162,-4.331852429401549,Premium,D
-1.2557930173703449,-0.17678094177407486,Ideal,E
0.25711449344212156,-1.2537764809533887,Ideal,D
0.43381102300527175,0.8893870488974922,Good,G
0.48609868924949606,-0.5350373143391051,Premium,F
-1.4226516129230107,-10.500720274113148,Premium,F
0.09311441024155725,-0.617926807487193,Good,F
-0.5698278575345005,0.2322372004978491,Premium,D
-0.4924774493438684,-0.09214136825455521,Very Good,G
0.24968659081683775,-1.769809660062796,Ideal,G
-0.8475416951066626,-0.19958861173057782,Premium,E
-0.36401090561523824,0.2863656723252906,Premium,H
-1.3401203122708352,-0.3528522686882648,Premium,E
0.15882017550086736,-0.2630375030965156,Premium,E
-0.4670257254852662,-0.39797222350937106,Very Good,D
3.992883156572673,1.0717427026272395,Good,G
-0.2254625168206814,-3.959457334314156,Good,E
-0.2787699412961461,-8.235811782077114,Very Good,D
-0.19984846231145031,0.25113221991823664,Very Good,D
6.17210917321579,0.8587483179054358,Good,H
0.42475971774528276,6.9156058885879395,Ideal,I
-0.9915345820086368,9.747172534720352,Ideal,H
-0.07129931528296563,6.73390364642713,Premium,G
-1.3343236986553488,-4.150143116797692,Premium,F
0.5737145998548459,-8.216819163603107,Very Good,F
-0.20847365128841866,-0.6781814698661516,Ideal,E
0.012805926382645605,-0.8109574401768793,Very Good,D
-0.6597717254000619,-4.579126895023417,Good,F
-0.6126339901991913,6.356593111564841,Ideal,G
-0.1731915016944916,6.202384651983074,Very Good,G
0.39071021572130094,0.21786798049510983,Very Good,I
-0.9195115981074141,-0.40200862233190077,Premium,F
-0.6307491553050608,0.2125847129536931,Very Good,I
-1.3547200630717275,-0.025314617229860788,Ideal,D
0.3220846491278616,6.3780793857997455,Premium,G
1.750959763221084,0.33855457087001967,Very Good,H
-0.844963710694487,-6.391482571902844,Ideal,F
0.24293104656287035,6.856229331832715,Ideal,H
-0.1581555262900106,-4.488490686059966,Very Good,D
-1.0892928544901892,-4.041464924472049,Very Good,E
0.16500589184238534,4.973159725903993,Fair,H
0.16269765870252562,-5.94413033058803,Ideal,H
1.1811261647102644,0.43162029189127726,Premium,D
0.3899692299657155,-0.0992199016616607,Very Good,E
-0.4664327852477527,-5.9405705258020145,Ideal,H
-0.24908084133943179,-1.109663974635753,Premium,D
-0.6497739982300867,6.154058696233407,Very Good,E
4.00229045736592,-4.128995829016364,Very Good,F
-0.6914412580490589,6.486036942491465,Very Good,D
0.2776432313097871,-0.11190742331254186,Very Good,G
-0.6473100386767205,-8.11661817614261,Very Good,F
-0.6876508591374123,6.416311900904463,Ideal,E
-1.1077494511520176,0.9428814306412996,Premium,I
-1.0832531421967713,-2.718843832379062,Premium,F
0.46203303855296685,6.779932422600057,Good,F
0.3703086981086806,-4.190715648808112,Ideal,F
-0.07078392685608265,-1.2303371013892905,Very Good,H
-1.1692944250082253,0.9991153623713225,Premium,H
-0.7680578415103985,0.12693805815523776,Ideal,D
-0.45538828150426064,-7.818306089183313,Very Good,F
0.38925535739489714,-2.6302119898332177,Ideal,G
0.17076029677831084,-0.49604262196985344,Ideal,F
0.11953088494000907,0.7512691718560988,Very Good,G
-1.1705436636549114,6.855356487365166,Premium,G
0.3465271101292544,1.2029334686118616,Premium,F
-1.1538644761740522,-0.4915361851421722,Ideal,G
0.4961039254668137,6.411855323440836,Good,D
0.3881519780821784,7.03752373656973,Ideal,H
-0.06461308629183427,-1.1222410792545754,Ideal,F
-0.25916068571957346,0.6737841084267446,Premium,H
-0.8853886541871802,6.402578296858096,Premium,F
-1.2033725495432157,0.20620003003930645,Good,F
0.11735156298223876,-8.17427749503164,Ideal,F
-0.7775228046483038,-3.8783910988986237,Ideal,I
-0.2101670549157166,6.590710976457089,Premium,E
-0.369227920266046,-0.18581764004091328,Very Good,G
0.005290145299049753,-3.6967077053177815,Very Good,G
0.06203467718280603,0.14945001536922298,Ideal,D
0.9993332416655335,0.48723782972959695,Very Good,G
0.011011207844041582,6.375265170028684,Fair,F
-0.4545293910517109,-1.909871319634834,Ideal,E
0.32405268147681066,-8.504987193298287,Good,E
-0.1615997542236115,7.2702354968409715,Premium,I
0.23022080801123368,-3.8808784773383884,Very Good,G
0.2906183857336183,-0.114939332459187,Ideal,F
-1.1320528438229336,-0.9439385489580325,Very Good,G
-0.45170468267728797,0.1470764606349289,Good,F
-0.6747838296787021,1.6710105781595048,Ideal,I
-0.14868070643991205,-3.907824912038267,Ideal,H
0.46692949445001664,-0.3758636928278416,Premium,G
1.3999840362765905,-1.8680915279735286,Ideal,H
0.20747457921799106,-3.7382406646457107,Very Good,G
-0.4738270280525002,0.6907417242116838,Very Good,F
-1.0591975905543758,0.3044417752261424,Premium,H
-0.8773691414125551,-0.4377648133346385,Ideal,E
-0.22319940106546007,-0.38546533070632866,Premium,G
-0.6158839712796498,-0.29008061375626,Premium,E
-1.2669979059630858,-0.23897189635154167,Ideal,E
1.0961844200609918,0.3432438231934046,Ideal,I
-0.13975863269640154,-8.304136017263334,Ideal,F
-0.18720438080343885,-0.2700927083000318,Very Good,D
0.10517616556570675,-0.45114825066235015,Ideal,D
-0.6464577188154148,6.155801688447491,Ideal,F
-0.23653410580877698,6.626311329696627,Ideal,F
0.1656289700396465,-0.08051754483603073,Ideal,G
-0.3664133099523517,6.197348291092909,Good,E
-1.1541040939088227,0.14453865150911227,Very Good,H
-1.178993368917488,-0.49101272136944585,Ideal,D
-0.6444013127984725,6.341817142818024,Premium,F
1.829243374919514,0.29952599274327524,Premium,E
-0.5816698150152981,-0.13524371386138936,Premium,D
0.578770836580987,9.095350960011428,Very Good,J
-0.8548021042817078,-3.1909074437260374,Very Good,I
-0.7527807108031126,-4.009134479190707,Very Good,D
0.4551805525662702,0.10631109132005132,Very Good,D
-1.3397449500725624,-0.5268636755614768,Premium,F
3.968131736997327,0.6962205864023348,Ideal,H
-0.6192462439772348,-5.946196230614251,Ideal,H
-0.12999756456037187,-0.511254126614827,Ideal,F
-0.30368050963892007,-0.9202194178832958,Good,G
-0.8446246868000972,0.43428038223335275,Good,E
-1.3022632863081132,1.1887141177274896,Ideal,H
-0.013918024303289145,-0.028904966528096838,Premium,G
-1.1881577851357377,6.215091080971937,Premium,E
-0.5045255204262955,2.3560144874622644,Premium,J
-0.9209221689972761,6.257614622306995,Ideal,E
-0.5810498781191145,-0.3101655340248381,Ideal,G
-0.5816272722728837,6.765279749267126,Very Good,H
-1.252690960539185,-3.7426375390291384,Ideal,I
-0.23796110298628526,0.06441037668613026,Premium,J
0.7269943725053406,11.207302217455283,Premium,H
-0.7542838600291528,-7.5908126995194545,Ideal,J
-0.13684823632257495,-1.0341037765202081,Very Good,E
-0.7318249362063979,-1.0968628283862651,Ideal,F
0.4303679978285707,-0.3410856002221929,Very Good,F
2.900919568969295,-0.47549144118374514,Ideal,E
0.30238014576793615,-8.130410475935602,Premium,G
-0.2105516446553625,-0.7316409387023521,Premium,H
0.05974247777438535,1.0904940668210816,Good,H
0.011918197699452904,-0.058622070937996366,Ideal,E
-0.0447964560413634,-8.53126230142448,Ideal,F
0.27081225745481163,1.6272722454576445,Premium,J
-1.0842584095580832,-1.1955354531898632,Ideal,G
0.23018216599862373,0.3911136222740586,Very Good,E
0.21357303159611618,3.024801697039084,Very Good,J
-1.3224408174711848,0.34319681394882023,Ideal,E
6.5838636189280875,1.2707391247003528,Fair,I
-0.8438447783606086,0.4309798745637491,Very Good,F
0.11903042567083721,6.629551008067591,Ideal,E
-0.6669404441747486,-6.164792433497244,Ideal,F
0.23660809844743946,-0.2598738837498661,Ideal,D
0.022871168551001353,6.592976808418461,Fair,D
-0.5236587483869165,-0.24732831523018756,Good,H
-0.09951062055442511,-0.9001671293978696,Very Good,H
-0.8619835623235251,-3.0034453814141635,Fair,I
-0.5987294984261975,-1.14327347811669,Ideal,F
-0.991894234368516,-0.1146255099930204,Very Good,F
0.22183226222067343,0.6687986180877942,Very Good,H
0.48796468174798946,1.2059112427073646,Premium,H
-0.249403656603149,0.36443082134575006,Premium,F
-0.6943491108967406,0.4681458542619321,Ideal,G
0.23828468937900527,7.171022710503886,Premium,E
-0.22892214136832403,-1.9951477510758453,Premium,F
5.809341396080151,8.483859330294909,Fair,G
-1.1537432758476038,1.091969300830247,Premium,H
0.3561321273143764,6.404512690095053,Fair,D
0.0043209713780152925,0.9781414901718029,Premium,H
-0.8472426615287465,0.31946033273995955,Good,E
-0.4431792092594802,6.140027279480792,Ideal,E
0.3256475817715886,6.767253830589611,Good,F
-1.0715580068763924,-0.577085718749918,Fair,G
-0.7149398079943377,-3.961487355984163,Ideal,G
-1.0721348920332825,5.589206474750056,Ideal,F
0.032616692302605776,0.44336366506187896,Ideal,F
-0.7273171557064229,0.8726450645139278,Fair,J
0.23196127864636473,6.515504406435487,Ideal,E
0.36854111194140127,0.3091867149342725,Ideal,F
-0.6622373465825976,6.44947611804206,Very Good,E
-0.020418188602315646,-1.122272678633442,Premium,D
0.3387731833461135,-0.3524318155747652,Premium,H
-1.4186046342689975,-6.017652326920749,Ideal,F
-1.2902428094789098,-0.04768760162042064,Good,G
-0.42705247193951157,7.4171400043166855,Ideal,H
-0.3436569394277794,6.597324635986979,Very Good,D
-0.20675225534636887,0.8541460896902394,Very Good,E
0.4092536220306856,-0.03335694053575497,Ideal,H
0.048332755460984034,-0.5029203023740368,Ideal,D
7.318587743601049,6.758083790176947,Fair,H
0.2571957714600398,-4.071680393734576,Premium,D
-0.21370541234232215,0.0205638175593885,Very Good,E
-0.47862849815960906,6.3133256964216296,Very Good,D
0.27030070689868824,0.790131516955017,Ideal,H
3.735079652317319,-0.015438563607864789,Ideal,I
-0.2679752041820904,-9.01044229556766,Premium,G
-0.3139633038080529,0.23314935663922917,Ideal,E
-1.108093128183079,-3.99462777469166,Very Good,F
0.32052078515501803,0.3273003428045524,Very Good,E
0.5209437759260704,6.26969034268945,Very Good,E
-1.2987789830940035,-1.85536189638316,Premium,G
-1.049681511259011,-0.643561912849967,Premium,E
-0.3014182257795183,-8.211118187401981,Ideal,F
0.2727547933775727,-0.11608594273456208,Ideal,H
-0.6217161463856062,-3.8639912370017644,Ideal,G
0.48957551202223026,-0.2837321459223132,Ideal,H
-0.8929361825141825,3.083273319325243,Premium,J
-0.2272075085262097,8.01656104543175,Premium,I
0.3894027093962308,0.5786111097089374,Premium,F
-0.5073063728556985,-1.1009374004998054,Premium,E
-1.07121442866096,-0.31651446202004163,Premium,H
0.36411186572223164,5.891254400019617,Ideal,D
0.1623001471389086,-8.397055000206345,Ideal,D
0.3197650200372534,-1.026330771005074,Fair,G
-0.7721271624283191,6.2609527041750495,Ideal,E
0.2426037384151455,-1.098539447372159,Ideal,G
0.16965546327007008,-0.13486727809293897,Very Good,I
-1.0340033832597895,-4.069330574311437,Ideal,H
-0.378957984412849,-3.835611022234488,Fair,F
-1.0615243411855682,0.40599600254712753,Premium,G
-0.30347004018684853,6.788843965164058,Ideal,I
-0.7980434930181799,0.20204137650611775,Very Good,E
-0.4316773608370428,1.179730796766931,Premium,G
-0.5526276328825684,6.486581334948525,Ideal,G
0.3859383038107276,-9.105310577517864,Ideal,E
13.754541466856557,1.8028599956228406,Good,J
-0.7605455284312087,-5.4838346742096915,Premium,F
-0.5782375818649363,0.417734110066178,Ideal,F
-1.0611945192711323,0.2738247213590225,Very Good,F
0.40542625065810844,0.43298724914630193,Good,F
0.24340680721179464,0.18411633100509217,Good,H
0.11374833794079398,1.4092910863126609,Very Good,J
-0.09785986088288845,0.2607272706970409,Very Good,D
0.4523762861358406,0.07611195453206737,Ideal,E
-0.4927637555864648,0.7872432961042954,Premium,G
-1.1040855365125841,0.5095038382482877,Good,E
-0.7751772379351105,0.42026433192764323,Ideal,I
1.9541888498104059,5.979423110566769,Ideal,E
-0.2509038795536736,6.549813041582984,Premium,F
-1.2636209236338733,0.02002158804988647,Good,H
0.5271268568972858,0.6729337660684424,Ideal,H
0.3463639759014807,-8.053245813320308,Very Good,G
-0.8589907119270387,7.652535410994997,Ideal,G
-0.824259549467832,-0.5885503582969016,Ideal,F
-1.1774330643747153,0.35507466421880257,Good,J
-0.5651862569192245,-1.1263925542719255,Fair,E
-1.2034582328111871,0.047510675127666845,Ideal,H
-0.9232144603179343,-8.119525390538902,Ideal,F
-0.8312314396303164,-0.8428842806664318,Ideal,J
-0.47015098384942744,0.22738024022249956,Premium,G
-0.9983111521420874,-5.82784045060777,Premium,G
-1.0857962484209294,-0.46565689504894014,Premium,H
-0.9173368243474678,1.4499828636680165,Premium,H
-0.5609331114277308,0.04884209135902053,Ideal,H
-0.6669680549805221,-0.8356136358086388,Ideal,G
-0.5230279893744219,0.4554056629630262,Very Good,D
-1.3975667741168838,-8.135826938239592,Premium,G
2.649457195434176,-0.08547329235288206,Ideal,G
-1.1654456409606186,0.20775250199074494,Fair,F
-1.02202601909273,-1.126012947434462,Ideal,H
-1.1609414646768133,0.3715833351767858,Ideal,H
-1.0754388342719174,-1.0770781279478494,Ideal,F
-0.67063268972096,-5.359166678717453,Good,E
0.36062654483023426,-0.14640947372954485,Ideal,H
0.2746384091052603,-4.328726722338377,Ideal,E
-0.6609259766083616,-4.069581070108968,Ideal,E
0.3804602525833992,-0.33601506057173225,Premium,E
0.2247170955529184,-5.859106439837956,Ideal,G
0.4749791112363768,0.07999391384036006,Ideal,J
-1.3280314027077176,0.2226805747547629,Premium,D
-0.617123240176157,-7.59406528565619,Very Good,H
-0.7629511820051251,-0.4420107140391579,Ideal,G
-0.1890015010497812,-8.36923880390217,Ideal,F
0.1585849079612338,-0.795189293719465,Premium,F
-0.6794362963316729,-0.6139004175106851,Ideal,E
0.1781058520878207,6.3216744626044035,Very Good,D
8.624568518754602,-1.1667581637904734,Ideal,E
-0.8443485384487862,-0.15958550757602488,Very Good,E
-0.3769635311747037,-9.552242679664946,Ideal,F
-0.13147399812676608,-0.7744631988607644,Very Good,H
-0.3667524659806397,0.6981091353247448,Ideal,J
-0.38839011134359736,0.2347330584218881,Premium,E
-0.3581566004204359,0.3489060362012379,Ideal,J
-1.3408302231176819,-8.45024492490553,Ideal,G
-0.2779850818045653,-2.7623424782611785,Ideal,J
-0.8897514954810054,1.341872664458425,Very Good,J
0.15967073975702795,-0.31319841729481673,Premium,F
-0.9202534234077503,0.1976434336093216,Ideal,E
-1.366878277409584,-8.06069420996587,Good,E
0.23217313909657145,0.8643674874027331,Good,J
-0.6339026452149086,-5.864837625828172,Ideal,H
-0.031448331905971516,-0.5659727636476225,Good,G
-1.3847604954646453,-7.647084272002528,Premium,H
-1.0634461212245743,0.26471344928058016,Ideal,G
-0.23468973488399728,6.878969944707092,Very Good,F
-0.04898903985130132,0.5024059633846785,Premium,D
-1.2153221160119538,0.05561374174953899,Very Good,H
0.29222778350788714,0.21346988457811392,Fair,E
-0.8306334393482004,1.0978616050658327,Very Good,G
-0.47846195705864925,-0.0018993650905401033,Ideal,H
0.3484958216910442,-7.89860848905994,Premium,G
1.213479614741754,-2.2070474723245774,Premium,E
-0.8574557300385907,-3.8626161865419064,Premium,H
0.08324938708436475,-0.6403328489532355,Premium,F
-1.1550258102881013,-0.14870537481986318,Premium,I
0.22517727669571108,-0.11889007503479151,Ideal,J
0.2429199708964921,-1.4722521604465302,Premium,G
0.3607099501905029,-6.155978875688638,Ideal,F
-0.110281722256348,6.473159464191651,Ideal,E
0.2323573811286168,7.053862555179947,Good,I
0.4323327312420713,-3.001084420430485,Premium,F
0.3322160464942302,-0.31504323401218276,Premium,E
0.46125384785076795,1.0862701902729406,Ideal,J
0.1447669176836514,-4.318088433373713,Fair,E
-0.3711369992454087,-0.2064614831853753,Ideal,F
-0.5494867047128406,5.99490498010219,Premium,E
-0.40971413365395604,-3.8406524121841024,Good,F
-0.9014245981957694,0.009641698516512955,Ideal,F
0.33031685394141164,-3.7338237206075604,Good,E
-0.010825943871165478,0.4763456917539928,Good,F
-0.7419678886758247,-1.0795749327036992,Very Good,F
0.2961617923398334,-1.103211932748784,Premium,H
-0.6923044794631152,-3.5018316097196975,Fair,G
-0.8714420694815876,5.724987023858109,Good,E
-0.7094566710044319,-3.8685278149673126,Very Good,D
0.3499618313980938,0.1742124277358567,Fair,G
0.2054690039892595,-8.097308739887263,Very Good,F
-0.43955796089118593,-1.504392007456259,Premium,E
-0.4694066912844701,1.1955636764639668,Ideal,H
-0.4488336574840742,6.522898928469535,Premium,D
0.23648373385460497,-3.9556475544574186,Ideal,G
-1.2395699401126121,0.9151623937398514,Premium,F
-0.06310286404898396,6.316379779862754,Very Good,E
-1.00158927312193,-0.5820536966014143,Ideal,G
-0.6564733600418141,6.361964754078834,Ideal,E
-1.0762992491179162,0.02552361481835825,Very Good,G
-0.6485625515495916,0.4125996263908338,Premium,H
-1.0759801694174258,-1.7701370348724672,Ideal,G
-1.3136555890534343,-11.893829301197988,Ideal,D
0.3261271362022353,-0.40527446123266253,Ideal,G
0.03835536695319469,-8.4224496016066,Ideal,G
-0.6625089560603917,-4.129705279125667,Ideal,D
-0.05523732811275073,6.544937682682472,Very Good,E
0.11310394601740215,-1.8425662286134676,Premium,F
-1.3604179145886666,-1.1426875508517649,Ideal,D
-0.8060679143603857,-0.1560315748936247,Very Good,I
-0.058354554625000776,-0.24450297674276456,Ideal,E
-0.3979873698545442,-0.8298303766859757,Very Good,G
-0.8578806237153466,-0.15674902181212783,Ideal,G
-0.6246087055586396,6.972502810410553,Ideal,G
0.1500917721547771,7.075861200111566,Very Good,G
0.2719164912190347,-7.152306320703616,Premium,G
-0.7228603668591163,0.3928302372574002,Premium,E
-0.5233832298702813,6.535241697257291,Premium,F
-0.015725403990621833,-0.7603543041247913,Ideal,D
-0.34620279396872516,-3.8766085502204017,Good,F
0.16096673931154326,6.51064328606086,Very Good,I
0.3046383347945295,6.048933095964165,Premium,I
-1.1113631931880863,-7.852608804109951,Good,E
-0.5721968936150297,0.37586655335318053,Premium,F
0.26557949817385806,6.647118367297527,Good,H
0.2683969408587956,-0.221465721117257,Ideal,G
0.4419824685303979,6.7904494577236845,Premium,H
0.024088292482140783,0.22044833408069262,Premium,D
-0.11346159805617714,-8.660331996353342,Ideal,G
-0.5955634444829625,-7.991032412725289,Ideal,G
0.4643241988673622,0.24551530462455948,Premium,D
2.9566271168405813,-1.0971381154345328,Ideal,F
-0.6870527277003747,0.5689915962615913,Good,D
-0.8102031438209433,-0.681486084875703,Very Good,H
-1.3143025133240462,-0.17402997980838988,Ideal,J
-1.075719779145351,0.34355691173496705,Ideal,F
-0.2798453608221252,9.614794188656218,Fair,H
-0.6360219425210101,-1.035508738922189,Very Good,E
0.17717438332984725,-1.1817997785097851,Very Good,G
0.13493360050928183,-1.0278925723062242,Good,E
-0.43715652110301784,-0.1552879811113228,Premium,G
-0.46867508341894243,0.2042526647674203,Ideal,E
-0.7700463793488452,-0.44604870300611743,Very Good,I
-0.6498117911397712,-0.8597909854644218,Ideal,G
0.5696769170664362,6.533041710755093,Ideal,F
-0.701998673865222,-2.7085471510858268,Ideal,G
-0.3398859681959184,-5.960700695728002,Premium,H
0.2605560446519748,0.7758572140539345,Premium,H
-0.8225103358620547,-3.984772160435104,Ideal,F
-1.299583683423318,0.5150786878390147,Ideal,G
-1.2863530117152182,-7.883215747108814,Ideal,H
3.414469946799126,-3.923849794878079,Ideal,H
-0.8250395579136612,-0.3490524468581069,Premium,H
-0.5677332715621665,-2.450257750870558,Premium,D
-0.9771179737801183,-1.3348095959260444,Premium,D
-0.4352333582782598,0.604008917505901,Ideal,G
0.20779567572448931,6.31322699879061,Ideal,E
0.18940581216109853,-0.5151411857723455,Very Good,E
0.017957697311578147,1.5128270832419712,Ideal,I
0.2550453292429079,-0.319069104342688,Premium,F
-1.1322750002489275,6.168102788261872,Ideal,G
-0.4848627495134537,0.7497080313062885,Premium,D
-0.9621666072152256,1.8238701290872046,Very Good,I
-1.3480485560465956,0.6106612840931971,Fair,F
0.08109545802245821,-0.9786467016001106,Ideal,I
-1.3167794487773183,-3.715804656157345,Very Good,I
-0.0847049990502659,0.03346919037610007,Very Good,I
0.2944113651238196,0.42489895466354477,Fair,F
-0.35483193407983277,-8.944588863829614,Very Good,F
-1.2292885624299523,-8.1745016818018,Very Good,F
-0.9991176708969397,-0.42139492772492554,Very Good,E
-0.163895706302787,-1.2718759215794542,Ideal,E
0.8515624108288434,-1.0803827872699656,Ideal,E
0.22772908987379958,-3.971111264302742,Ideal,G
0.24002591288659436,0.2371732983596103,Good,G
-0.4273312041857624,0.42676887068980685,Ideal,F
-1.172118848033247,7.741093715298471,Premium,H
-0.14262747440007367,-0.8166921671171613,Ideal,F
0.23073274464378968,-3.8846493687738537,Very Good,D
-0.32264625196380115,2.581081753856185,Premium,J
-0.5095424546947696,-6.2506242208061416,Ideal,G
-0.10230973803315685,0.2815642933426383,Premium,H
-0.5034487539414128,0.06846385766647833,Premium,D
-1.3025023022935271,-0.6739981588865165,Ideal,D
-0.7475686538790514,-3.897409522800675,Very Good,F
0.34997731768038653,-8.294425937701867,Very Good,F
-0.3942153707810615,0.5897003769949389,Very Good,F
0.23667433061572107,7.457203800293037,Premium,D
0.44617449610839943,-5.230078209590365,Premium,F
0.39676336680288304,-0.3380213071770232,Ideal,F
-0.844906168076941,1.2642098010886378,Premium,I
-0.484393790662381,-0.48220859175240705,Very Good,D
-0.7611401335261816,-3.916304973247553,Ideal,G
-1.0011389322417208,0.2703423250792524,Very Good,D
-0.9435247750744419,-0.9316012721001413,Very Good,D
-0.8741537400626781,-0.31893296027426393,Ideal,E
-0.7399041773391903,-8.371262190078582,Premium,G
-1.1392844414204988,0.10090690325929585,Ideal,G
-0.539803710269858,-6.2572482433768375,Premium,H
0.04377209241597935,-3.7955806207644804,Premium,G
0.3199901874516231,0.3225800865282905,Ideal,E
-0.4076081696053933,-0.1524230884204137,Ideal,H
0.10610018471035793,-0.3782823815687607,Ideal,D
-1.0805674820145348,-9.058238880544206,Ideal,E
-0.5323632178572679,0.08655648646777467,Ideal,F
-0.7214799888691937,6.951357185081129,Good,E
-0.39229881683093604,1.552802655219248,Ideal,J
0.09525472068242546,-0.37375713075477524,Good,D
-1.3178047400688744,-3.7183637985445657,Very Good,G
-0.20934643399453254,-0.2889721183057549,Ideal,E
-1.019453911203262,-8.396471993563285,Premium,G
10.729273003326785,0.9087877691486451,Fair,I
-1.0662492040617213,-4.163753848314813,Ideal,E
0.4191480258315501,0.8590608189746243,Very Good,G
-0.36544487197955267,-0.7178876976429497,Premium,H
-0.8942030316338561,0.59589185385737,Good,G
-0.39897471965122866,-0.511173279943459,Premium,E
-0.1458203896661812,6.210584324827617,Ideal,G
0.2669542263252549,6.989499261117072,Very Good,H
0.054824170549048756,-0.3839580655016358,Premium,G
-1.0735382606810653,-0.8378405307928509,Good,E
-1.0157058345041106,7.317753022179473,Good,D
0.04692905805313474,3.114763511000428,Ideal,I
-0.9557704551938552,0.18278516063422387,Very Good,G
-0.9509404720823699,0.7424991864952254,Ideal,J
0.523455587761313,5.999134209566649,Ideal,H
0.2572695233680272,6.532051558816201,Premium,G
-1.3303736947264313,-4.060809198074751,Very Good,D
0.08434655472257074,0.0639886623282738,Premium,F
0.20713733955083735,0.07123350687738414,Ideal,D
-0.5694519449866806,-1.3039506077741279,Premium,F
0.03005727170132677,0.438188301660183,Ideal,F
-1.001450680866629,-0.29775337162091753,Premium,F
-0.7913492548455807,-6.416312935605451,Ideal,D
-1.2993792056561464,-7.943580784939829,Premium,I
0.027063333408042012,-3.8830246381054514,Ideal,H
1.8465475607559698,1.2400308128375785,Ideal,I
-0.9234993945155925,-8.826873042828318,Ideal,G
0.3441906452592637,-4.173187746380295,Premium,G
0.11234020183792326,0.4543312634178587,Very Good,E
-1.2058336144075672,-4.113764071186036,Ideal,G
-0.5626616869417261,-1.6384862803541875,Ideal,G
-1.048663722019561,5.6715897464304215,Premium,F
-0.41712928682098965,-0.2064659228493288,Premium,E
0.7614594317132327,0.46789896839131084,Ideal,E
0.1844861829050658,-6.014039829586857,Ideal,F
0.3256511223186941,-8.157815762989742,Very Good,G
-0.16138614007693602,-0.43182865571330964,Ideal,F
0.198023519739705,7.176711637049699,Premium,D
0.15259555427900884,-0.31655917470528183,Ideal,G
0.0023066671984318665,-0.18409920414303238,Ideal,F
0.38267658669879934,0.9430079772997622,Very Good,H
-1.2607071108046373,1.8786780685510358,Very Good,I
3.1771570599175925,0.16095319938630923,Ideal,D
0.14645472026732642,-1.8625362084193253,Very Good,E
0.0020042637109105033,-3.975617603905252,Ideal,F
0.4121203964907987,-0.4141181502395877,Very Good,G
-0.13777324124685839,0.2328364301425653,Premium,F
-1.2904477983249838,1.1354624748481912,Very Good,I
-0.9361715445358665,-0.09089724565652389,Very Good,G
-0.3603492569924293,3.1750141632796973,Ideal,J
-0.3904190729004,-0.9757665063147609,Ideal,G
-1.0067452371315755,0.5440904136438649,Ideal,I
-0.4361680354737675,0.45781208982584,Good,F
-0.5263622148554947,0.4245719492866712,Very Good,E
-1.184859487213886,-0.23805740005227663,Very Good,G
-0.1149962197584379,-0.6327752304946169,Premium,G
1.864887638911842,0.7836896000313974,Premium,E
-0.9396625097888891,1.2269565399483628,Premium,I
-0.4090263818174167,0.7659638115598801,Premium,F
-0.21087380307643033,-4.182610917993882,Ideal,F
-0.7334917348751198,-3.773405092214336,Very Good,E
-1.3103771612684836,0.3960618326925063,Premium,D
-0.5308127539250314,-0.2748476350671862,Ideal,E
3.963778750224969,6.715703318379398,Very Good,G
-0.13843679020885033,6.68495405814519,Ideal,F
0.2403800901061215,-8.10870672654028,Ideal,F
-0.6089295076906674,-0.1775338022147308,Ideal,E
-0.3802460472241461,-3.980192718989845,Ideal,F
-1.1246966877915234,-4.060601017892453,Very Good,E
4.819784001950092,-0.5710214384202659,Ideal,G
-0.03592594055716164,0.031595954908546546,Ideal,I
-0.4786408502624214,7.142772691865843,Good,F
0.1978330285443649,-0.46854149090391917,Premium,G
-1.2391751708097276,0.29694735385918153,Very Good,E
-0.09278607063437189,0.503492266442405,Premium,F
-1.0656776772888605,-1.4028558896362051,Fair,F
-0.8512611323056809,6.653110737524219,Very Good,J
0.32738210366950915,-0.08436365045204498,Ideal,H
-0.5082646201503003,1.1832939047542803,Good,G
-0.669661926566987,-1.437787952093819,Ideal,E
-0.40117736141990773,-5.86803118231735,Premium,H
-0.7063248843132501,-0.9267131100150845,Premium,G
0.28940909430097406,6.9657798578059404,Good,G
-0.823892660473309,-1.149769279641888,Very Good,D
0.4150857569384506,-0.9274662567054759,Very Good,H
0.36583993190103226,-2.146048923494536,Ideal,F
0.45365378180601745,7.6573783333225185,Premium,G
-0.2742306186151293,1.5659872748389827,Premium,J
-0.0565228282268837,-4.246903163362604,Ideal,F
0.2735043673473778,0.2362350907777965,Ideal,D
-0.3496481927918293,-8.426848391077137,Premium,G
-0.2105216660320575,-0.16348685991533926,Ideal,E
0.5089364851711089,6.5149815791736545,Very Good,G
-0.6382484130676505,-1.0182695458192659,Ideal,E
-0.24759946699752794,6.773907835848991,Premium,F
-1.2404485264328464,0.3176748139082023,Ideal,E
-1.3024121406768452,0.21662420637308674,Very Good,F
-0.8411365219537039,0.5628811124753955,Ideal,H
-0.2778470746716605,2.3128335872436296,Fair,G
3.8585494487453333,-0.647603428455002,Ideal,D
0.06980895833753192,-0.9546462353808274,Ideal,G
2.714949260620119,-0.734190735328757,Very Good,H
-0.9366016774125919,-0.8369766406117238,Good,F
-1.1755884420227019,7.875643895555499,Premium,J
-0.3190939190763807,-4.236451506548638,Ideal,F
-0.17608009718877538,-7.165546281638211,Very Good,D
0.42322706299743307,-0.53953197691919,Ideal,G
-1.079579984917202,6.0053071675200425,Very Good,G
-0.6878565699238606,-0.8759954976342538,Ideal,G
-0.2907219158752552,2.6196509718534413,Premium,I
-0.10127810536917692,-2.7519677420953017,Ideal,F
-0.5420465124767024,-0.08708654899969102,Very Good,G
-0.7393367826308164,-6.5738556581251855,Fair,F
0.7593214839916836,-6.170960028726319,Ideal,G
0.6498410293765583,0.8337955760998839,Ideal,I
-1.0718129703287076,-8.097808239400042,Ideal,G
-1.2067100825605634,-0.9532116488751305,Premium,G
-1.2304663295186704,-0.48167958103426894,Ideal,G
1.9123922860478233,-0.49184570826633583,Very Good,I
-0.5379084564285403,2.6875501234485646,Premium,H
0.23488602870059438,-7.816704045211822,Ideal,I
0.14725652143953694,-3.94214174456126,Ideal,E
-0.4094015974713968,-0.8280676497238459,Very Good,G
-0.664004051776915,2.2855142151659145,Good,I
-1.0027011407399418,7.2458951834404,Premium,I
-1.1130451648091622,6.840684123399044,Very Good,H
-0.37592383081897884,-9.47982236354726,Ideal,F
-0.6537108424070804,0.4703591474186034,Ideal,D
-1.3335460909804189,0.32010119738460363,Very Good,J
-0.6533128406993306,-8.463767254606077,Ideal,F
0.3011301181087134,0.5398954400824492,Ideal,G
-0.14150796410868038,-1.0404275635800788,Ideal,H
-0.9691119389236154,0.023654692533290313,Ideal,E
0.14619371430703876,0.8789846134110172,Very Good,H
-0.4665854044659564,-0.3497427584392926,Ideal,E
-0.9009883708103676,-0.3149662198291658,Ideal,J
-0.3001793605732141,-2.4383750694310784,Very Good,F
0.34083353061225286,-0.9659951747949084,Premium,F
-0.27952829051597805,1.602759385173357,Ideal,H
-0.6958813391619756,-0.7849173532648536,Premium,F
-0.8368033524295022,-0.24731355238102243,Very Good,E
-1.0727200042865532,0.2761938752668921,Premium,H
-0.1601527051331554,-8.04841349954541,Ideal,H
-1.1498074062087542,1.0048085815207,Ideal,E
-0.7133129843103381,-1.027533110201465,Premium,E
-1.2071979483662436,-8.22751316885347,Premium,H
-1.1732007714682697,-1.0639053825124538,Ideal,E
0.17687867920108546,-0.26231668680248005,Good,E
-0.29788573223564385,0.15222385992589418,Good,G
1.710428086290623,6.870457131374428,Premium,H
-0.3239061703326503,-4.196613980178837,Ideal,E
-0.020493489982568946,6.039583006165974,Ideal,F
0.5709206389021225,-4.884422015487772,Ideal,G
0.5379596643422215,6.517782139128967,Ideal,F
-0.007255591216828339,0.23354115482655444,Good,H
-0.6562795097285493,5.962564962037,Premium,E
0.03840642023117363,-8.226594454007438,Ideal,E
0.038695122801375326,-5.959595905106177,Ideal,G
0.1653665739652157,0.16554351363605088,Ideal,D
-1.3334702417266202,-0.07130284006719961,Ideal,J
0.3872165465791919,-1.308024832846722,Ideal,E
-1.1455372893069757,-3.832994624044906,Very Good,H
-0.15487345279890669,6.527197044829288,Premium,H
0.19747169127815278,-1.2844738980072747,Ideal,G
-0.6701711201539613,-0.17782493272005115,Ideal,G
-0.6727119883299797,-3.049463886873195,Ideal,J
-0.8549941634721476,0.6851752119074587,Very Good,I
-0.14390672771368665,-7.564005491459928,Very Good,I
-1.1259854163483278,0.3360189558651957,Good,F
-0.8417088604137954,6.471552682823853,Ideal,F
-0.5352397708581882,-5.480406376749412,Premium,F
0.35452678917399627,-7.647337573367219,Very Good,I
-1.2769510046335153,6.185073867023978,Very Good,F
2.096826464001037,-8.357456143727767,Very Good,E
0.4712461172033169,0.3728755782561399,Ideal,I
1.8269995810169157,0.33040094697350775,Ideal,F
0.43275188040767265,-0.5964621498343189,Good,J
0.07863464501440443,-0.9722614644454648,Premium,F
-1.1189973821795443,-4.250334435695906,Ideal,D
-0.8541906261358292,-0.6663896344320677,Ideal,E
-0.013899880588024771,-2.2307285614996633,Good,G
3.419312617704725,-0.0991000549482885,Fair,F
-0.06292076206759628,6.355774083807454,Ideal,G
-0.28216928214903286,-8.210340316173525,Ideal,G
0.29021442503527894,6.391815042121542,Very Good,E
-0.5106975786901119,-0.22711111728186448,Premium,F
0.06353736789696113,-0.7176301068250317,Ideal,G
-1.107860974772895,1.366770448178779,Premium,I
0.3521496949994468,6.773536152779299,Ideal,F
-1.1507624461613708,-1.0371217193270768,Good,F
-0.35288234679454755,0.26503509156243715,Ideal,D
-0.9514159699335891,0.36137996270848044,Premium,D
-0.9355562958772884,-3.8929797666827093,Very Good,F
1.1750168961687284,-6.022087072906142,Ideal,I
-0.0038837075191569537,0.7459760318312985,Ideal,J
-0.6741140544057578,0.188834635208481,Premium,G
0.19220689803397695,-0.4016382613802574,Premium,G
2.9955562034001812,-8.190326733647145,Ideal,G
-0.1051770283448561,0.9902690930366336,Premium,H
0.003832880439516073,-6.777775836577288,Ideal,D
-1.1942735249864904,-1.0117824604098085,Ideal,G
-1.0930554413981723,-0.8788247520456592,Very Good,E
-0.9258173342288849,0.7764385946420385,Very Good,H
-0.612357300286246,-3.9306903201073804,Very Good,G
0.02911445121559314,-2.1572682753536276,Very Good,D
5.4443059075509845,7.486393237723608,Fair,H
-1.2562473181471092,0.016594711903559663,Premium,F
-0.3352805354918772,-0.38172164099381234,Premium,F
0.09302683222236469,-0.33417832908631495,Very Good,G
-1.0610412787362453,0.18410537775266508,Ideal,D
-0.35092182802881144,-0.3745533454027377,Premium,E
0.2657300770401211,6.71790147990765,Premium,D
-0.9888032471985544,0.29769930360686536,Fair,E
-0.9462464765335112,-0.9514586194122503,Very Good,F
-1.2784302157103036,0.8419655507437322,Premium,H
-0.21163878730048957,9.193090212768666,Ideal,I
0.07723736252613139,-0.38287545146136737,Ideal,H
-0.5216545408486974,-6.58440172905368,Very Good,F
-0.8516820923221955,0.292115321689727,Ideal,D
-0.6323759618876185,-0.6867275784372978,Premium,F
-0.9664142583327929,-0.7419601671298965,Premium,F
-0.32434562589236804,-0.6890802384705764,Ideal,H
-0.03098962851595427,-0.9193170629099449,Very Good,D
-0.371920808501351,0.2870946482706516,Premium,H
-0.9462229226315519,0.4408755380068282,Ideal,G
2.1079240337798577,0.6200269665733339,Ideal,H
2.2289603888025926,0.3961723119615513,Good,E
-1.0557721897438328,0.19885694932050255,Good,E
-0.36162636806867593,7.100577616471012,Premium,H
-0.17160833655357424,-0.7558876491088483,Premium,H
-0.19941070763140056,8.763374183304254,Premium,G
-0.9098768345771229,0.8090734286640748,Ideal,I
-1.2404763564202121,0.8247169511963843,Premium,I
0.3749307469777411,-4.014570985972003,Ideal,D
-0.7927272694172035,0.012016402009090231,Ideal,G
-0.6669954227879802,-8.05426795980611,Ideal,H
0.13909015835798477,-0.28364387818320563,Good,G
-0.9248997353617399,-0.1796899053725686,Ideal,D
-0.9163940656955225,-1.0136274280988629,Very Good,D
0.13952399215980626,-2.1404714442594472,Ideal,F
-1.1248081940618453,-0.1083655228962778,Ideal,F
0.2261398600761253,-0.86157071887249,Premium,F
0.3595486963306487,0.8019200028722188,Ideal,H
-0.9615989351929506,5.768997279112586,Ideal,E
-0.5165483173278194,-0.9478122052926191,Ideal,I
-0.8158691133508931,1.4121130515833606,Good,E
-0.9430218165727658,1.054851379644814,Very Good,G
-1.239972775994781,-1.030043453558037,Very Good,G
-0.8128770356000146,-4.116254813449162,Ideal,F
-0.3342229177975201,7.117938475726359,Very Good,F
-0.5221961421146186,-1.0243500847757878,Premium,H
0.0210538941939602,7.592584455397495,Very Good,F
-0.2878043751774717,-1.081958313609885,Ideal,D
-0.9335013443877432,6.269964221485514,Premium,D
-1.206882158155453,6.241143772699086,Very Good,G
-0.2194779288216372,0.254436246583894,Ideal,E
0.05666868168457728,-4.057058702624797,Very Good,E
-0.7935968262718289,-3.903366316571346,Ideal,H
1.7732714862059806,-1.0154004431413575,Ideal,D
-0.5495505574549602,6.090333737784111,Ideal,E
-0.6488840307770362,0.055401785455643136,Ideal,I
0.30781338997441043,-0.7883695669293203,Ideal,H
-0.8672877445844447,-8.473831539255176,Ideal,D
-0.6816388319806856,-0.9722948451684678,Premium,F
-0.9288026726945334,0.2707983845308053,Ideal,D
-0.8782659696478947,-0.6750569977891332,Ideal,D
-1.1403329070962724,6.982498130105198,Very Good,H
-0.9651719395412008,-3.986732547587949,Ideal,G
0.07403170111640123,-5.224958838279305,Ideal,J
-0.3197643912216595,-0.27572702281251116,Very Good,D
-1.390492323021546,-4.280027251266315,Fair,F
0.13412352180746778,-8.215724910436258,Ideal,G
4.730793015296817,0.6452306287325843,Very Good,E
0.05574170449301913,6.243042180284996,Ideal,E
-0.7332012625444806,2.0340128614041237,Premium,I
-0.8532281016348366,-8.034287151897095,Good,F
0.06902936924040709,6.330901301521289,Premium,F
-1.1061354474562815,-0.621900148085838,Premium,E
-0.016566014523096306,-8.206609101378293,Ideal,E
-0.7791096433543712,-0.22164558293226547,Premium,G
-1.1561857530822985,-0.44656651325631397,Ideal,I
6.132231178069597,-0.9061384650148373,Very Good,G
-1.1390455076263688,-7.476125314564455,Very Good,I
0.2978649623078531,-8.228348232365326,Ideal,E
0.3185752011359113,0.02697550136030786,Good,H
0.3398956207476336,-0.48489393040463014,Ideal,E
-0.06809398821885515,7.25998127322029,Very Good,F
-1.0937263952468774,0.5431659260548355,Very Good,H
0.08314516911711611,-7.970116074367073,Very Good,G
0.4250283203483045,0.4818237264246752,Good,H
-0.09909918042742644,7.732502110679408,Premium,I
-0.6640248616366792,-0.9460413791775191,Very Good,F
3.618265817166924,-3.9327480030428963,Very Good,F
0.5352164894187887,6.4116187488042184,Premium,F
-0.5306006771537446,0.24323287311052313,Ideal,F
-0.39402725485829077,-0.758068484546023,Ideal,G
-0.29195534399114736,0.1406790631819911,Premium,D
-0.8815923871715935,-8.295627844281217,Premium,E
-0.808373646828552,-0.8375272615773289,Very Good,E
0.47486224171693225,0.48366597678437817,Ideal,G
-1.3385089731009852,-1.3436361624675586,Premium,G
0.04213339565971197,0.2462620611093648,Very Good,F
2.3528997193139713,-0.30412094692654085,Ideal,F
0.1133776062038665,-0.12523492405917008,Premium,H
-0.6673581635950587,-0.3011459281809658,Ideal,H
0.4047200276127363,0.1835440313024316,Ideal,D
0.32662444651860434,-0.05090393976512732,Premium,E
0.1620890820929578,1.1471624882484337,Good,G
0.021489907404701025,7.012475947276237,Very Good,G
-0.815440153553461,0.8952096728564981,Very Good,H
-1.0435001891215792,0.7579922662533857,Very Good,H
-0.7507028522544843,7.0225069213116935,Fair,G
4.069884830201567,0.39583188024838517,Very Good,E
-0.6622683323884786,0.4564590392011739,Good,E
0.2815666346400917,0.2486178566861291,Ideal,F
0.4568921442306656,0.2260305444208228,Ideal,I
-0.436737829946534,2.081087555283031,Ideal,H
0.260567821628894,0.48893176687939277,Very Good,E
0.4324171850617551,1.6800472884356359,Premium,I
-0.7109080271590013,6.472154444078759,Premium,D
0.10421215941509171,-0.5861744829726196,Premium,I
-0.21297654751828696,-0.31667393618646494,Ideal,G
-0.2265648537687023,0.23657226892876412,Ideal,G
-0.4058395972951826,-4.102172852070842,Ideal,D
0.5081813167808108,0.32039864782760935,Very Good,F
-0.20783164203973561,7.404417933103101,Very Good,E
-0.13559979903784752,0.7376997972677998,Ideal,H
-0.09426788064163966,-3.2392867568493138,Premium,I
-0.9532321881444417,7.702966963394951,Very Good,H
-1.201800397026582,-3.612068950672913,Very Good,H
-0.9411268976447446,-6.125721916839146,Ideal,G
-1.35552903823675,-8.010793216272479,Very Good,G
-0.28921711447405185,0.1621899472577317,Premium,F
-0.5759735649389759,-0.7087245928867001,Very Good,I
-0.7056403502971564,0.7770821478571751,Ideal,J
-0.373257821659063,-2.5841274881922582,Ideal,E
-0.9988396625808205,-5.873513051886871,Ideal,F
-1.2827631589482755,-3.8668526994726764,Ideal,H
-0.8954443020083537,-1.0475935833804684,Ideal,F
0.13780438693330305,-4.218604650322843,Ideal,E
-0.2053703076538844,-2.1675690434448254,Premium,E
-0.15625591492126803,-0.8865485045612235,Fair,F
0.30848133219279794,-0.5451022432122382,Ideal,D
0.3591957772966745,6.449360038590529,Very Good,F
0.1439770909014349,-0.10528554957623758,Premium,G
-0.9549635588488482,0.36212821117189814,Premium,H
-0.4599019577645509,-8.241493467400863,Ideal,F
-1.1340698774436317,-8.462445831436135,Ideal,F
-0.7255361628309152,7.996707219315992,Very Good,H
-1.3513307789226312,-1.4378517329047054,Very Good,D
-0.07512650503936735,-3.9787230556728197,Very Good,E
-1.2981507137684187,0.8928911775438743,Ideal,E
0.6694099978887066,9.654985321919877,Premium,I
0.2148284408506218,-0.2373478044655675,Premium,H
0.1264825015235272,1.8584123174116984,Very Good,I
-0.42845586830736443,-0.432876710116227,Good,G
-0.5466291049445282,-4.106920366895325,Ideal,E
-0.584303008469726,0.41275653127285433,Ideal,F
-0.6299027895849127,-7.9666806158704295,Premium,G
-0.2303843346231999,-8.152718895366503,Ideal,F
-0.9212098592036466,-0.7690537724634218,Premium,H
-0.0580128647247693,-3.0475741303124195,Fair,G
-0.8346176968781105,6.151293889299442,Premium,F
-0.21645103084716302,0.1108738730672851,Ideal,E
-0.2956785284254272,6.917951424593134,Premium,F
-0.9764504469363721,0.32125853423019624,Ideal,E
-0.7057293121100576,1.1008204838487463,Premium,H
7.351833582278507,-0.4690976122318233,Ideal,F
0.23412290985072837,0.1762547732593868,Ideal,H
0.2540543536888571,0.8938108227931891,Premium,F
-1.4250885213639894,-8.186451204084623,Ideal,F
3.4814751959411785,-0.09379414603207363,Very Good,H
-1.1191798426363393,0.43037166928570464,Very Good,J
0.23616997064689516,-0.279856901618834,Ideal,I
0.34657906008598527,6.567506253885603,Good,F
0.22404602874570645,-0.36080613036791825,Fair,H
0.0690359592705363,-0.9647445586528781,Ideal,H
0.032629589080793275,0.28340223229963035,Very Good,D
0.17845449684961823,-2.8246534993526433,Premium,G
-1.052226053958732,7.02948989461981,Good,I
0.3228990901456186,-4.063585123015273,Very Good,D
-0.9939552941994623,7.18083531510507,Very Good,E
-0.241026660749117,0.5595274935094089,Fair,E
-0.9372842686301234,0.9245322788315713,Premium,H
-1.1317282926793164,-0.15534319582069778,Very Good,D
-0.36840384214724525,-0.15815357678276362,Fair,G
-1.2832450372492217,-0.11331285544290204,Premium,D
-0.67109643206627,-8.08483871828031,Ideal,G
-0.7643285703588081,8.250066407197457,Very Good,I
-1.0568278047148487,-0.8492056465224872,Good,G
-0.07277146030310444,0.6825975200824764,Ideal,J
0.3332046961027564,-0.2499620080337094,Ideal,E
-1.2129012526509952,6.4600238735046975,Very Good,D
-1.2383371445930647,-2.246743876461829,Very Good,E
0.3686327036290459,-1.8918698439505302,Premium,F
-1.1263000018252622,-2.057092723574353,Ideal,F
-0.45971013881431544,0.2052126457970503,Ideal,F
-1.0655862056340182,-0.1931271893291324,Premium,F
-0.49274768218484233,0.9779263633265365,Fair,H
-1.1687941789906107,-0.27899966401163884,Ideal,F
-0.7149198208550351,-3.976355984063932,Ideal,E
0.4862006369523574,0.6515520424424054,Premium,G
-0.6190803999225307,0.664116358017476,Good,G
12.980067021434252,-6.088742302883701,Ideal,H
-0.8852372409512916,6.556496926022015,Very Good,F
-0.21307073851540853,0.22115027073321739,Very Good,I
0.1520388198901501,6.993975938514278,Premium,H
-1.2107281259154106,0.33535102559162105,Very Good,D
0.3000841007483639,-0.4403338001614731,Very Good,E
-0.5976196114005654,-0.8021549953259343,Premium,J
-1.128861079374084,6.797582900751598,Very Good,G
-0.5325218551646589,-0.3033023657937626,Very Good,E
-0.8458930153203745,0.4690285343549071,Very Good,E
-0.9273897476995182,-1.0512729646952346,Ideal,E
-0.7999485416992547,6.01384242720603,Premium,D
-0.5899209010881266,-1.2451385004694484,Ideal,D
-0.875776313386123,0.8270873181593664,Good,I
-1.2667158272308725,-0.646507230873192,Ideal,G
-0.46362820330992094,0.11519798854590549,Ideal,E
0.13857315186770108,0.4970231113023996,Fair,E
-0.49712458192144404,-1.2507053295575352,Premium,G
-1.258848312529063,-0.2668815785291598,Good,F
4.572291035335288,-0.05014943491578939,Ideal,G
0.28149899645464316,6.739520382829925,Very Good,H
4.389618424976299,-0.8779402870697701,Premium,E
-0.5194170354788958,0.2028760359943427,Very Good,D
-0.0018000612081008338,-1.1150292632512289,Ideal,D
-0.6812621916119876,-6.152628281759869,Very Good,G
0.17734183555484107,6.50282891827219,Very Good,F
-1.1414403619625069,0.52030452100882,Very Good,F
0.40395271911848374,-4.100923228502793,Ideal,E
0.11982919011222698,6.7324658030626905,Ideal,F
-0.7628451226715824,-0.2787938808797962,Good,G
2.0060116285925598,-0.4059198548166711,Ideal,G
-0.4307362404950676,-3.825538467510382,Premium,E
0.019606226971486285,6.771607349508694,Fair,D
-0.001247459002818807,8.633019761526585,Ideal,G
-0.5727203984601136,-1.6727471769311224,Ideal,G
-0.01147749906239165,1.638202888149763,Very Good,H
-0.2817853658336045,1.9631140973424908,Very Good,J
-1.095035726914512,6.906218346640824,Ideal,I
-1.1506867538345449,-0.28546985930498475,Premium,F
-0.29774860039530654,-0.19360932665582303,Ideal,F
-0.6964475547843358,-0.5274983889834545,Ideal,G
-1.1704399089812672,-0.3233253433497043,Ideal,D
-0.8955788057786427,-6.110128133218246,Ideal,G
-1.155056611019413,-5.962027553735115,Ideal,H
-0.49474523836502204,-0.4285252628300575,Premium,H
0.2687392960446705,6.600964070307765,Very Good,I
9.363334802932572,0.5096685514493656,Fair,F
0.39452086592726854,6.714545037121532,Ideal,F
-0.7716074297604645,1.0982760134019913,Premium,G
0.4656335220766433,6.741084000026103,Very Good,G
-0.4459469252194429,7.000411089403892,Ideal,G
0.31542775942136403,6.371981809251809,Ideal,F
-0.7857625486071405,-6.129402337835321,Ideal,F
-0.23839514425848168,7.987411877452958,Very Good,G
-0.5182076287095988,-0.6418722267269666,Ideal,F
-0.771230935587256,-0.26766586002659354,Ideal,I
0.2812514791698222,0.21394851527004624,Premium,F
0.4183890736199404,7.3679561845546075,Good,G
-0.47924560494167817,-8.05373437927373,Ideal,H
-1.2924078998946547,-6.368311986685697,Ideal,F
-0.4703842674940951,-0.9693381483709625,Premium,H
-0.367503272978392,-0.58411206644263,Ideal,F
-1.2707836899053517,0.6350788191308477,Very Good,H
-1.162388559937063,-0.5502993511678661,Ideal,I
-1.4018182190972759,-7.028851121161019,Very Good,F
-1.0393525792823777,-0.7450434250872764,Very Good,E
0.33962591391354624,0.4541983415118621,Premium,E
-0.9524202839132127,7.15003492292826,Ideal,H
-0.44353846648418926,-0.8277285846500315,Very Good,H
-0.006070123702381469,0.5794856288332932,Premium,D
-0.2324879968922507,-5.822958290608554,Ideal,H
-0.9747688743225846,-4.03148712078941,Premium,H
0.4825787213644862,5.986256344058185,Premium,G
-1.150927532455492,-0.7700116062629383,Premium,J
-0.3209677115868609,-10.5795034848608,Very Good,G
-0.3758187981561468,0.9384969056516104,Premium,H
2.328153388626154,-1.1379622773626619,Very Good,F
-1.287100035548371,-4.9516293681526875,Premium,G
-0.5255309400260142,6.811467659482504,Very Good,F
-0.6333785591340678,-4.055623641812868,Very Good,F
-0.8886491856328413,-6.001104243012378,Premium,G
0.4418366689955362,0.4199788523057405,Very Good,G
-0.40130850356112235,-0.714776260106107,Premium,E
-0.29446225154449346,-0.052850744188290624,Ideal,H
-1.1958927170368039,5.821079610044164,Ideal,G
0.1611374317150711,-0.1753951769115709,Good,G
-0.802166353056573,6.688059130473063,Very Good,G
0.39323977818989275,-3.897804479153109,Very Good,F
-1.0105570757023625,0.8133466165268025,Premium,J
-0.6209816491891029,6.116165121670372,Very Good,D
-1.0180711905459112,-8.40018997728953,Ideal,F
-0.4988910028695467,0.8273353218460531,Very Good,I
0.2634421437303892,6.57368313211855,Very Good,F
-0.9625101532402006,5.910320789109742,Ideal,E
0.16522994166922567,6.714205668383353,Premium,F
-0.5196515871978177,0.713887106073588,Good,H
0.007848503603368084,6.742957914897607,Premium,F
-0.463896833756726,6.789724672559616,Very Good,H
-0.8379214154802893,-5.773436931200264,Premium,G
-1.0651625373927152,0.7659781695279723,Very Good,H
-0.747429408911704,-8.831325809196606,Ideal,F
-0.6291112088590101,0.5161386194688046,Ideal,H
-0.29935587738559194,7.078015823258544,Fair,H
-0.5929154596054367,6.53278666392393,Very Good,H
-0.5227958941066665,-7.937266271442509,Ideal,F
-0.2899750300849074,-4.005355213711012,Ideal,H
0.2371749012935036,-7.940298732623774,Very Good,F
-0.23839302035676502,6.312761456045443,Ideal,D
0.042747381218134206,7.227101958449275,Ideal,I
-1.0904267685663467,-0.1611123318193083,Ideal,E
0.07398392550075261,5.87502806758352,Premium,D
0.09081421606022932,-3.801531177577298,Ideal,G
-0.10029131368576372,-5.9946749149415846,Ideal,H
-0.8095369722269032,-3.548551100300067,Good,H
-0.5855060729793261,-0.37999989853915794,Ideal,E
-0.23118135771777198,-0.28136189005873236,Very Good,E
0.06356184632681516,0.32915457424775146,Ideal,J
-0.17681731578777543,-1.049784651429346,Very Good,D
-0.201271568793314,6.962758435256486,Good,J
-0.3557134478401684,6.791471679202668,Premium,G
-0.7491351634425351,0.22538025432667472,Premium,D
-0.26974679573572846,3.0738436306826764,Premium,J
0.0863568041633157,-1.3346973388071002,Ideal,E
-0.13280563002190485,6.421667421829522,Very Good,E
-1.1100873436410938,-0.10020977094112829,Very Good,G
-0.3662175327737769,-6.12278279910394,Ideal,G
-0.36870361750459113,6.185624307338551,Very Good,J
-0.5376559432998247,-1.2667262206966514,Ideal,F
0.11946967685821891,-0.31777894690632597,Ideal,E
-1.3163278388526805,-0.10771768633651364,Ideal,H
0.233511455851811,0.36875637146309054,Very Good,F
-0.24367096363511448,-0.42288268145604613,Very Good,G
-0.8046550713101774,6.066984963615493,Ideal,J
-0.8224583252261974,0.2729404604062904,Good,H
-0.021754557627769844,-1.0216253304252527,Ideal,F
-0.12372915320090888,0.4819622495451149,Very Good,F
-1.1958170112012876,0.2164542728111368,Ideal,D
-0.1501384568828733,-0.706882366047311,Very Good,F
0.39109945040692584,0.6561255994121872,Very Good,H
-0.32777978671703595,-3.7196100037000392,Very Good,H
-0.4991059820467209,-8.199383262072168,Ideal,G
0.015045685343050341,6.851622565314982,Very Good,G
-0.2810217154463296,-3.9048455097160457,Very Good,F
0.13029445052027394,0.09694396804081432,Very Good,J
4.392369412980381,-8.177502120188741,Ideal,F
-1.1626797143015226,6.235366896635833,Very Good,F
2.4640439180601406,-4.0465489070177485,Premium,F
-1.249336032423361,-5.8118965959769975,Ideal,G
-0.08568973810536634,-8.817178456759565,Ideal,D
0.0489982559866895,0.2793549001247367,Ideal,D
0.2909585870853918,-10.35824251966953,Very Good,F
2.231474855486285,-6.1642734766983756,Ideal,E
-1.112150637302963,-8.27627662649437,Ideal,G
0.0559992111324385,-10.852502409893972,Very Good,E
-0.5218591715838079,0.25640355197644205,Premium,G
-0.005322186924284822,1.8542267076139647,Premium,I
0.15298812780178905,2.4425700112497855,Very Good,J
-0.03491026163876704,3.825343498799478,Very Good,J
-0.27728274558283106,6.6057470352548995,Good,E
-0.7333074473376695,0.7681055137959383,Fair,H
0.19612690468383653,0.3707440594996529,Premium,I
-0.6753079681997776,-0.8134851105274219,Premium,H
5.437084518740243,7.8064030615514035,Premium,I
-0.5160202435631341,0.7943827128865721,Very Good,H
-0.5250711569656421,6.20094200994231,Good,E
-1.113435132211339,1.0790638767424143,Very Good,I
-1.3179459703409937,-0.2943112701611508,Ideal,I
0.3628577666259387,0.21970799909230757,Good,I
-0.4015658970804763,-0.3880664555407283,Very Good,D
-0.6500692895961424,-3.4975372273690115,Ideal,J
-0.20855421685492767,-0.18985493166300177,Ideal,E
-0.772033443050648,-3.9643710644430485,Ideal,G
2.385158968548177,-0.9668995063317977,Ideal,I
-1.042837162441589,6.5315701417850445,Ideal,E
0.27445904306822255,6.623407549512515,Good,E
-0.014544908322975503,1.9696697655131505,Premium,J
-0.948961761592571,-1.125159866458234,Premium,F
-0.550658157276193,1.0063776398166564,Ideal,I
0.11518895275063495,-1.2340585319752084,Ideal,G
-1.020176867872282,-8.204262426954491,Premium,H
-0.15638164452442269,0.48732933897649755,Ideal,D
-0.42554695919899405,6.231905617817671,Very Good,E
-1.1654333804556434,0.4739791258561217,Very Good,G
-1.157697792651093,6.355051023866218,Very Good,E
0.06264491094985475,1.1956123400045424,Premium,H
-1.3331723727496234,0.2289542221622259,Ideal,H
-0.48855555745029405,-0.5067214816891618,Ideal,D
0.8131372306469323,-8.143500098431007,Ideal,G
-0.12450424852782382,1.0373290108186775,Very Good,G
-0.38300175034817796,-0.8478753706303246,Very Good,G
-0.4779204321907395,0.3767604255504469,Ideal,I
-1.231451076354149,-3.8286447398942993,Very Good,D
-0.2335806049536672,0.6536542637121235,Premium,F
-0.3881608128643961,0.9874733231970085,Very Good,J
1.0433358695538324,6.7883084977845325,Fair,F
-1.006955839777099,6.485323531580614,Premium,E
-0.3295588296689266,1.324410426816554,Very Good,J
1.27971180759255,6.304253087417606,Ideal,H
0.2415527457576393,-0.33147588346129503,Ideal,E
5.258850775699092,8.311016239995928,Premium,H
-0.7561431729102772,-0.33809665156367813,Premium,E
-1.117264647602923,0.10889690867396387,Fair,E
-0.8655396903010735,0.37017792900012614,Very Good,I
-0.7130696257625726,8.117530648336231,Fair,G
-0.024514305065023556,-0.30459284554601335,Good,D
-1.0846324782483774,-1.7868571059872338,Premium,F
0.036379610451765076,-7.700733133712598,Ideal,G
0.3445238771005771,-0.7454099631991273,Premium,F
-0.7918454321835651,-0.18409383440951907,Premium,G
0.36920408243553215,-0.5457575002650463,Ideal,I
-0.08727009762740401,-3.793430170676773,Ideal,I
-0.9385286191073621,6.727063093364403,Ideal,H
0.2010357556680279,-0.30000374898337684,Good,G
-1.2519146119287763,-0.48783990577425135,Premium,G
0.0309119774382412,0.9673042606053586,Ideal,H
-0.9771146433832233,-0.1849845263719799,Good,H
6.173778483853981,-1.1112078261239589,Ideal,F
-0.23960147611779595,-0.08071882268226424,Premium,J
3.6016940087909637,-8.317423485937594,Ideal,E
-0.02648437652710306,-0.5072285326944599,Ideal,E
-0.4812736498420155,1.5441229919172894,Good,I
0.1655056661722918,-0.7564599899695416,Good,G
0.020207221985558965,0.8531377594790515,Very Good,H
-0.4368758522998896,0.9919099295559461,Premium,E
-1.2336007230052592,-0.6962083097004641,Ideal,H
-1.0533338515547648,-0.32111631147677067,Very Good,G
-0.5605099829869445,-4.592886361144595,Very Good,G
3.2045114607948237,-2.063630816603299,Ideal,E
-0.5932998000474994,-6.1816072516604335,Ideal,F
0.2373804248596436,-0.012904510484766075,Very Good,D
-0.21364907921562667,6.733682457935985,Very Good,H
-0.40665053313040883,0.3661524785793456,Good,H
-0.6270965554767145,0.4692164314370987,Good,H
0.27269368099643543,-0.26998898453188536,Ideal,D
-0.3521525667751589,0.9982676979340697,Ideal,J
-0.535810870348745,6.132128010263766,Good,D
-0.6207391523414163,-2.5806222048931287,Very Good,F
-0.34758604113837493,-0.08197971697538795,Good,E
0.3308774946877877,6.363617478906625,Premium,E
-0.32556491249953795,6.267604569869544,Very Good,D
-0.053930318417131085,-0.06604440265369454,Premium,E
0.4168198081473349,-0.4844811039446587,Ideal,G
-0.26895993922831657,-0.502960036193133,Ideal,F
-0.5042274376964857,-5.2002069783963965,Ideal,G
-0.09679492851973992,-0.21307923372849968,Very Good,E
-0.4837734899451822,0.258966975408708,Good,D
0.04740783522826619,1.4427422316898175,Ideal,J
0.46510139806965456,-0.8725912507232689,Premium,G
-0.6731156587218106,-7.99433030309673,Very Good,F
-0.3978142933997226,-0.9934228401203816,Very Good,E
0.10987617485577045,-3.805622266324874,Ideal,F
-0.6528539103883824,0.3511382556361108,Ideal,E
0.36206548975550235,-1.3269242521501337,Ideal,F
-0.5616345822918598,0.5264059009058817,Very Good,E
0.3297701866164666,-1.258907863203875,Premium,G
-0.8690354520001452,-1.0941153186186143,Ideal,E
0.22444445707742156,-0.8354805522940293,Fair,E
-0.9009057522897891,-1.2321968758838666,Very Good,F
173.16592253816466,4.7707515678678885,Ideal,H
-0.49881884920557834,-7.64882344306612,Ideal,J
0.41455956830574214,7.633018565543922,Ideal,I
-0.008766944067120697,6.742489387942239,Very Good,H
0.005096746048420753,-0.39271603353633316,Very Good,F
-0.15806806554637756,-3.856328737008934,Premium,F
-1.084720793484692,-8.056042781470156,Very Good,F
-1.0365882156384636,-5.933910397340982,Premium,E
-1.0368500714363493,0.9942523561922914,Premium,G
-0.797338498558382,-5.506126374788496,Very Good,F
-0.13388068766314737,-8.152638293458823,Very Good,E
0.46617218827530504,0.20716008878873152,Ideal,E
-0.8134207891004748,1.2107122461437305,Ideal,H
-0.6357576189427254,-1.0288412360532,Ideal,E
-1.1059111216344926,0.82842542050408,Ideal,E
-0.15576384653606767,-4.267799499530458,Very Good,D
0.322658624849373,0.753090729497483,Premium,E
0.7036074971960283,7.239926890731905,Ideal,E
0.22814651851032708,6.934324856908598,Very Good,H
-0.4845429577761713,6.0908130412268005,Ideal,G
-0.30499570156658246,-2.2552654124854805,Very Good,E
-0.561279626987482,-0.9803031529113978,Premium,E
-0.17997605799988312,7.372129929241904,Premium,H
-0.7116001480533434,6.273072314954669,Ideal,E
-1.0106163822560639,0.09387621319550146,Ideal,D
-0.26902971894912825,6.254382184042479,Premium,F
-0.1526546395857055,-1.5858618679835204,Ideal,G
-0.49169980826924453,2.007117389998377,Premium,I
-0.7991136607202207,6.771482591210378,Premium,H
0.18547199311799312,-3.9810892956906834,Ideal,F
-1.1101151115734402,0.6036553193104447,Very Good,J
-1.3513528954227794,-3.7930216957347214,Ideal,G
-0.2914183270299176,0.7209677310977556,Ideal,G
-1.2994299042635482,-0.8341316397285544,Ideal,D
-0.9995673647847568,0.594778591497479,Very Good,G
0.5014267143539847,0.220938195677611,Premium,I
0.2362591532468442,-0.2834445339237165,Ideal,E
-1.0873559925682736,0.34584471702813613,Very Good,E
0.4786987311900349,-4.725574034294291,Ideal,D
-0.0769833110565451,0.012857026286163649,Fair,G
0.14374905932912746,0.3099544078402227,Good,H
0.11750210918280629,-0.7920323682467016,Premium,J
-0.7276464866695735,0.5087224065104722,Ideal,H
-0.18379307003578232,-1.1123075056086047,Very Good,G
0.22429455439443302,-0.16851183895334798,Very Good,E
-1.2568251190646913,-0.38829582830945364,Ideal,E
-1.2184501756383619,-3.989823508096765,Good,E
-1.1463036327898841,5.823444693969437,Ideal,D
-0.8754535066640443,0.23556293681210413,Ideal,E
-0.4390554920994617,-0.8204808314887074,Ideal,J
-1.2678071022916007,-0.5407406663097715,Ideal,F
0.2928742929190222,-1.2276497970271982,Ideal,G
-0.12858267127133263,-0.27892783182707803,Premium,E
-0.15530700275620649,0.3227441975756927,Ideal,H
-0.7345686948757183,0.7144153578835828,Very Good,H
-0.5617817880618736,-0.3396367968746674,Very Good,H
-0.23783635479381723,6.790076448818657,Good,G
0.38704431777499626,-1.4107903040593894,Ideal,G
0.2724594264205691,0.12028693447563757,Ideal,D
-0.7578944092972679,-10.243024818701121,Very Good,F
1.2577791528701772,0.3497329492788636,Ideal,E
-0.7767560665472519,-6.135880222299666,Ideal,G
-0.20092008617514232,-0.3019505910772068,Very Good,G
-0.8677423658257007,0.15630728100475785,Very Good,H
0.06680041263077907,6.74620427110953,Premium,F
-0.47203220052095773,-3.836148627350834,Ideal,H
-0.06726862744952655,-0.9714225619787963,Premium,G
-0.20502204198404053,-0.5910695605517975,Ideal,I
-0.22594640381453557,-3.8517775937475873,Very Good,G
-0.09756742270456764,0.4013704820172941,Good,F
-0.5015340544449324,1.0182439639095953,Very Good,I
0.41487246065061556,7.456772903864964,Fair,I
-1.2143859720992136,0.1331423504538664,Very Good,H
0.13734756916982133,0.4828343980456058,Good,D
-0.25435891198722665,-7.99263691896326,Ideal,I
0.1720013122431927,-0.9162448286595843,Ideal,F
-0.980891619594688,7.915993895659174,Premium,H
-0.17451089938754424,1.0306377421986403,Ideal,J
0.3884259189382011,6.312867787445097,Ideal,F
-0.08707606718136618,0.20386444330077272,Ideal,D
-0.8257260144191387,-2.3283886969096828,Ideal,E
-0.6910037045401642,-6.158857959935548,Ideal,G
-0.8653182644515077,-3.462979506488622,Very Good,I
-0.0507903031289631,0.39956317801826585,Premium,I
0.44267174580624435,1.2955928013067148,Fair,E
0.30936744683940287,0.15994924722958562,Ideal,F
-0.5449021767422912,0.1278354745922255,Very Good,H
-1.2409098768298579,-8.707276843337667,Ideal,F
-0.8090662922179569,6.266449096366345,Ideal,G
0.4185894969992403,0.6380050979268251,Premium,H
-1.3476783372860714,-11.107891789895547,Ideal,E
-1.2275663652200905,0.4821197009290006,Ideal,F
-0.37551365911469936,-8.10166369504739,Premium,G
-0.706182079447069,-2.2663470951046265,Ideal,G
0.3167441748592521,-0.4314384907784745,Ideal,I
-0.078540891322043,-1.1995008675004497,Very Good,E
-0.0999420050894873,-5.252008325336849,Premium,G
-0.3377928456821785,-8.076842897743807,Premium,F
-1.2854525995518666,-1.158315795307438,Ideal,F
0.308250114598947,1.815931928938555,Very Good,J
-0.10796374179965737,0.4567664403302887,Ideal,E
-0.1425744061873577,-3.8880044003535135,Ideal,D
0.2186665749672353,-0.5237832750651482,Ideal,D
-1.161290461984315,-0.3554877953431352,Ideal,E
-0.8457319738047918,0.03027863360123729,Ideal,D
0.06322906105372578,-8.132409457083476,Very Good,E
-1.220419497428082,0.9005344331898762,Ideal,J
-1.2087341080483966,-8.17646560205812,Ideal,G
4.624520777342998,-0.968137386776401,Ideal,G
-0.40152252937048943,6.357839456628081,Very Good,D
0.13365227965867588,-0.38383920581125414,Ideal,F
0.1967894480520802,7.090987727396275,Premium,D
0.4874596576441286,0.41962860511140226,Premium,D
-0.368922985346708,1.7926689835825158,Premium,I
0.3571071590911221,-0.279241942101026,Premium,F
-0.8861714271305517,0.810728824500786,Very Good,H
0.254658318528045,-7.261088955514337,Ideal,D
-1.2932897175420797,-0.825980114046426,Ideal,F
0.20486476922209496,-0.31420141191270334,Premium,H
0.11373123244680206,-0.9136660181288799,Very Good,E
-0.018564271274244093,1.779766145610489,Ideal,J
-0.9265692301122526,-8.324051727367046,Premium,D
0.10228994404962433,6.212636039612702,Good,H
0.09517871884190165,-0.5290079030858166,Ideal,D
-1.235416766475515,0.020893154501182003,Very Good,G
-1.0941641788544811,0.8072595516930382,Ideal,H
-0.5846202572413898,9.721420406387754,Very Good,J
0.5392147685009868,4.52180163335576,Ideal,I
2.3422058386397357,6.9192885643826845,Ideal,D
0.10764122445957919,0.157806224204464,Ideal,D
-1.0785751940077204,-0.022231158554889725,Ideal,E
-0.8934941826977447,0.8243578335616994,Ideal,G
-0.16635819419745004,0.8335080983869386,Ideal,J
-0.2479005911661723,-0.7118672172327488,Ideal,D
-1.2588832593812653,-8.614660752301061,Ideal,F
-0.8510291361689953,6.715882476561249,Very Good,E
-0.6419222512032172,-0.2861192195019544,Premium,I
-1.2287191377782711,1.5363404790931163,Ideal,H
0.47041027102562105,0.825239274532842,Very Good,H
-0.8706449748529487,-0.2518647689587562,Ideal,E
0.171764587113043,-0.25028045061345233,Premium,F
0.21835512346026598,0.4987296626848261,Premium,G
-0.2612761930436672,0.6289388476376179,Very Good,F
0.07713588483812395,0.34183001224971543,Very Good,E
-1.0198372473705262,0.1950362841872703,Ideal,E
-0.9147411328927262,-0.07232518613529715,Premium,I
-0.3077651933747481,6.4917977272248315,Ideal,H
-0.5171193121951041,0.09200502534616706,Very Good,D
-0.8643130860592496,-7.963161342044002,Premium,G
-0.6103297455537228,-0.03930082037035503,Ideal,I
-1.1113943711056868,1.7520723300429,Premium,I
-0.30053893178711544,-0.2927680064666698,Good,D
-0.8316190180969563,-3.722469079753213,Good,I
-0.3991323670749117,-8.271587549945403,Very Good,F
-0.1533991435448695,-0.006891207609849209,Ideal,H
0.13154851286714564,-9.20138206480395,Premium,G
-0.6160499714696158,-2.0026624847058043,Premium,F
0.2673928249994205,6.151462744875461,Ideal,D
0.2908421044136469,-0.15575156546232563,Very Good,G
-1.3350349129995327,0.2307374103317901,Ideal,H
-0.8352668953123139,9.70690113156778,Premium,J
-0.6583664559639785,-4.121418878795322,Very Good,D
1.778731648431326,13.42503737957886,Fair,J
-0.7635304633674782,7.203136110510248,Ideal,E
-0.16332551863519282,-0.8197857742007757,Good,F
-0.8733419158111031,2.5500234823143897,Very Good,E
-0.9552023601904189,-1.2375982454141552,Premium,D
-0.8607784183500407,-4.908157002476889,Ideal,G
-1.2894720705269493,-8.118426645231304,Ideal,G
0.3466891951797386,-0.16412589308395859,Ideal,G
-0.009085721199566965,6.457556278787678,Premium,E
-0.30145149263591575,0.7349140428572517,Very Good,G
-0.7742148357285359,3.045585623477693,Premium,G
-1.3146419011007988,-0.13943735137686744,Very Good,I
4.195334993955272,-5.509191206724715,Ideal,D
0.39868911433579846,-5.894250753729633,Ideal,H
1.0741402425455298,7.188817895695076,Very Good,I
-0.050009470674289846,-3.7532536022644836,Ideal,I
0.36722979537948774,-8.887945494245834,Ideal,G
0.20677751635908737,0.7056382091649617,Premium,H
-0.018548058151738878,0.7170018470458932,Premium,G
-0.8397100486652924,6.005774355926381,Premium,E
-1.2088750521326517,-1.96659327015016,Premium,G
-0.6863910985238402,0.09635995476430062,Premium,G
0.11428266192123182,7.266021053803842,Premium,G
-1.1834612095273838,0.12283758955282911,Ideal,D
-0.0036482246089051262,6.804038436465666,Very Good,E
-0.9769859115595397,-4.064554996135343,Premium,D
-0.45581625158407124,-7.781132360054583,Ideal,I
7.534035739945339,-4.214917301699802,Very Good,F
-0.24767126595170522,0.037924693803688826,Ideal,D
-0.6397559808814607,-4.198388529725619,Ideal,E
-0.6253786379937658,-0.6986123146692956,Ideal,E
-0.5912439824634639,0.30328097959019507,Premium,E
-0.14660433845456017,-0.4471813538830054,Very Good,E
-0.017953371877367064,-1.032730323675034,Very Good,G
1.192777049552129,6.160605092959385,Ideal,E
0.4753652404972525,0.13191243759679172,Very Good,E
-1.062404704696881,0.24463813519603364,Premium,E
-0.2886637394352689,7.193183540290111,Premium,H
32.67055461816752,-9.135836926821549,Ideal,F
-0.08481397779759725,0.4125346582487665,Premium,G
0.572672894310644,8.216939636402405,Premium,G
0.1432037309031564,-7.689004104001482,Premium,I
-1.1954760440281975,6.421940439711791,Very Good,F
-0.01335198211128763,-8.281776540187375,Premium,D
0.2393488630928593,-0.5878792708540946,Ideal,F
0.3933272639166222,-1.5829281967737459,Ideal,G
-0.7804542824801601,7.404261374197684,Premium,D
-0.2810832139870052,-1.243046800136804,Ideal,D
3.5286998028052996,7.364433517774605,Good,J
-0.2582038683345719,6.2280097069719185,Premium,D
-1.137484276453564,-4.084334499835557,Premium,H
-0.7059857966767618,-0.6256737966724564,Premium,D
-0.06777884727247607,-1.7806589463039992,Ideal,G
-0.6755734234914363,-0.5011016249663661,Ideal,D
-0.5083502047996317,-6.1483788787038165,Ideal,G
0.2851839890795268,1.0614604575828057,Very Good,I
-0.09520591441190762,0.2522528413089588,Good,E
-0.9333224727229166,-7.861198691808315,Very Good,E
-1.2452421252614774,-4.008451512152987,Ideal,H
-0.282399815005353,-0.5944215606912064,Premium,F
-0.6357424943573151,-7.917061757314306,Ideal,G
-0.8090810583810515,0.33736764896111354,Ideal,H
0.32538920539046734,-0.8169640000508741,Very Good,I
0.364592827886026,6.837388783019896,Very Good,D
-0.7468352883729412,6.871848770893615,Premium,F
-0.3611416597804154,0.3723725746006593,Ideal,J
-1.3408463765797174,-4.072998086951888,Ideal,E
-0.7153357738963082,6.931103651308464,Premium,D
-0.6663331771269178,0.5319430261567276,Very Good,E
0.2903170929893767,-1.7995818179159202,Ideal,G
-0.8999433045166971,0.2581900205857303,Ideal,D
-0.6644780890535029,-0.1684764499257953,Ideal,F
-1.1204085032694695,1.9549552541127617,Ideal,G
0.1740734809076795,6.183596349546916,Ideal,E
-0.8146966622001232,-4.046262915136552,Very Good,E
-0.6802871666856651,-0.5492296109834329,Ideal,D
-1.01927757140628,6.411288820073706,Premium,E
-0.28046517201098686,0.3374058670235749,Premium,I
0.27173981217147836,-0.8580839279623518,Ideal,I
0.4151411103244532,3.3799600553610514,Fair,I
0.2070218278552065,0.13153987092888905,Very Good,E
0.41146599162793573,-1.103209151042553,Ideal,H
-0.4207554372440719,6.984373165068176,Ideal,F
-0.695489345646293,-0.9511276751810445,Very Good,E
-0.9574241000490341,0.6163870590373101,Ideal,G
-0.6371766714104247,1.2775695150681592,Fair,F
-0.9738414708733002,0.08597065299276699,Ideal,D
1.7795209445807725,-1.0780095236600509,Ideal,I
0.007006210377536459,5.9573702137712345,Ideal,D
-0.665740692980139,6.919274101152111,Premium,H
-1.214107146826777,-1.0726604634294046,Ideal,H
0.22474946032113163,6.729058048617577,Ideal,H
-0.3300060259013324,7.628511116991201,Very Good,G
-0.7554877173881278,1.6483512756244827,Premium,I
-0.8646950090271377,-0.1744386629143653,Premium,H
3.96088006218927,6.714353679797517,Premium,E
1.1956143388606018,-1.4307709882479576,Ideal,D
0.3695889013318886,1.1473528120615035,Very Good,H
-0.539519477069843,-0.5184144008834657,Very Good,D
-1.3309764104573794,-3.9387664875738153,Ideal,H
-1.038014601290178,-0.9048566351901992,Good,E
-1.1160450768383747,-0.07856992818982075,Ideal,I
0.2226661833180078,0.9855126700700609,Very Good,I
0.19954536697906455,-3.535944170624366,Ideal,I
-0.8105888915618551,0.5409539633640789,Very Good,H
-0.069712297726439,0.1704430434917765,Ideal,D
-1.1445172650923308,0.3896128354296662,Ideal,G
-0.5329509155269226,-1.2072340955697645,Very Good,E
-0.3998152539608027,-5.955224742279454,Ideal,H
-0.8959279937386765,7.238433895359614,Ideal,I
5.40933130013916,-4.216153577432999,Very Good,E
-0.8829280684433024,0.6654051686519623,Very Good,E
0.17553678323079902,-6.028237417872947,Very Good,E
-0.11928317924298734,-0.7134318389632861,Good,F
0.26703374860596685,-6.030830956871907,Very Good,F
-1.0137093194919276,0.4731722099585214,Ideal,I
-0.9047647463423182,6.594135197470756,Ideal,E
2.789800796805563,-0.164849286963708,Premium,F
0.2895946052489511,-0.4987974618359254,Very Good,G
-0.2779728914533309,1.8265806264729323,Fair,I
-0.6161932615225894,-5.995742566182893,Ideal,G
-0.4683774379898795,-2.8439630744221884,Very Good,G
0.3420515681625689,-2.700235757444582,Premium,G
-1.2171959510180947,-4.069122064608257,Premium,G
-0.8206580922388287,0.07154300753463738,Ideal,D
-0.9343060749751542,-0.7303898307316435,Ideal,H
-0.8574741392383909,-6.121748207627064,Premium,H
0.12091016507873364,6.680821995954242,Very Good,F
0.555876943541967,6.269150936589966,Ideal,D
-0.5409018968956982,-1.2268908099416351,Ideal,D
-0.11598843305500153,-0.8241535033236578,Very Good,G
-0.15007076311092993,-3.854493660419039,Good,E
-1.0493255199331395,6.359613389663712,Premium,E
-0.1593423808116197,0.7914480227650899,Good,F
-1.1608572405335886,0.8178360513999395,Very Good,J
-0.24711836847602275,-1.0237265554139976,Very Good,D
0.2938474365367122,-0.43688771337677157,Ideal,H
0.03976409111890161,1.0505654361590504,Ideal,I
-0.42027512917666143,-1.2177959054508958,Ideal,E
-0.5713464067424894,1.4827444213814338,Ideal,J
-0.04896651308557959,-0.6653685281716404,Ideal,H
-0.24166731212189807,6.803906691317031,Very Good,H
0.0764302224054344,0.360064897965655,Ideal,D
-0.6523289352549755,-1.3055030464748132,Very Good,G
-0.4793801908311263,-8.034473305856055,Premium,E
-0.0013642217237503362,-8.18189832674264,Premium,F
-1.2313010242117146,-0.4829750292885873,Premium,D
0.24376120318910743,0.26937850654431983,Very Good,E
-0.8253341881232474,-0.3267717515824911,Ideal,D
-0.30071699470250063,-8.102150500487932,Very Good,F
-0.5921992827208233,-0.4716521242212429,Very Good,J
0.465150750209282,6.525472499969103,Ideal,D
-1.0344252418218935,-0.5830765825326192,Ideal,I
0.3700267262204815,6.253698210340225,Very Good,F
-0.5091854602396733,6.268201063425771,Ideal,G
0.11055254673958081,-1.0606706347411992,Ideal,E
-0.8658014864191537,-0.20664721615148385,Premium,H
-0.5120642967985319,-0.09801436360542115,Premium,H
-1.216519256344386,-1.327165993163671,Ideal,D
-0.8295122860073121,6.4399269646371975,Premium,E
-0.7214500294238649,-5.733400497765878,Very Good,H
-0.8501411999774597,-0.2382199518314939,Ideal,G
0.1689509975992468,-3.829408171592087,Ideal,H
-0.8531012501384865,6.0541221810258925,Ideal,E
0.07285584382157922,-0.28002769548465617,Ideal,H
0.24509734896744872,6.149120308257009,Very Good,D
-1.3108503656179598,0.27632726053691437,Very Good,G
-0.14574199763300663,-0.32848908895198303,Premium,G
-1.3019768428052627,-3.871067974713938,Ideal,H
-0.8476788295953477,6.012260996447717,Ideal,H
-0.07992490246130762,-0.5774468136547625,Ideal,G
-1.3421004349103403,-0.5284197623110207,Premium,E
-0.702796531572931,0.11036427364947807,Very Good,H
0.4194122082578561,1.664031146299933,Ideal,D
-0.8405944479636589,-0.27142224470319565,Ideal,D
0.4175539017470292,-0.2836959441997607,Very Good,I
-0.717528198792112,-0.49822742868727626,Ideal,D
-0.33741852318601245,-0.5693398898798506,Premium,F
-0.6780616771684527,7.03562695211411,Very Good,H
-0.5421659068854946,-3.9370571742665375,Ideal,G
-0.3292108961671873,0.9786300378649118,Premium,I
-0.5527176883520826,-1.1993560658724443,Ideal,H
0.15776062220696607,-4.01017453143647,Ideal,E
-0.28548979528087404,1.2892611093426878,Ideal,I
0.451414081202696,7.017620107260355,Premium,H
-1.2290554881809121,-0.48522482116209514,Ideal,E
-1.1768135476546426,0.0725898270030956,Ideal,D
0.2057491677955562,1.3180951223032864,Fair,G
-0.7981424769999239,6.386825110530571,Premium,G
-1.1916961303298077,-5.998433519428488,Premium,G
-1.0856383113847625,6.463173876615141,Good,F
-1.3444842814449727,-0.495976968277143,Very Good,F
-1.235806048653765,-0.02431060690312504,Very Good,E
0.22455642011354326,-4.10244125258385,Ideal,E
0.34718564951508046,7.04242415912474,Very Good,E
-0.7788456838959453,-1.2812296276935058,Ideal,D
-1.2627835155719533,-1.03471626029655,Very Good,H
0.38299072552975455,6.513499186349198,Premium,F
0.4041416225475374,0.3306931438939345,Very Good,D
2.387934257144426,-0.7284251402288641,Ideal,G
-0.6322931466419763,-0.4880850102398231,Ideal,I
0.2955403977052924,6.55195200401206,Ideal,G
1.6084198071833726,-1.124981716567256,Ideal,H
-0.5415229847513049,-4.158878322525668,Very Good,E
-1.2835819624324825,0.0413913546218136,Very Good,E
0.14535278700133425,-7.5976021133729486,Ideal,I
-0.34477385534527527,0.3871608321837117,Very Good,D
0.30342253427144905,-0.9043679435593448,Very Good,G
5.420415008769725,1.3298432186667632,Fair,I
0.12262113054090423,6.206372463943044,Ideal,D
-0.803404732896578,-5.942617749940581,Ideal,G
-0.7279902788523218,-3.8300632707306415,Ideal,F
-1.2547029190400716,-4.148139215217692,Ideal,G
-0.5981600294303885,-3.9306126464593727,Ideal,E
-0.14598892865161817,-4.056809825674161,Ideal,G
0.2659422139286688,-0.4496865205992805,Ideal,F
-1.0914440218395023,7.262769423161825,Premium,G
-0.06453092758658624,0.6121997812079026,Ideal,F
-1.060639831675803,-4.099359361637002,Very Good,F
-0.6840880970346439,0.08628300584948354,Good,D
-0.5771769626721422,-0.35284216482319936,Premium,E
0.12358472087360722,0.39238794626083534,Premium,I
-1.331936183213211,0.36627626271678015,Good,I
-1.3559491555577248,-4.150606964053003,Premium,G
-0.9060119919291657,-3.902800160571831,Very Good,E
-0.2417528558445574,1.1593989784332488,Ideal,I
-0.42926113724561316,-0.36046285103189785,Ideal,F
-0.33769623627921547,1.0479329787557283,Premium,H
-0.7845824809687931,0.46165850368060934,Premium,G
2.3150081438818044,-1.1125073984318385,Ideal,H
0.04880969944955443,-1.0429936414058478,Ideal,E
0.005685528426777775,-0.3670584697480491,Very Good,F
-0.5400023648599545,0.5651596425975328,Very Good,E
-0.8086117681194039,0.09074531935740784,Premium,F
-1.0799148839556603,0.7256067559549451,Premium,F
-1.120759183708862,0.2084652493005467,Good,I
-0.20749068553593458,12.010853919045461,Good,H
-0.5572008678547782,-1.6506698761123069,Very Good,F
0.3983478892902693,6.630255327170471,Ideal,F
-0.22919049238020808,0.3208825780278592,Good,F
0.17188658282865554,6.420584757599155,Very Good,E
0.3223140337938941,9.435067150618117,Premium,G
0.0945111607767517,6.039520916573608,Ideal,F
-0.8913696489678014,1.4925983878214943,Ideal,I
-0.5970881030418692,-1.0746074969227972,Ideal,F
0.2914940811577835,6.327551841027485,Ideal,H
0.1659707408010196,6.664356718223071,Premium,H
0.3602874429951114,-1.1100270049882466,Ideal,E
-0.6828361102395132,6.649182598184232,Ideal,F
0.06095744941733966,0.7780060154122432,Premium,H
-0.7814138344730996,-0.46472022464602225,Ideal,D
-0.3797837808551146,-0.6950628524204389,Ideal,E
-1.2626149049523445,6.0983282646871775,Good,E
0.6945375927992438,-0.6692015048132801,Ideal,I
0.4586135884793652,1.6724495955308534,Very Good,I
-0.9499661412000158,0.4796974954147637,Premium,F
-0.25163423645983746,0.7192850715983755,Very Good,G
-0.03801648374654315,10.923762272560587,Ideal,J
-0.15089753764592181,0.40367998276551104,Ideal,F
-0.7928577176751338,7.197633103819791,Very Good,E
-1.3396313735190848,0.08411471826797917,Ideal,G
-0.4129501317598986,6.912924515538096,Premium,H
-1.0126209765172578,-0.12052765416538228,Ideal,H
-0.7774616218897348,0.7664051486033805,Premium,H
0.2676656359366547,-0.3530535203955745,Ideal,E
-0.37140471158584015,1.812716177649715,Fair,J
1.437571996888463,-0.8076553446339618,Ideal,H
-1.0653353493535045,-5.266067608760481,Ideal,I
-0.7129356390389605,-0.0740097370393047,Ideal,F
-1.3384687759695364,0.5123176841707422,Good,F
6.20420508860759,-3.272851277119297,Ideal,I
-0.47876365669657217,-0.41565558415591825,Premium,G
-0.12292615072086469,-3.9868742197600993,Ideal,G
-0.9125577834378574,0.27682100331121434,Good,H
-0.44060498409052684,0.1133006455517073,Premium,F
-0.7411507722186041,6.005067513401577,Ideal,D
-1.052476678326239,-7.6093034213859125,Ideal,H
-1.079550907969654,-1.5948325629049467,Good,F
-0.20943412437119843,-3.5340891388536653,Ideal,I
-0.35934141120357527,6.709188619596504,Premium,H
-1.364466383131473,-0.9065089943630577,Ideal,I
0.039656481651618836,-0.982238720210098,Ideal,E
-1.1882791415949692,-0.9932269475804643,Very Good,G
-0.3931818329931046,1.4910504184798958,Ideal,J
0.5666715546366803,6.413070767606353,Premium,F
-1.086113537500649,-3.8373238811546946,Ideal,F
0.15527524537927284,-8.13999993289492,Ideal,G
0.17514244997626782,-2.476131665912014,Premium,D
-0.5009758771438091,-7.994256516388054,Ideal,H
0.2367606490006553,6.218880612479995,Ideal,F
-0.9358177960160602,8.59175221386495,Ideal,I
-0.27864706614597273,-0.2543206793668942,Good,F
-1.2421571882355837,0.25604585800476964,Premium,H
0.0646652398663966,-0.39893866782848464,Ideal,F
0.27677346293553284,-7.986358607544182,Ideal,G
-0.1324795154833538,-1.2422574965933284,Premium,D
-0.17894386490293895,0.61399573519657,Premium,G
-0.7564887438966179,0.21665786634978437,Very Good,D
-0.27738137038280025,-0.07747455363501174,Premium,D
-0.12002772525793584,0.01687770782370495,Very Good,G
0.22721462511174384,-2.5823023164310905,Ideal,D
-1.0825298212909535,-6.445682261449915,Ideal,F
-1.0543940940136225,-0.5934459008919747,Ideal,H
-0.6533882050707878,-0.3229966281029924,Very Good,H
-0.8817092865701779,0.3836114107270573,Very Good,I
-1.2094273278558265,1.2108678756731417,Very Good,I
-0.3286466707539529,0.7786328527565911,Very Good,H
1.2022752667625656,1.2568354159619022,Ideal,F
-0.17361654459425704,0.39683567912254025,Ideal,F
-0.9551854579929612,7.053042147440149,Very Good,D
-1.225095705059984,0.4132767260895293,Ideal,F
-1.0982116195188336,-1.0568503684578383,Premium,E
0.3228855297058769,-3.9852925952036435,Ideal,E
0.35407049673555624,-5.790440749297506,Good,I
-0.04492514411416343,-0.9089209382866086,Very Good,E
-0.6487418321744407,-4.110183844809867,Very Good,E
-0.06696125781114337,-0.25923307551010405,Ideal,H
-0.44237305293657714,-5.904525634071881,Premium,G
0.21642348183952542,0.7000053340793162,Ideal,H
-0.8300855602358638,-1.9314540852377529,Premium,F
0.2827193573125486,2.6850177598446527,Premium,I
-0.5498145554415055,-0.7665493082874824,Ideal,D
0.13978054671414536,-0.18949276292705655,Ideal,E
-1.1700422649920619,-1.6484384729826325,Premium,G
-0.958428295645911,-0.9610501540795456,Ideal,E
0.024531799015066302,-0.006199727744118269,Premium,F
-0.2538299960403957,-6.759756168741945,Ideal,D
-0.8586524837394415,0.7831149592022604,Premium,I
-0.13299972359475637,-0.13975775366470178,Ideal,E
-1.1414542600078272,6.457094269782483,Very Good,F
-0.6387040429169087,-7.947448155249734,Ideal,H
-1.2441310467074795,-6.119349646370093,Very Good,F
0.3013654743404367,-0.8315989846407075,Premium,F
-0.01790669184183552,-3.425880293370237,Ideal,I
-0.7249159910953769,1.2670344701731158,Premium,I
-0.3753038766500731,-2.0556437532528684,Ideal,G
-0.15146760573856352,-0.571937499333675,Ideal,F
-0.6650102753983775,-6.462889519829009,Ideal,E
-0.6991813783567492,-5.990816290060349,Ideal,F
-1.0895793812569279,0.07799823142688886,Premium,H
0.3345526719704297,14.657592963620452,Premium,I
0.3674457973997226,-0.13787748665385136,Ideal,H
-0.24640236680254513,6.7903869567910515,Premium,H
-0.08419717388663928,-0.11085702888767246,Ideal,G
0.18346482304119027,-8.152105622757112,Very Good,D
-0.02842355731303642,-0.250882278760802,Ideal,H
0.27144237782717184,0.9027323417161423,Good,H
-0.8570014097332269,-5.874274995178511,Ideal,E
0.13227835411238437,1.0462714212386615,Very Good,J
0.494800373886217,-0.0310340916789269,Premium,G
-0.6135399091093641,-3.8218635173298887,Very Good,H
-0.9952677536941391,-6.207146676208829,Ideal,E
-1.2120338297841955,0.12360761194613426,Good,D
-0.1653200723577455,-0.546868218112453,Premium,F
-0.7200534482379619,-1.0099902645662298,Ideal,G
0.5144771747117106,6.654452199424269,Premium,D
0.653505700746171,-0.6922925293063865,Ideal,J
-0.9865995376966019,-0.1649395309510766,Very Good,D
0.26541934803351763,8.524155563275075,Ideal,I
-0.7800706388075185,7.849252073307301,Fair,D
-0.6130067956800263,7.319574212174102,Ideal,G
-0.7780795099833032,-0.4462303089387942,Very Good,E
-0.33747119638778794,-0.2893351605418002,Good,D
0.3181364847318551,1.384317284055275,Premium,I
0.08803082661522915,6.022387411204624,Premium,E
-0.15090965766589276,-3.9451941902173484,Ideal,F
-0.18560994020988494,-3.9927191020735284,Ideal,F
0.21279999856195486,-0.2801038303953892,Very Good,E
0.11168193452950498,0.9232085877307432,Ideal,I
0.4431711436364284,0.06907117347158745,Ideal,D
-1.0225460123567662,-7.897295560535269,Good,G
-0.5201659589270595,-2.7812593647488013,Ideal,G
-0.5520891710769402,0.29218893451626393,Very Good,H
-0.3630912013908033,6.684861520440286,Good,H
-0.2810692189170801,0.7160875689203802,Premium,F
-0.5336709793908163,-1.8515706067557354,Ideal,G
-0.3724756204370056,0.38412887269037144,Premium,I
-0.009411549313035839,-5.83507922903086,Very Good,G
-0.2143739882075244,0.37483593312790287,Very Good,E
-1.0754743142021312,6.573453321588013,Premium,D
-1.110594840117916,0.9396019047291977,Very Good,J
-0.3452599394200371,0.641037311181305,Ideal,H
0.007772710962049845,-0.3932362621067594,Very Good,G
-0.930347104092114,0.23666503323031837,Ideal,E
-1.0775980724545895,7.041074785016845,Very Good,G
-0.42025931720776954,-0.32504244299455776,Ideal,E
0.13874323588655124,-0.19665248338784658,Fair,F
0.011286704011127247,0.25270638485462676,Very Good,G
-0.3368381693844925,0.8152829619644347,Good,H
-0.899227538815779,-0.2589011136053919,Ideal,H
-0.4554207645355091,0.7012384604870524,Very Good,H
-1.0609208505771397,-0.4178315502113465,Ideal,E
-1.1706694576697507,-1.0838691469506891,Ideal,H
-0.9813277452344632,2.407540281184566,Premium,D
0.047677634567404925,6.278967655444509,Ideal,D
-0.8217584265915134,2.0706224080929356,Very Good,J
0.2574892522889666,-8.196649722590617,Very Good,F
-1.0529342478108936,-0.38735903230225616,Premium,G
-1.2195682674029398,-8.165862071357463,Very Good,D
-0.6571483033462433,6.313105666271071,Ideal,E
-0.9807457377325077,-0.0775176736917402,Premium,D
-1.2754642868309758,-0.4612377262878293,Ideal,F
-0.4585774123259101,-0.2003129434331792,Ideal,F
-0.641874528575902,5.9323825476678715,Good,D
0.1708376489649751,6.924695618875619,Very Good,G
0.12157752254727877,6.368644753643585,Premium,D
-0.018990482660490582,0.5469992578105705,Ideal,I
-1.1316824789615214,-1.9825800062444217,Ideal,H
0.275653256735083,-4.271261321694421,Ideal,E
-0.7321801355327675,-0.1807003683780842,Premium,G
3.2161610148908752,1.1654856845610813,Premium,G
-0.004304551647038024,0.631494161396708,Ideal,H
0.22661308759733678,-0.3858381587035169,Very Good,I
0.20667905588439628,-0.6753014033895831,Ideal,E
-0.9024772788399857,-0.4226048167934541,Ideal,G
0.04124591796805227,-8.175698795200068,Ideal,G
0.3912427200128863,6.087936631541131,Ideal,G
-0.6877766855441647,0.9508496348013854,Premium,H
-0.36090839976412176,1.3771329859158008,Ideal,I
-1.265680309979838,-10.554332753801388,Ideal,E
-0.5947218507892322,6.635419358159624,Ideal,H
0.2899675339479776,7.006903942690654,Good,G
-0.6855225358758886,0.7491737005704926,Premium,H
-1.0179349577914425,-0.40594135754720306,Very Good,F
-0.28419403736910276,0.32068442386318285,Premium,H
-0.3688528637457174,0.018935944068922496,Ideal,G
-0.3645233497826261,0.462977982045082,Fair,F
-0.010175518780392412,7.69694578807411,Very Good,I
-1.1937552974522263,-4.127889669855657,Ideal,D
-0.843414403785967,0.1750515568901316,Premium,F
-0.9494511439848813,-0.9948689699729876,Ideal,G
-0.5670270251416236,-8.830559722306832,Ideal,D
-0.3700572384102418,0.6291476275158905,Ideal,E
-1.2809240158456898,-0.31682540311297963,Ideal,E
-0.01557002649958339,-0.19491854005210343,Very Good,E
-0.07022299065024373,0.7725034799693583,Premium,G
0.452610647226648,-1.1089586650361987,Ideal,E
-0.7536605288447407,6.817957363400038,Ideal,H
-0.15287816209421137,-6.022010923520204,Ideal,F
-0.012818178454388596,-3.8556146186275333,Very Good,F
-0.47325518591813986,-1.4984066724711873,Very Good,F
-0.9713739714778202,-1.0071667436906078,Good,D
-0.5074995476719321,-3.9856232116001387,Ideal,F
0.2558247441308461,1.0353913853792902,Premium,I
1.2342997261851165,-0.9407224202459251,Ideal,I
-0.3424547219783039,0.251811398736098,Ideal,I
0.4655945627735042,-0.17657316998896463,Fair,D
-1.1278579564805553,7.880540872090385,Premium,I
0.22710591855383766,-0.2698783876675109,Good,H
-0.777782356089723,-8.022852522162356,Ideal,H
0.07837728186292825,6.584068671201983,Very Good,F
-0.2624045226156033,6.650549229254023,Good,H
-0.49212214333159265,6.304327396169239,Ideal,G
-1.0448225708727428,-0.2760008301900302,Ideal,H
0.11398234566118548,0.8496386567257361,Ideal,I
0.2668703847059706,-0.4731283402896837,Ideal,E
-0.22874859569092415,-3.9552504035419056,Ideal,G
0.04949325941509458,0.5937268858170626,Ideal,F
-0.2665877979286673,7.129324563788415,Very Good,J
1.2968517569570386,-0.9570722003126487,Ideal,I
0.4193596439207806,-0.9726778632996255,Ideal,E
-1.0867479067866581,0.21926361507910133,Good,F
-0.10713804915261954,0.7934191562394932,Good,G
-0.18825388562215914,0.8360494208684665,Good,D
0.10324460301053234,6.504064722937538,Ideal,G
-0.8846935003814538,5.935556014707909,Premium,H
-0.8077870078984483,-0.1287295132700827,Ideal,D
0.8426669714766043,1.289393285731441,Very Good,J
-0.8014140165344104,-6.1637120777299,Ideal,F
0.42012530715090346,1.7149276009222547,Ideal,D
-0.3777748409582989,-0.5578043287838793,Ideal,D
-0.9120011695304767,-3.5325490553939605,Ideal,G
-0.9091617047143634,6.542829962374225,Very Good,H
0.39034658018756996,-0.13009626057770005,Premium,G
-0.33663319390956153,1.2892390428487048,Very Good,I
-1.0829441588511255,0.6629317594657081,Very Good,G
-1.2499272810529125,-7.977192262349752,Ideal,G
-0.7958964097947365,-0.3220269675409497,Very Good,G
0.19463797771871683,-0.8783289889045385,Ideal,G
-0.0019230239927107151,-0.6955574958121833,Good,E
-0.20466324688811185,-0.15988012274710214,Premium,E
0.08947627137066955,-3.920317989200039,Ideal,G
-0.4126764402764335,7.335861214044406,Very Good,F
-1.2257484895186694,-0.22553904541336847,Premium,H
2.4621842298675607,-4.239319243253054,Ideal,F
-1.226764824001382,6.156849642704756,Very Good,E
0.5459338922581012,-3.5227324801673743,Good,H
0.3536272010546807,0.45517316841316235,Premium,E
-1.1215497906837673,-0.37789208962965515,Very Good,F
-1.280683527498854,-8.072658966255062,Good,E
-0.2819907318873234,-7.999992330697984,Ideal,H
-0.12685988272397597,-0.30912126154630937,Premium,H
0.2653894064935647,-3.851376864452569,Ideal,H
-0.3845838758650342,0.8013109974324856,Fair,D
-0.3945567620395244,-1.9542766396330022,Very Good,F
-0.7550535474453742,-0.010593117909578058,Ideal,F
-0.09601032728836084,-0.8401156839874759,Premium,F
-0.8126351462837673,7.680967629336965,Very Good,G
-0.9611354388528183,-0.0981813895965247,Very Good,I
-0.7021603244848549,0.12074164856955513,Very Good,I
-0.2093531838485529,0.35782100497941965,Very Good,D
-0.4441221146551352,-0.2609652809566153,Ideal,G
0.48278916077088374,-0.345050509391889,Ideal,J
-0.2313861613061756,-0.3300139788694105,Premium,E
0.05524291974467338,8.334249872008709,Fair,H
0.22799913130844696,0.26893216287392935,Premium,E
3.7329773450404504,-3.7144299865979207,Premium,J
-1.1149800292940268,-0.3629201480372332,Very Good,D
-0.2497117194242945,0.4934746238436081,Premium,F
-1.148833225319754,-7.569949642517542,Ideal,F
-0.7349524597619455,-0.7341083705737483,Ideal,G
-0.09925925781461792,2.591165668548668,Ideal,G
-0.026372498487005458,-3.959760797508679,Ideal,F
-0.02403289776052142,-0.20863226330086598,Good,H
-1.0447676697097865,0.3093674557321939,Good,D
-1.3207367381815738,0.10117825057417043,Very Good,H
-0.9682643479673645,-0.7672314152384555,Ideal,D
0.1637895231134141,-0.43549534367759307,Very Good,E
-0.49956977933420765,0.22871643320944832,Ideal,E
-0.01708705626124002,1.6414153780840628,Fair,J
-0.29120920982824183,0.6656146664141263,Premium,H
3.3572167902565107,0.0076357387873369625,Good,G
-0.6137894471260048,7.269372488095532,Very Good,I
0.3642870803818713,0.3115920281824332,Very Good,I
-1.035630748456189,-1.6900758572797614,Premium,E
-0.28260637336597116,0.5296856516810452,Ideal,G
-0.3174846094448132,-0.7684333268652118,Very Good,G
-0.5672197769543748,0.45444750475232953,Ideal,G
0.20808853608137345,6.30404446837928,Good,F
-0.5093747056400869,0.6030462892858036,Ideal,G
-0.07741884816925826,6.3244958222067655,Ideal,G
-0.8155995207593144,-1.0339238092310343,Ideal,F
-0.8657153389788149,-0.3168642797547358,Premium,H
