y_true,y_pred
7.269616749608169,7.47720153280494
8.184513753033722,8.178544931968343
7.524021415206125,7.549045543361796
7.372118028337787,7.41740677328915
8.646641258603124,8.582031503660353
6.391917113392602,6.48025221019615
6.20050917404269,6.242949292980074
7.6324011266014535,7.646014459668974
6.878326468291325,7.024784039310033
8.475746001502063,8.464240066183493
7.814803429489359,7.904230803929573
9.057189192482008,9.124126499919935
8.517393171418904,8.539876768415727
7.088408778675395,7.109401418882983
9.29550838434606,9.274945589433981
9.600150240473774,9.536926870921182
8.170751423757535,8.280470941925126
8.911529941736559,8.943848983000391
8.497194544909547,8.410059000190618
6.882437470997847,6.885748667304697
8.16876982367527,8.221683303140827
8.268218880067506,8.379776744583776
8.27410200229233,8.552916099820951
8.012018239159062,8.083411022607827
6.530877627725885,6.740475960551012
8.422003004412488,8.404972770494076
6.406879986069314,6.504461489138236
8.517393171418904,8.222198198830506
9.339612707680322,9.314788498098945
7.982074875081202,7.857051773530514
8.999989642460726,9.003228959944023
8.447199819595703,8.375142074536761
6.257667587882639,6.358792815572611
6.815639990074331,6.6888149605087275
6.6052979209482015,6.599716622253627
6.280395838960195,6.3820582359516145
8.395703293828527,8.379997669212464
7.746732907753622,7.776427440483979
7.629975707027789,7.753151530524599
8.851949671253948,8.975385149307462
7.018401799069201,7.035525919909065
7.916807490937603,7.817962330705194
6.7226297948554485,6.590509912694345
7.963807953231451,7.956942675605291
8.998384010052538,8.897632356210153
8.600982717145921,8.540202296817197
7.753194269884341,7.6860859302824265
7.469083884921234,7.440589802712044
6.104793232414985,5.99636430277147
8.070593539949519,8.06486879828251
6.993932975223189,7.14900593329671
7.706612913964197,7.614092603642578
6.406879986069314,6.485509938772301
6.6240652277998935,6.702319408968862
6.6039438246004725,6.658976508930596
9.242807562113684,9.300084250107696
7.366445148327599,7.345542275774837
9.794509389966382,9.733581666467575
7.83399634170946,7.838991112848205
8.340456012916183,8.312506049567064
8.651724084373843,8.530888129533388
8.451053388911692,8.391991749764733
9.386140711779872,9.416741977777608
7.273786317844895,7.2508950526432585
8.072779333169498,8.10964812002019
7.8528278122817445,7.819179713742069
9.274722630905451,9.326261903953982
6.752270376141742,6.809331180779444
9.259130536145614,9.47479375159412
9.78425346461243,9.684735012312649
8.39728289474368,8.402387164989051
7.085064293952548,7.094953121463585
8.324093761450404,8.363568618173149
8.36799688505411,8.462563735907766
7.917536353943631,7.867892906937769
9.191972714617998,9.050227070625636
8.24143968982973,8.209681029561308
7.402451520818244,7.510186988246302
7.9865049385539955,8.025643589638381
6.78332520060396,6.7571243547300925
6.013715156042802,6.146925415513423
7.889459149404524,7.921475351610188
8.042056410058754,8.081580513410191
7.759614150696903,7.786896005405061
8.728426091704613,8.858664432814733
8.18004072349016,7.9337729863285915
7.857093864902493,7.898384667668817
8.633908991112198,8.668713499128618
6.393590753950631,6.412247960428288
7.842278779117352,7.739795162713423
9.286745703178589,9.139086628207648
7.865955413933502,7.8348997548566865
8.45553053102413,8.412110559352309
9.012377119192271,8.923469667760298
6.890609120147166,6.945200166711829
6.142037405587356,6.166140224808407
6.226536669287466,6.228142646999752
8.534443544822764,8.372496011322387
9.327145151518268,9.643048300530475
6.763884908562435,6.774311123695677
6.7650389767805414,6.756808423142738
7.438383530044307,7.519743676395707
7.97522083865341,7.942354239806162
8.328934041955529,8.334049887119283
6.322565239927284,6.575953200809336
6.363028103540465,6.516493425311367
6.726233402358747,6.7441687722860415
6.535241271013659,6.5761858844659296
6.984716320118266,6.982205912359319
9.574080300037034,9.561162807776194
8.579792333172758,8.58819046592785
9.256937657352966,9.24064748763614
9.655923226680237,9.63302899777621
8.726967774991493,8.73892023382348
5.978885764901122,6.110360089191303
8.713746330456916,8.638881672665779
8.112527763478637,8.088462027301768
6.543911845564792,6.580872379593178
6.180016653652572,6.198105068226221
8.00202481821611,7.983220428965937
7.521859252201629,7.533204581700594
7.640123172695364,7.699677888243545
9.818583045445685,9.699844795593721
7.697575346802343,7.7235146136163335
6.669498089857879,6.73171712076002
8.47907586930311,8.514869010240012
8.072779333169498,8.05298663305454
8.0106915391303,7.911916552114236
7.431299675155903,7.366584704759062
9.106090350602384,9.096072973568962
8.227108234348146,8.276886712872999
8.21878715560148,8.251968812289594
6.327936783729195,6.466121043136705
7.629489916393995,7.8859693681925505
6.444131256700441,6.702631290752721
8.014666370464942,8.075897548150506
7.520234556474628,7.361127844757418
8.787220328629298,8.432274180806449
6.311734809152915,6.44105289845463
7.10002716662926,7.075723041275973
7.633853559681768,7.558288412830722
7.421775793644647,7.433343228129934
6.45833828334479,6.515515307732096
8.539932678385727,8.66588215188863
8.216628493133443,8.073555066734624
7.803026643632217,7.856775043842873
8.571870752706934,8.590245236725798
6.597145701886651,6.443266202587213
8.09132127353041,8.289429625080228
6.493753839851686,6.5725294529686344
8.769817872052617,8.685445190360365
8.610501368549889,8.548878224855425
7.142827401161621,7.102869080415419
6.747586526829315,6.62248043299646
7.6487397889562425,7.559707839118205
8.876544550558378,8.927304973996227
7.652070746116482,7.755525213576835
7.7284157798410416,7.694503675241493
7.983098940710892,8.044575901392193
8.80792062205398,8.786161566045694
6.872128101338986,6.905520702000799
6.709304340258298,6.631317699515898
6.950814768442584,7.051394034346094
7.078341579557671,7.095394614132691
8.423102268016642,8.479050601701642
8.29154650988391,8.34527928528421
8.550047528287184,8.549331376812201
8.340456012916183,8.338234696302909
8.41715183723601,8.325610921540413
7.759187438507795,7.739733003121395
6.406879986069314,6.500496366359571
7.152268856032539,6.888722667132206
8.922924930641832,8.85329044733137
6.418364935936212,6.477114084909108
8.946114375560743,8.879936315689724
8.29254851397576,8.264139109623168
8.550047528287184,8.54893548756139
7.093404625868766,7.156660192609592
9.284519770150434,9.323831723368603
8.405143687607614,8.486947885934544
7.8551570058813445,7.889805722602914
9.440499258184298,9.518140440499224
8.922124823918258,8.926269943014582
7.952966790923131,7.867707816327004
8.54772239645106,8.3576734597058
6.285998094508865,6.276102009694319
8.628555659269699,8.63721112422075
6.558197802812269,6.6692323809047815
7.049254841255837,7.023554593553038
6.877296071497429,6.738929245985433
6.705639094860003,6.78133584927074
6.498282149476434,6.292908575450681
8.466320861042481,8.393687503094613
6.363028103540465,6.435160741919749
6.846943139585379,6.899328109663295
8.209308411646937,8.316245802444914
7.778211474512493,7.599621364466131
9.671050954310326,9.706262580522322
7.126087273299125,7.064871979532756
8.675392806089782,8.641189831293783
9.725197856855544,9.708674753766303
8.19450550976564,8.207326767631974
7.158513997329321,7.098189852779076
8.085794701281568,8.07106889811966
6.171700597410915,6.252374773163936
9.067970030684457,9.01833370613908
6.251903883165888,6.196410693921016
6.568077911411976,6.696569001602821
8.353497098745448,8.2427553552481
6.651571873589727,6.605631579003361
6.779921907472252,6.688450578357201
7.850882664809852,7.7930394558785805
6.732210706467206,6.846880090181974
7.717351272185329,7.671208793265723
8.665095821339733,8.655299079897697
9.142810715182584,8.964347255361087
9.530828396153142,9.54260313562312
7.432483807917119,7.422563006684764
8.843903650835497,8.759974478670157
6.778784897685177,6.671167982643206
8.595264726836392,8.752813632783216
6.931471805599453,6.942192251144152
7.384610383176974,7.301240950666899
8.943114308091785,8.902606413812482
6.852242569051878,6.8495055262799145
7.154615356913663,7.225092127432876
8.195885391314796,8.361543219597543
6.57507584059962,6.723586222278903
7.364547014255642,7.381991714113309
6.767343125265392,6.78683150711788
6.8658910748834385,6.844998226907938
9.566825297862628,9.56304721141083
8.424419791263883,8.432597090459986
9.49016666846238,9.504554600585909
8.101980731853192,8.015324292139555
8.96610085736724,8.934341835886348
8.82893352896109,8.764260748203393
8.629807335785372,8.62574421393761
8.59378379357795,8.813061294513249
9.264923249746474,9.212794339009912
9.310547632393208,9.177741324761508
7.455298485683291,7.440131355655268
7.080026499922591,7.109423665374733
7.668093709082406,7.724577585581605
7.119635638017636,7.085131716752928
6.709304340258298,6.617370102930604
6.411818267709897,6.324290194810941
6.650279048587422,6.766019831164787
7.594381242551817,7.59105373181283
8.081784206935001,8.00781504017561
8.95402775927046,9.026305214209307
6.913737350659685,6.9033149377498155
7.861341795599989,7.830727860510262
8.482601746646619,8.456710503784745
7.107425474110705,7.158157279144351
6.852242569051878,6.779371036150199
8.20303024171486,8.29932210200823
6.516193076042964,6.504790393426097
8.393894975071744,8.482125445013736
7.4645098346365275,7.457803340816673
6.428105272684596,6.607368181398251
7.627057417018934,7.666700337730902
8.630878955820053,8.756413171112545
7.793174347189205,7.773110728812369
9.240772579096385,9.135371368767114
7.7336835707759,7.778445422662051
9.249176395761381,9.262764285184625
8.231908243564177,8.272824039644116
8.714895850248494,8.586949501598836
7.428333194190806,7.487622678903019
8.343077871169383,8.484003677288518
6.396929655216146,6.485111762885912
7.768110378525988,7.714787461350978
7.6783263565068856,6.6147448760673635
8.812992231969966,8.780975524243736
6.616065185132817,6.6891117065693955
6.884486652042782,6.849320392598796
6.148468295917647,6.121970822281412
6.778784897685177,6.655616161861995
9.346006983397716,9.314788498098945
7.277247726631484,7.390330527541437
7.78155595923534,7.796765486578716
6.831953565565855,6.739167305634218
9.161360189754465,9.145930488667055
8.577535420422398,8.576353884692416
6.947937068614969,6.816987939616899
6.8885724595653635,6.974355816963026
8.871926251117628,8.841234533696884
6.135564891081739,6.168766630500328
8.700514248543275,8.652254542245098
8.364275084991524,8.386603859117026
8.433159195806228,8.40996673484738
9.075322160298095,9.219747248222466
6.541029999189903,6.742269091926157
9.219399216464529,9.314788498098945
7.357556200910353,7.473092094289166
7.767263996757308,7.747933143586377
6.628041376179533,6.551413129493805
8.22121009392507,8.038847398859918
7.208600337960199,7.046079690175146
7.773594467360194,7.902194811442141
8.50045386741194,8.600676656284595
8.309676895987726,8.28348780480935
8.965334573804839,8.938271125624569
6.732210706467206,6.765700440756817
7.039660349862076,6.9250608020074695
7.5411524551363085,7.476284701538263
8.85366542803745,8.871471122176104
9.091556835986216,9.10255007722444
9.65265158120501,9.606159712027694
7.8399193600125825,7.871140307117416
6.88653164253051,6.731484448866775
7.014814351275545,6.845330903125668
9.676084944301534,9.689073638434866
8.838986793496787,8.882777293047058
7.7706452341291765,7.835625314143978
7.360103972989152,7.445098038156147
8.266421472984554,8.340438154596656
7.700747794511798,7.7296874502875665
8.859505484519133,8.74840467981095
6.4692503167957724,6.508338052893264
7.546446273746024,7.606837785494855
6.464588303689961,6.294410516198162
6.915723448631314,6.8455613305488265
6.863803391452954,6.60125364740369
8.443115988019922,8.45599339780065
7.3783837129967145,7.3814708289428745
6.6039438246004725,6.6221759366164745
7.07326971745971,7.07982417693928
9.112617283447568,9.572977678942534
7.729295674310482,7.870463412028909
6.6240652277998935,6.660846066561826
8.316300249036848,8.165122230990711
9.588297240667746,9.563228058891578
9.368113055848724,9.314788498098945
9.500095294588894,9.307049625845009
8.62748154531036,8.635505806063787
7.157735484249907,7.16162759104906
8.19836438996762,8.319109318278395
6.863803391452954,6.832456948925026
6.999422467507961,6.955344077057422
6.810142450115136,6.704539661319976
7.9617188159813645,7.885141977155749
6.851184927493743,6.98821070200657
6.863803391452954,6.793989666256449
6.672032945461067,6.700992207459426
8.780480107033297,8.824377747036333
6.9874902470009905,6.921426445105512
9.114159813502214,9.187200426385344
6.641182169740591,6.570307330089676
7.201170883281678,7.1029433946634475
6.54965074223381,6.427893559846831
7.188412736496954,7.148565321039282
8.39366870513074,8.26892779276754
6.784457062637643,6.767547996611625
6.688354713946762,6.497023856755461
9.01322999770879,9.051777859988796
7.001245622069476,7.047605185518517
7.773594467360194,7.7016376134256985
7.0326242610280065,7.101968170629508
6.688354713946762,6.519535102890194
7.426549072397305,7.504172031602895
7.780720886117918,7.790658121447193
7.982757702011113,8.1471583890441
7.930565854233965,8.019013793388906
7.00033446027523,7.087417923543073
6.318968113746434,6.370974031414935
9.747535250762242,9.636173657633021
8.441175704992322,8.391263852039199
6.75110146893676,6.586397239025502
6.655440350367647,6.519672217872662
6.739336627357174,6.668803665610057
6.4967749901858625,6.677857042432093
6.698268054115413,6.61411230819811
7.88570539124302,7.905010060951294
9.084890521258767,9.174288714633489
9.243968552956167,9.280127964362114
9.137984709784043,9.18218081373854
6.230481447578482,6.510095106993355
6.880384082186005,6.6910184169913265
7.917900586327916,7.95515178447393
9.694061978050115,9.638218824340695
7.465082736399547,7.452042877854925
7.990576881743923,7.967428252592967
6.826545223556594,7.028909101346394
8.898228985601227,9.017953815637574
6.80128303447162,6.737537877926161
6.635946555686647,6.64838843988607
9.109303827798412,9.369745536073243
9.345133468317714,9.316101559091347
6.561030665896573,6.58661925404506
9.72865786150047,9.68289582019327
8.835210463664092,8.793876271367143
8.523572798380277,8.521608064384214
7.71289096149013,7.587463138242897
6.728628613084702,6.7378562234326145
8.36450810375059,8.344431560944024
8.455104999102815,8.41187456991437
6.785587645007929,6.7835457164935145
8.687442166975924,8.641475778580888
6.532334292222349,6.577477081854754
8.219864741912652,8.404459660632863
6.79346613258001,6.727949370184517
7.0630481633881725,7.08400317415741
6.871091294610546,6.936465838776239
9.754639455799712,9.736709060804161
7.4815557019095165,7.520824103567895
8.28045768658256,8.320391092540463
9.444621667700849,9.673260003004685
6.741700694652055,6.798025527186777
8.061802274538348,8.090979859595292
7.102499355774649,7.094471185240351
6.403574197934815,6.248653786630977
9.164191715950203,8.91362059907609
7.750614732770409,7.7706966883030155
6.77078942390898,6.7914116940948315
9.188197007290492,9.177621862129003
6.4692503167957724,6.473113421789223
6.618738983517219,6.764791789124977
7.706162970199576,7.7917065606531795
6.71174039505618,6.698767977858828
6.198478716492308,6.47174072852145
9.063926353520646,8.921765381228528
6.70073110954781,6.716586157972884
6.597145701886651,6.43324742911722
8.648747631156539,8.728233216197442
8.068716192714781,7.985359230141954
6.928537818164665,7.007503759698482
8.679482094459956,8.599505980038769
6.891625897052253,6.907942465617248
6.773080375655535,6.81312501922481
7.75491027202143,7.771261206965751
7.886081401775745,7.819142201275205
8.097426298597213,8.139210265001292
7.363913501405819,7.367721539175942
7.4127640174265625,7.42884719868184
6.6293632534374485,6.447496406561401
8.146419323098003,8.044443084820939
9.565704457114814,9.642670797925353
7.090076835776092,7.069565463857767
6.911747300251674,6.939276885625038
6.767343125265392,6.846359198191477
6.2324480165505225,6.146070541417279
8.464425125877582,8.480688595945722
8.814181823188319,8.776595440027574
6.490723534502507,6.581168208753836
6.309918278226516,6.644365969307432
8.48301573961465,8.496309680629405
8.65067458279072,8.648560101976775
8.414052432496725,8.197424875010677
9.48440514846878,9.499501159464922
8.743850562030243,8.77431681446405
7.1569563646156364,7.028912577016195
8.832733591996416,8.781879715487607
9.205930663487482,9.242507084993823
6.767343125265392,6.934709466659843
6.040254711277414,6.011606071749845
9.748469830269519,9.685160126981406
6.413458957167357,6.507267088235827
7.499423290592229,7.7127086896639545
8.952605375892354,9.051427390880153
7.8399193600125825,7.82812836977359
7.759614150696903,7.680427820561892
8.725507328484445,8.613303091101946
8.30325712085294,8.305928982551212
8.592486175451668,8.569709051334392
7.085064293952548,6.931511112228683
7.8013913202914855,7.976992415464382
6.363028103540465,6.489741611986847
8.86403999703599,8.77594402082339
7.956827122090111,8.031888263165145
6.20050917404269,6.247227491531861
7.3783837129967145,7.371813188355584
7.447751280047908,7.4167722776414085
8.341410211461865,8.363496635122413
6.761572768804055,6.853380710548024
7.635786861395585,7.538836864985613
8.13739583005665,8.256344772909285
8.469052816088302,8.55257724716398
8.127995055771946,8.106293866415013
7.845416036592485,7.855403331112639
6.915723448631314,6.828254426954671
6.803505257608338,6.768978951150828
9.250522161609014,9.251420742286006
6.380122536899765,6.466121043136705
7.684324067681155,7.635441850771424
9.540075680658964,9.613343310795845
6.852242569051878,6.585520354510575
6.678342114654332,6.597058955651258
8.638702608813434,8.720407242525484
8.818038250394299,8.78908222877447
6.3080984415095305,6.355082325068306
8.411388132519262,8.468288856076711
8.894807371368625,8.978571440879357
6.464588303689961,6.288610939409614
6.54965074223381,6.493027727737882
6.6240652277998935,6.673970666703458
7.904703913873747,7.934611087472427
9.346966969508008,9.385797228353924
7.463936604468925,7.466851783043144
6.584791392385716,6.677857042432093
7.059617628291383,7.137361832312677
7.344072850573066,7.277122201003865
6.703188113240863,6.79848114974076
6.7650389767805414,6.820984897330715
8.287025025165063,8.220931858677796
7.632885505395133,7.607848172172977
8.920121751872404,8.860231176868105
6.915723448631314,6.801951615364965
9.193601047971885,9.109406809113358
9.296334565143043,9.314788498098945
9.494691904331507,9.384845535929992
7.213031659834869,7.285393232940202
9.54873932271967,9.525653868028886
7.01301578963963,6.683056996531587
7.59488438721652,7.366912865628398
6.478509642208569,6.344735334505382
6.8679744089702925,7.007635062606974
8.235625719964311,8.106320647067019
6.694562058521095,6.791006441868747
8.312135107648412,8.220295244723163
7.554858521040676,7.564464220069266
7.471932078245122,7.681542279144675
7.107425474110705,7.124661500220003
7.644440761556566,7.659272092514461
7.540090320145325,7.512929967428985
9.362116806941977,9.305281967669071
8.491465042843506,8.491016749257884
7.018401799069201,7.019467292368327
8.798303718484979,8.792128148292424
6.115892125483034,6.196561048579783
8.923857580099885,8.789720501343806
8.788593431293735,8.751710358052579
8.796792687674662,8.73170608696155
6.8308742346461795,6.8812307349215756
7.102499355774649,7.140460639425778
7.1098794630722715,7.223982159075177
6.771935555839602,6.681846692062787
7.470224135899966,7.473693203972973
6.493753839851686,6.5079525345069404
6.633318433280377,6.675679140846382
8.496990484098719,8.517094036410423
7.065613363597717,7.109401418882983
6.280395838960195,6.282991547431904
8.161660452056282,8.182353153474224
6.566672429803241,6.505377884021773
8.797699580118923,8.781636577624795
8.416709652837914,8.349540650811607
6.771935555839602,6.681846692062787
8.69851424787661,8.743367401497153
6.815639990074331,6.666807399053966
6.391917113392602,6.374184070719425
7.873217054862741,7.862210861193057
8.46821300919452,8.39986615085043
8.132706489693264,8.313539491666427
7.7488913372555315,7.840300348958624
7.242797922793756,7.166024272068615
7.029087564149662,7.198401161388288
9.414749525234143,9.381343328804842
8.67214355141406,8.5999734247332
8.850804195756417,8.924161402155315
7.639161171659173,7.6555882241566415
6.728628613084702,6.6888149605087275
6.1903154058531475,6.329880835367741
7.07326971745971,7.0861435675004
9.62066034281053,9.660794972083682
6.672032945461067,6.690141991008602
9.012864567410551,9.063820952053012
8.835937789319836,8.794712391450542
7.429520842786462,7.465363543645935
7.630946580890459,7.723463795545218
7.755338812846501,7.666530372304327
8.612685172875459,8.64286291784998
6.6895992691789665,6.520613316628507
7.817222785508166,7.7296874502875665
9.60918360377546,9.576809644211183
7.729735331385051,7.702945354803705
8.322880021769905,8.302793563399252
9.491677356868124,9.474187375886856
8.699181359308954,8.61487045444496
9.568084743872936,9.502230509443583
7.484368643286131,7.4923085353855425
7.234898420314831,7.406144499455256
6.251903883165888,6.226519908153699
8.467162257810672,8.409076887862208
6.853299093186078,6.885748667304697
7.568379267836522,7.562235204482352
6.616065185132817,6.663227755203571
6.863803391452954,6.7329098729054655
8.756367559802975,8.678490326933504
7.708859601047175,7.572535871434968
6.040254711277414,6.035218116648691
9.661861751843032,9.61779572462864
7.44600149832412,7.610202041986892
8.409385238781931,8.564250107662437
7.893945138235959,7.899160982911056
7.579167967396076,7.513678013513742
8.457230850243555,8.38570069684731
9.172223049863055,9.060121397822265
7.38770923908104,7.577138259509855
9.138951775888529,9.180700866369518
6.849066282633458,6.662214274184008
8.183397369998433,8.118525106088807
7.965545573129992,7.939023597351571
8.127995055771946,8.1562929638438
8.791941988456118,8.756263937838018
6.704414354964107,6.7176143781499
8.568836424568076,8.597734954874737
8.294549515143679,8.455971375286028
7.859026979751538,7.764125683262558
6.709304340258298,6.636762137082643
8.474285690404962,8.658737846705545
8.070593539949519,8.066795068392949
6.437751649736401,6.448120315502007
7.249215057114389,7.184201013967884
7.644919344958857,7.695701419359645
7.941295570906532,7.885812870801306
9.510370887608827,9.451230350663137
7.9441374911141125,7.946755593549302
8.318010277546872,8.303212610153619
9.01942196795671,8.901432102874729
8.332308352219117,8.364355456481299
7.226209010100671,7.197956577427513
8.695506726812653,8.652363014906221
9.03788993497749,9.043829208218371
9.580730826800856,9.563228058891578
9.226410552153677,9.148462410244994
6.543911845564792,6.596718447752403
8.567506005289827,8.49753637945343
9.48668339975797,9.576084942111919
7.649692623711514,7.557381638246907
7.934871565945177,7.985249534798901
9.445017159104065,9.349082353951625
9.541225601728613,9.545507147833272
8.416930769477844,8.39458385000623
7.181591944611865,7.239894623821787
7.395721608602045,7.346210268869947
6.854354502255021,6.97992052554989
8.671286726753637,8.659899780845986
6.352629396319567,6.486915383859887
8.57338447106598,8.537219890245478
8.11522197256233,8.22331756227174
8.343077871169383,8.27150237176158
6.447305862541213,6.427801377962529
7.634820677745543,7.466547142316738
8.221747728346623,8.251742826911245
8.176672771948455,8.197545760372332
9.380251908693456,9.359226868877377
7.91644286012226,7.885861722559677
6.660575149839686,6.550114420076505
9.325631416310918,9.057436907707979
6.075346031088684,6.175213422640828
9.837240906717202,9.714986241455732
7.520776415062797,7.463656710313253
8.909775673693389,8.956298113015913
7.755338812846501,7.787215623659731
8.764053269347762,8.762529465546582
6.720220155135295,6.746921923551621
8.584477938221834,8.380895391467087
7.433666540166168,7.345542275774837
6.849066282633458,6.6966263930405985
6.688354713946762,6.515441320009953
7.039660349862076,7.003845068808473
7.367708572374371,7.394326137672324
6.96979066990159,6.7474970545304185
9.481130576757746,9.506213012167914
6.519147287940395,6.6949180490493125
8.77971129020447,8.756134455559238
7.789868559054706,7.754093906483936
7.9599745280805365,7.900350870743685
6.3473892096560105,6.499510335879254
6.226536669287466,6.3166363029786226
7.897668150726906,7.8819044636575875
8.439663988907,8.408050495921378
8.951699168308815,8.911537062030032
8.763271714012943,8.80283653249716
6.261491684321042,6.15548247235633
8.012680929706839,8.10808197703578
9.359018964347545,9.456368337065149
7.455298485683291,7.524007307301482
8.673512945671192,8.661730986391518
8.076826031298808,8.172758222581832
6.300785794663244,6.478562406518834
7.6624678152002375,7.739079491504514
8.700014623251842,8.767783362872088
8.633731007664188,8.571548447724842
6.327936783729195,6.31289373784377
8.832733591996416,8.813484470181187
7.643003635560718,7.460079006280311
6.655440350367647,6.523054305236205
6.68586094706836,6.657074124909976
8.303999970955196,8.098853518248344
7.2456550675945355,7.29277424111764
9.621986339159427,9.739233483548183
6.694562058521095,6.877965577287511
8.742254901886351,8.592960415419519
7.5569505720129,7.533816307505701
8.210396255104774,8.193335470042928
6.703188113240863,6.76727631394649
9.105646300861517,8.981617566290812
9.117786390365575,9.150944122926726
8.309676895987726,8.475094569698625
7.948031990637284,7.9484459413506245
6.688354713946762,6.522043724539301
7.582738488914411,7.556280716120153
6.320768294250582,6.338985854280781
6.22455842927536,6.186963241185834
6.520621127558696,6.568768276370282
6.418364935936212,6.5845591647379775
7.9966538754626075,7.973816168097942
7.188412736496954,7.165037624675649
9.150271845510064,9.19341014919061
9.232590980911002,9.315114180534472
8.992806059426483,9.043199214173523
7.195937226475569,7.1434653557434205
7.271008538280992,7.283427851018175
8.430981494597171,8.376209479754955
6.499787040655854,6.581983952503263
7.738488122494646,7.754917219661067
7.80057265467065,7.874084246623397
6.16541785423142,6.143235838139369
8.3133619511344,8.479507878373958
7.588829878307813,7.623134558270746
9.21024036697585,9.171602505870595
6.878326468291325,6.7398944260900855
6.144185634125646,6.2375871226406385
8.203577736937952,8.214186547795798
8.35936910622267,8.306700238755605
6.951772164398911,6.885748667304697
6.418364935936212,6.293802464261569
8.350666240520924,8.283975295767883
7.465082736399547,7.213882872584737
7.108244139731541,7.0714079692969865
7.942717540573791,7.971655348756807
9.827254246536539,9.739511773575634
8.221478947267192,8.213826850830483
7.870165946469845,7.943895403102043
8.680671660408713,8.725400706984662
6.643789733147672,6.780323964995106
6.823286122355687,6.835817055662351
6.142037405587356,6.144407508083501
7.663407664893479,7.643271531791403
6.135564891081739,6.037308191004809
7.179307969504034,7.157610393488408
7.126087273299125,7.066901723178488
8.6164953924901,8.552916099820951
9.834941010001018,9.688038992781761
7.140453043101158,7.338172988803087
6.558197802812269,6.653035439374803
7.6783263565068856,7.656595816251784
6.054439346269371,6.228893926644111
7.488852955733459,7.4670892706812815
8.0519780789023,8.16402839130941
9.0940312495758,9.140408265167757
8.618846845142738,8.592748306356912
6.897704943128636,6.947995819779844
9.219399216464529,9.195062766095939
6.915723448631314,6.962046932054844
6.523562306149512,6.669259015931176
6.171700597410915,6.271515611651754
8.764990330169104,8.833087141794818
8.916237731721479,8.841624566983548
9.16408698745872,9.164085280032811
6.739336627357174,6.6888149605087275
8.807022955925477,8.884263235002242
7.749322464660356,7.787215623659731
7.737616282857904,7.751624055294743
9.491677356868124,9.550113162244392
6.573680166960646,6.699162493067462
6.921658184151129,6.922891591543576
6.655440350367647,6.51344465710202
6.877296071497429,6.747729759124693
7.571473648851271,7.5690073515451655
8.19836438996762,8.304128149796783
8.04044688130311,7.999999113208836
8.114623886420098,8.053947231550106
8.5814816812986,8.744471668303055
8.54772239645106,8.491171622922389
8.723394022000136,8.875847909015654
8.882946799288174,8.89916124868625
6.610696044717759,6.604650961796883
6.626717749249025,6.664633367220284
7.1316985104669115,7.216392216408679
7.1770187659099,7.285186050215355
7.9724660159745655,8.056315234215704
6.939253946041508,6.853738392817127
6.56244409369372,6.570924088877293
9.131729971394272,9.14168939447845
6.444131256700441,6.373041093106622
6.565264970035361,6.435759656982003
8.674880467251832,8.773316827855897
6.8679744089702925,6.9421075406044235
7.399398083331354,7.449770654252906
6.802394763324311,6.683034238749613
8.620110725422924,8.512682527242744
7.398174092970465,7.817287874549618
7.403061091090091,7.2452938274996885
8.463370384718731,8.435694073176164
7.429520842786462,7.497703385367243
8.81922185757494,8.703477952388736
7.931284761525891,7.899029284863551
8.328934041955529,8.345637577314886
8.224431573221159,8.142756810014044
9.071997422354437,9.057877972246404
5.963579343618446,6.085517703045595
8.087025470667701,8.08989691802163
6.486160788944089,6.54906728372613
8.305978210967302,8.265748886360917
7.450660796211539,7.379235626382765
8.86953877719374,8.88709131207517
8.543445562560303,8.58819046592785
6.57507584059962,6.77455704000538
7.093404625868766,7.131864260995622
6.943122422819428,6.749835317197329
8.635153989049803,8.688750531831733
7.992944547318106,7.885228019426178
7.8160138391590275,7.854429943302295
9.473857817428666,9.496167351087337
7.988542982737695,7.998748347801394
9.425613028909824,9.212794339009912
7.155396301896734,7.410179178035743
7.474204806496124,7.346072329074755
7.5745584842024805,7.573664542933399
7.4999765409521215,7.416063485241748
8.025189321890835,7.889942632055721
9.316500567804573,9.018798040304693
7.801800401908973,7.8247383705351705
9.081938657171658,9.045169847428475
8.483222671845084,8.54635939305712
6.57507584059962,6.646075759083331
6.513230110912307,6.4398775328934965
7.074116816197362,7.038245882357675
7.242797922793756,7.341118067882532
9.187685681411377,9.225186931474047
8.429672593886743,8.485670362635195
8.083328608786376,7.992953512113057
8.522777569710138,8.508602670310365
8.545197387825835,8.51854041226231
7.682482446534506,7.712635388605741
8.226038429485484,8.169520457973752
8.174421152646497,8.056147749541354
8.560635749259074,8.554206897986685
7.601901959875166,7.6482187363509455
7.411556287811163,7.345542275774837
7.5569505720129,7.573855991523049
8.846784666945227,8.899559908277464
7.891704659330107,7.833959453750027
8.491465042843506,8.34993830013143
9.266531651625925,9.519419083114428
6.946975992135418,7.019138029566323
7.659171367666058,7.552450355164407
7.577121930876679,7.598126686912118
8.822322177471738,8.808337810115866
7.132497551660044,7.005709206356411
6.47543271670409,6.516125871831351
8.891649112650057,9.02869595067859
9.613736674915236,9.702587809529954
6.369900982828227,6.378077180721657
6.660575149839686,6.731484448866775
8.025189321890835,7.9745030400921575
8.893023494394711,8.900647228176753
8.25088114470065,8.16292429364805
6.807934943699926,7.048115711195016
9.339612707680322,9.577671800514613
9.813562845008141,9.719408015013732
6.401917196727186,6.565944230976958
8.722580021141189,8.68235270287789
7.126890808898808,7.153217242693585
8.449556542700426,8.378655789031182
9.568643988906736,9.564738237793147
7.622174594817622,7.79604483711624
6.669498089857879,6.714833804891954
7.629975707027789,7.63276866159281
8.38091517312361,8.347104709284677
6.2878585601617845,6.369456770003459
8.234564993267135,8.3413760152311
6.115892125483034,6.184904194569442
6.439350371100098,6.495695964917929
8.400659375160286,8.543929580677933
6.7357800142423265,6.797665701676994
8.07837810362652,8.064604649564986
9.038958755220563,9.173756571779453
7.700747794511798,7.943198016602016
6.363028103540465,6.552726780559468
7.621684998724611,7.641125725003841
8.080237416216702,7.997303297625491
6.77078942390898,6.680571109130523
9.217514575724183,9.186460214579485
7.853216388156072,7.929053961152026
6.439350371100098,6.511555172436229
7.560601162768557,7.481036071819627
8.861633597686627,8.84578604166342
6.470799503782602,6.503360964148316
6.937314081223682,7.005354731850793
8.325063693631197,8.389204051946066
8.094073148069352,8.011420161933616
8.168486417126681,7.9321676110786745
8.995908761263994,8.96439731023705
6.60934924316738,6.6892797627807585
7.699842407396986,7.685539562562762
9.5078490052457,9.642408171567732
8.55256033525353,8.699079303936365
9.684958338772663,9.593076736858738
7.4127640174265625,7.187032083637484
6.315358001522335,6.289128088206295
7.763021309018518,7.7866667669801295
7.513709247839705,7.620360871736278
8.448057452581375,8.42854306776453
8.160803920954665,8.215221736370319
9.118773178450692,9.099618675552227
8.571870752706934,8.42136179707959
9.836706518845777,9.686152695631105
6.104793232414985,6.349955972819785
8.327726166461412,8.323630533703728
7.485491608030754,7.407112736204618
6.343880434126331,6.478757666503861
8.312135107648412,8.328468864361987
7.532088143541722,7.488402959434568
7.589841512182657,7.589103703289959
6.975413927455952,7.086813619522812
7.145196134997171,7.179984703851284
7.533158807455563,7.502416480232755
7.358830898342354,7.215200202908425
8.192570471152173,8.097323889279696
8.85893722196655,8.841363546062478
6.823286122355687,6.849802952062496
6.587550014824796,6.509881181126556
6.983789965258135,7.058135216421829
8.16763571524637,8.021304019659402
6.75110146893676,6.610314571470122
9.026417533815254,9.04766959626563
6.776506992372183,6.616180826504652
6.025865973825314,6.1751743227000855
7.213031659834869,7.193787654029971
8.183676582620658,8.145376642449438
8.384575666801398,8.243874021261245
6.953684210870537,6.776722630245714
8.087025470667701,8.08436455020143
9.395241931033524,9.397388194249164
8.323365694436081,8.230290065325486
6.810142450115136,6.70316833843445
8.382747094863314,8.46045682030317
6.364750756851911,6.261412805234349
7.7336835707759,7.675556911552505
7.899524472032198,7.952156148078455
8.707648248106914,8.714309096028568
8.53856321715243,8.486557812376475
8.027476530860483,7.988842115753987
7.397561535524052,7.395092419624476
8.67368398817567,8.521222126468707
6.86484777797086,6.9539302298807
8.875566691990551,9.030083236459587
9.338733586744581,9.365491521426582
7.140453043101158,7.133550945956176
6.890609120147166,6.896847028962025
8.763584409450138,8.80154789320581
7.266827347520591,7.345819638008394
6.688354713946762,6.479865940986477
8.287025025165063,8.240646656364515
8.79497643168877,8.768716081655558
6.8308742346461795,6.877047728859519
6.848005274576363,6.801654360516964
8.718172930028725,8.683533735042655
6.38856140554563,6.255846765611741
6.608000625296087,6.441382403839286
8.934586870389676,8.90624639835816
9.805047479722875,9.681883804292394
8.555259392222693,8.455775084730723
6.68586094706836,6.694360927066797
8.175829008714597,8.059002880173804
8.389814262086407,8.251348818801974
6.3561076606958915,6.381450248393086
6.887552571664617,6.993651421022064
8.541495483939203,8.53341312071181
8.12740456269308,8.05570908936561
8.096817470572319,8.061247106143545
8.247220052745229,8.317190030322903
8.793156870913819,8.791763277642778
6.448889394146858,6.556334402213738
8.388450315523512,8.384488873480645
8.913953858894255,9.216173284099728
8.74687531957003,8.737938455982373
6.513230110912307,6.691437856350662
7.711548979629146,7.769636089978625
8.259458195332408,8.306124510785214
6.75110146893676,6.991821997163247
7.016609683894219,7.012539572186475
7.270312886079025,7.457261803763927
9.041566627727496,8.833824370121024
7.051855622955894,7.157990528231124
7.0967213784947605,7.08921814493328
7.741533589281828,7.938429783884372
8.832149906002899,8.866159462550025
6.1903154058531475,6.204363536768245
6.616065185132817,6.726017913895362
7.85243908535751,7.933861446928737
8.460834457746854,8.577990061969512
8.361007108226909,8.510510541268166
6.263398262591624,6.4464300773635
8.411388132519262,8.348693619597038
7.798523053625206,7.779269812946667
8.07402621612406,8.028626064202177
7.942717540573791,7.948319147197467
8.801469470733185,8.6965248581613
6.948897222313312,6.866052564493534
9.163458386076051,9.17181478987959
6.923628628138427,6.8112505571142234
8.330863613224745,8.230034977912846
8.529911963824013,8.63067276593452
9.224834818126634,9.177621862129003
7.890582534656536,7.795269758017776
8.311889558230359,8.565524716951188
8.653296274408579,8.592748306356912
7.784057002639929,7.935810327172926
7.154615356913663,7.197940060158034
8.70317470904168,8.871667675041218
6.771935555839602,6.78223764525851
9.099408811268901,9.398734440309834
9.551942286417393,9.562321032678597
9.581214035314728,9.683446537828988
8.398860004454372,8.17020492288924
6.612041034833092,6.487645976497346
7.203405521083095,7.352764984594283
7.138866999945524,7.109002258972366
9.464827539570322,9.326573604488946
8.449128460502108,8.410520954160186
7.05444965813294,7.001747079743546
8.584290934948731,8.849665608250797
8.21878715560148,8.245658943073474
6.739336627357174,6.660124737924723
7.162397497355718,7.002716168362812
6.787844982309579,6.7944235674862465
9.340754410698116,9.279424945904198
6.927557906278317,7.0044132338308405
7.142827401161621,7.0637203124770656
9.021960500598263,9.06275596624256
7.7306140660637395,7.823995400552081
6.9167150203536085,6.781432810976659
8.69751274553952,8.599505980038769
8.496990484098719,8.520233554827264
7.763446388727362,7.752722611112717
6.354370040797351,6.267125221805481
8.872907674259846,8.762968739002705
6.71901315438526,6.818017528678154
9.402612259623305,9.584419292613111
8.989569004807029,8.995455097901791
7.475905969367397,7.684611279474678
6.171700597410915,6.279349028073912
7.804251383528112,7.765158618653246
8.114922974204593,8.069918032427113
9.722505098743403,9.677704643082162
8.505120610181969,8.561262390383847
8.339978571990427,8.295810408911215
7.205635176410364,7.2113951463923796
7.025538314638521,7.091199625006368
6.0014148779611505,6.190061164185568
8.837971491357209,9.063028484421515
6.90875477931522,6.909563072236621
8.752265313595721,8.588744789417603
7.84971375760487,7.952191112839955
8.12533508671429,7.896761091025036
7.828834527588089,7.976262969412149
7.887208585813932,7.794642369099282
8.814181823188319,8.776595440027574
9.1838937219612,9.202441658858636
6.230481447578482,6.34175833161568
6.502790045915623,6.482237463553992
7.7142311448490855,7.735653061286775
8.721439305625983,8.586896069166496
6.947937068614969,6.800765667561721
8.361007108226909,8.55531462406986
8.21716859576607,8.15747183158603
9.725197856855544,9.62762221097548
7.9294865233142895,7.822686711046347
9.000483164987708,8.875302895114206
7.472500744737558,7.429999922547197
8.882391706295847,8.89737802552769
6.75110146893676,6.604939038278863
8.824383730256061,8.905488830474622
6.259581464064923,6.242516815107111
7.786136437783072,7.742462899199265
6.984716320118266,6.96385093256467
6.754604099487962,6.771862126622354
8.102283624480073,8.085020876924723
6.97914527506881,6.8982966038049955
6.400257445308821,6.604650961796883
8.329658067569396,8.555422759255945
6.92461239604856,6.798329091353207
7.736743682453495,7.75411663728214
7.95892649305011,8.005003124663272
8.726967774991493,8.811037608612441
6.39024066706535,6.208315096598265
8.449556542700426,8.455268317722652
6.849066282633458,6.691114244126254
7.943782692458625,7.963905055597309
7.79934339821592,7.940970332770836
9.121399862679535,9.104389116150355
8.976641306722456,9.015993643542133
8.139148678884066,8.231932595723364
6.489204931325317,6.7479051839266155
7.983098940710892,8.074093573718267
7.23561914106675,7.240531607127674
6.3561076606958915,6.414517094160611
7.944492163932159,7.925338346064768
7.431299675155903,7.369211896316889
7.111512116496157,7.150085296213146
8.89439598980643,8.798376564030523
6.877296071497429,6.713032533338829
7.463363045520021,7.4746010009304245
5.971261839790462,6.087254531824841
9.685766771390307,9.436552991990993
7.763446388727362,7.701578823064965
8.010359588919783,7.817890489354391
7.814399633804487,7.777581645364855
6.401917196727186,6.534103355848971
8.628376720376853,8.584718924873581
8.148445666243235,8.416179120916507
9.455636727931525,9.561290352255538
8.613593685702552,8.75587524735468
6.131226489483141,6.222441315720763
8.332789468417959,8.336579273437904
9.135832319801121,9.121744263735046
7.615298339825815,7.6545251515806125
9.688250164980516,9.687979534835655
6.302618975744905,6.328426652647664
8.713910628493924,8.822497448668274
7.472500744737558,7.434353645489875
8.571681376700306,8.482337502066684
6.967909201801884,6.859087398343865
6.960347729101308,6.935191453208852
6.721425700790643,6.742949737841405
9.821789308551622,9.682914451599778
8.619388703730907,8.667766711754405
7.126087273299125,7.141864765346386
8.697679732264463,8.773412623220183
6.761572768804055,6.674521759275906
6.522092798170152,6.635299400204258
8.515391569469609,8.493397373827408
7.8160138391590275,7.862407706810174
6.396929655216146,6.44842944122936
7.869019376499023,7.833846033344453
8.343315881404946,8.368063071750404
6.977281341630747,7.163483232078516
6.6039438246004725,6.731342510062921
8.826881344130634,8.816002061101662
7.052721049232323,6.989457043369111
8.393442383980062,8.333670500556803
7.246368080102461,7.2609919201727315
6.925595197110468,6.962304684614691
6.885509670034818,6.847616405535845
8.239593454305968,8.111309645477853
7.781973234434385,7.809700080228847
6.811244378601294,6.633986113982607
7.130098510125578,7.0096158666281605
8.195609567288775,8.189128319213207
9.428189934829282,9.392768205184487
6.393590753950631,6.3168980549845655
7.978996370854115,8.034127336540106
6.584791392385716,6.7242434999951275
9.677026002747972,9.7274129210817
8.492080490601163,8.485097252659981
8.235095497258357,8.193040847155064
8.826881344130634,8.820608347281333
6.519147287940395,6.629764939701167
7.773594467360194,7.727936231044539
8.344980368770571,8.43193736648056
8.44741429680832,8.373422499346214
9.097955241381392,9.318007039026897
7.6783263565068856,7.66721293538231
9.75475549873573,9.667607412845593
8.150179269682326,8.290986174803418
9.161780181360806,9.282443269347036
9.387649386946594,9.563228058891578
8.503702601233739,8.466532377994769
7.488293515159428,7.459293431375055
9.832582139020353,9.71688416679357
6.761572768804055,6.541611833945236
8.902727664035522,8.865701637503367
8.238008249218403,8.12666227591424
7.491645473605133,7.680050598298974
8.761550139129644,8.7268777073267
6.852242569051878,6.788491700473514
7.851271997109883,7.850922194724725
8.619569258033104,8.583754719881034
7.941651252930556,7.982558950601904
6.269096283706261,6.297372442673452
9.363576347875041,9.295400596516528
6.52795791762255,6.374482018138132
6.580639137284949,6.493027727737882
6.856461984594587,6.890405728868334
8.756210091886738,8.791522896913138
9.683464128558162,9.563228058891578
8.498418036089904,8.476457788117877
7.824845691026856,7.785864415662653
6.9930151229329605,6.980076790666701
8.503702601233739,8.47733211610089
6.523562306149512,6.586194530404997
7.081708586105575,7.092287179520058
8.53934599605737,8.64042575400567
8.411610428841172,8.429028418687285
8.795884972029885,8.769650049437567
9.014082149443356,8.971680872817712
7.034387929915503,7.087303226064912
8.956479847999912,9.011864541560739
9.254739959272866,9.164379032139458
6.536691597591305,6.388579046610744
7.244941546337007,7.208118652629933
6.293419278846481,6.436467367791217
7.857093864902493,7.725197900362811
9.201299627324033,9.19737616745735
6.580639137284949,6.486372930171607
6.529418838262226,6.602457507032671
8.499029220788566,8.597674709573663
6.650279048587422,6.612358696768267
8.654168646443315,8.61013054273923
8.559294367434873,8.498528796502322
7.6544432264701125,7.6877199501541496
8.207946941048617,8.20685087801792
8.453827315794417,8.51128114123329
7.183111701743281,7.238701399885373
6.773080375655535,6.87900933011842
7.717351272185329,7.397505706860885
6.480044561926653,6.437125301885167
9.19593714166544,9.124194043608705
7.752764808851328,7.756219216863168
8.401108712395436,8.340645897237836
7.577121930876679,7.6712113988161725
9.093469420244768,9.00526615268822
6.586171654854675,6.523842327436112
8.644530439877432,8.80089388115532
8.15162164696975,7.831767502591273
7.273786317844895,7.297871080881028
6.77078942390898,6.788759329945262
9.137231900155545,8.946369143300428
8.24301946898925,8.382153966634469
6.579251212010101,6.6052380282703504
8.532869670801245,8.526825165639599
7.398174092970465,7.451706727567465
6.523562306149512,6.536478561683419
6.135564891081739,6.067401489404508
6.566672429803241,6.597304078513611
7.0909098220799835,7.058231487641252
8.822911626354117,8.780975524243736
8.574140471857987,8.46642813101077
7.135687347028144,7.317861030631931
6.555356891810665,6.762562521363565
6.131226489483141,6.228038692943068
7.48605261786314,7.294201547862966
7.409741954080923,7.430956322967311
8.085486772102845,8.22293189687195
9.449986995389407,9.69010861110623
8.442469645220301,8.38910832183571
7.575071699507561,7.576333863881837
8.843037724962366,8.936251563347383
6.802394763324311,6.843626847286347
7.711101251840158,7.688414232246592
7.147559271189454,7.250139070955893
7.483806687665835,7.1815553609223866
6.56244409369372,6.569482882303395
7.804659297056102,7.75206694061088
8.162801353492073,8.190079457642675
6.4425401664681985,6.473577486810023
7.154615356913663,7.1446883395490755
7.5406215286571525,7.486676962376763
8.22282213081366,8.260930421795956
7.757051142032013,7.850643838474509
8.563122123304638,8.591640580273737
6.338594078203183,6.182996369064481
9.833547804331447,9.708600093034171
7.734996194022781,7.596317798404532
8.149601735736155,8.247894011505107
8.929435283803425,8.871637398175208
8.948455992345542,9.024287452886695
8.578852571802965,8.550051301217797
8.358900612421644,8.411858621464562
6.883462586413092,6.839837229177764
8.763740720509464,8.718088039287842
6.86171134048073,6.867779026696076
8.169336395928386,8.200626102374569
6.20050917404269,6.229975892482555
6.967909201801884,6.892000171933138
9.152711259139547,9.14145208319507
8.900957872545062,8.902606413812482
6.688354713946762,6.51257019384341
8.328692583545568,8.447352080211935
7.97728198675515,7.664179812677749
6.661854740545311,6.720934756075644
8.427049641563272,8.384440560765679
8.033009498596668,8.05585816749861
9.480749115757506,9.422546203922499
6.7661917146603505,6.779766252049859
7.77779262633883,7.7307223421974545
6.590301048196686,6.742386051825514
8.58876938990546,8.573668483347863
6.734591659972948,6.766805901553682
7.682021510826875,7.715046596750166
9.471319061593414,9.374340781357533
9.573315428463395,9.55459478689007
7.580699752224563,7.634519402926026
6.498282149476434,6.672112928196687
9.658226195968298,9.562321032678597
7.417580402414544,7.497366982765127
7.545389749611823,7.294804636370728
7.053585727193677,7.18697300280942
7.823245690685523,7.997570147203775
9.042513261332681,9.030723142316956
7.436617265234227,7.624565530628435
6.655440350367647,6.497937322240513
8.302265794873367,8.508657311466864
6.502790045915623,6.500392538570703
7.54274354536855,7.555203392846344
5.996452088619021,6.173728351394146
9.514436985696058,9.436182758066815
8.150467911624004,8.068240659579086
6.755768921984255,6.622342874215645
8.5814816812986,8.409498506990607
8.515191188745565,8.50807130941518
9.63619616973208,9.676722073185191
8.209308411646937,7.908871661546318
7.784889295655098,7.824504257008949
8.676757761087575,8.726133515040855
6.92951677076365,6.851498956397612
6.499787040655854,6.5411493088799455
6.687108607866515,6.784788076996061
8.358431899031295,8.30376358679362
7.228388451573604,7.290966673168386
7.88193748927207,7.928842154968544
6.249975242259483,6.367373148955834
8.258163361537619,8.332411361963453
7.0925737159746784,7.129928299723414
6.688354713946762,6.574798343113993
8.899321434159964,8.96838621976651
6.844815479208263,6.794165758899963
6.82001636467413,6.876200676967031
6.3561076606958915,6.483785617674938
8.849657406639912,9.182145698718408
7.540090320145325,7.501126336480969
7.61085279039525,7.558976934342677
6.0473721790462776,6.0656942879517874
8.710619527942297,8.79042780730992
6.62273632394984,6.6453697277632875
6.295266001439646,6.488328973491805
7.541683099882111,7.617232452769028
6.63200177739563,6.67849220811545
8.257644958208228,8.222478039359359
8.759825595314295,8.647778865394145
8.096817470572319,8.111489071837218
7.4377951216719325,7.43841759856036
6.698268054115413,6.6019429278680475
6.961296045910167,6.960061575273562
8.910585718290132,8.895073953340706
6.778784897685177,6.63098940725222
6.720220155135295,6.573191075586239
9.695355758842355,9.627080557582973
7.8009820712577405,7.704416669866564
6.3784261836515865,6.3748698337876455
7.923710333969238,7.928108622011839
8.679482094459956,8.604587032088862
6.818924065275521,6.834651985688614
6.302618975744905,6.3539229126558565
7.379008127628304,7.459991836212212
6.516193076042964,6.438176769999909
8.18757739559151,8.045115399291229
7.642044402873258,7.5860562767807656
7.773594467360194,7.90295972923057
8.896177422274805,8.922114320114753
8.402455513945814,8.366890476739412
8.92930284224307,9.056498792359601
9.199380531739841,9.207402598881696
7.683403681053826,7.820058972068185
6.289715570908998,6.326633810674011
7.637716432664798,7.798006788745236
8.557374981049069,8.485097252659981
8.68084148294457,8.666046004161794
6.852242569051878,6.769490312730408
8.338305731356565,8.356904093588735
6.703188113240863,6.8134511056814775
6.736966958001855,6.8139215180742845
7.138866999945524,7.266307756645359
8.543250725735527,8.53690100982681
7.382746449738912,7.384362347102453
6.07073772800249,6.114187806466934
6.78332520060396,6.795850516391302
6.898714534329988,6.867442751765907
9.225819942824568,9.191272418413847
6.336825731146441,6.3820582359516145
8.343077871169383,8.610820522279532
7.9291264873067995,7.764614563432963
8.569785641535407,8.553071897101733
7.00850518208228,7.004822594253733
8.782476268924539,8.682727124744291
8.332308352219117,8.250313288714052
8.101374671228582,8.236967433598734
6.996681488176539,7.004826924797857
7.6760099320288875,7.774113346503452
9.022563964499264,9.052292278194704
8.783702698635217,8.7305139259247
7.845807502637805,7.770105159029062
7.945555428253489,7.933723304975719
7.095064377287131,7.0960827597748075
8.414495793177895,8.523989155928032
6.285998094508865,6.232168113945997
6.07993319509559,6.197242852074103
7.693025748417888,7.622400134464633
6.338594078203183,6.4692272613814845
8.055475141757274,8.092755201593624
8.415603335654604,8.295363293422954
8.929832503272403,8.897466069554172
8.175829008714597,8.18658475394905
8.328692583545568,8.318769092250516
8.888066854754783,8.911499863021465
9.165656764349542,8.963947015005767
7.936660155225426,8.021799437247044
9.099967314494812,9.1969448813716
7.555905093611346,7.565481880450535
8.556990661290303,8.530556607866126
7.262628600974241,7.190850532857092
7.085064293952548,7.0922241492423135
8.219056661060598,8.055266089166269
8.727454116899434,8.732686975873142
6.844815479208263,6.842381985812222
7.826443135456014,7.7191250439827765
6.70196036600254,6.798571827978785
8.2987883944492,8.36348862338731
7.6760099320288875,7.7883778765297365
6.75110146893676,6.731373515478945
7.242797922793756,7.399523055515569
6.815639990074331,6.6888149605087275
7.411556287811163,7.6199346176875205
8.98969370086056,9.11522691898796
8.697679732264463,8.772767852158957
8.764990330169104,8.558677186985085
8.231376045573969,8.218654329158277
7.261225091971921,7.426455574126426
7.503289630675082,7.450516741221182
8.451053388911692,8.534805115679735
7.80710329012598,7.810885302841183
7.356279876550748,7.466776231105319
6.79346613258001,6.819101757707708
8.441391477999955,8.423154713674121
6.6240652277998935,6.742678203271225
8.61286694148452,8.562926171042912
6.470799503782602,6.479703317312651
6.126869184114185,6.2401515633686175
8.565411763686711,8.385621018406889
7.64826303090192,7.7386153870389185
6.897704943128636,6.848884402456785
9.25320827220336,9.273783216471543
8.14002395246292,8.146018923073079
6.848005274576363,6.826216046304301
6.806829360392176,6.712080009733714
6.8501261661455,6.826605434207266
8.421122722665503,8.33226971083437
8.526351129201004,8.526735153298137
7.246368080102461,7.27226094048098
7.938802248154481,7.957135878762163
8.676757761087575,8.738688342709436
8.44741429680832,8.467009164409422
9.368881400104733,9.131511875078795
9.8233073354086,9.665295728215728
7.2682230211595655,7.375614705444749
7.347299700743164,7.368530065436379
6.658011045870748,6.690435113025116
7.935229539816907,7.987404931968844
7.729295674310482,7.727098520268853
6.934397209928558,6.782624805639477
9.692025505995757,9.677704643082162
9.051696278536586,9.139015047995086
9.039552050995901,9.02165644119035
6.418364935936212,6.500732434247765
6.848005274576363,6.737620279213176
6.556778356158042,6.565302457720173
6.375024819828097,6.3658633590954565
7.772331575169614,7.654189135655929
8.783549477153265,8.772344127076183
7.244941546337007,7.185302273692138
8.533853632309345,8.505605204231362
9.491828300264636,9.405376623036137
6.226536669287466,6.230938661539562
6.2285110035911835,6.167913721564804
8.287528423111763,8.273645484404257
6.169610732491456,6.228432022404429
9.363490551469857,9.301197981768187
6.1903154058531475,6.191473195906629
7.578656850594762,7.73643017050921
8.263848131368906,8.211504996234027
6.650279048587422,6.660211723266067
6.580639137284949,6.49605377092919
7.4127640174265625,7.436310482877489
9.13194630454817,9.147084811598473
7.881559917056899,7.877348057483829
8.93102321585603,8.79758565669724
6.618738983517219,6.7133067425424455
9.054154288786854,9.096950356737008
6.5337888379333435,6.593197980559617
8.340456012916183,8.2427553552481
7.00850518208228,6.799274419826578
9.530174967444372,9.440800515310032
8.534836626588833,8.558471385859917
6.5998704992128365,6.617696994149601
7.373374309910049,7.445262462928846
6.778784897685177,6.65644293866397
8.420462002456466,8.41103860096596
8.19863945529737,8.056366562978559
7.803435056952168,7.799616919293612
8.893847217670283,8.600099499879263
8.648572269472618,8.720407242525484
9.668081624649718,9.542172523690315
7.358830898342354,7.2617319210879385
8.871224644409553,8.833045995136931
6.490723534502507,6.629708225100705
8.147288258706624,8.212797781348746
6.877296071497429,6.752061921461237
8.791486026749002,8.783506462614866
7.469083884921234,7.4908635752671975
8.008698182988528,7.999763567418698
7.846198815497425,7.838138107331762
7.56164174558878,7.427873925474184
6.169610732491456,6.2661928828921845
8.101677747454572,8.038279883485917
8.332308352219117,8.327486575107365
6.646390514847729,6.567663937342901
6.654152520183219,6.768838760696967
7.422373700986824,7.097203617060483
6.5998704992128365,6.65570740841901
9.836599606994497,9.607295773380361
6.3835066348840055,6.256996528812191
8.024207485778577,7.972404750953201
8.36380888451688,8.182193733397837
6.267200548541362,6.373317908478052
7.85979918056211,7.994139660051984
6.683360945766275,6.702993594727446
8.183118079394745,8.199293661049904
9.01942196795671,8.87462990704714
7.516977224604321,7.562235204482352
6.959398512133975,6.895550560560143
7.404887575616125,7.447534081510793
9.784760321267326,9.71277382998876
7.141245122350491,7.115271391765432
6.628041376179533,6.718654012625409
8.55159461813357,8.383584625735502
7.864419904994565,7.865296658284218
9.669472621333282,9.687208611133656
8.101677747454572,8.218817506517928
8.47345026846832,8.485868301647523
8.54907938027856,8.478786910426708
7.612336837167746,7.595131547536507
7.0317412587631285,7.005704333654901
8.528528701079983,8.403981693923201
6.960347729101308,6.955463338336654
8.972844314437573,8.935592221301325
8.150467911624004,7.998497010372782
8.303752415563412,8.274578817472742
8.550047528287184,8.380378074737733
7.6953031349635665,7.750159344211949
7.122866658599083,7.290309436395581
7.0431599159883405,7.045635187689324
7.052721049232323,7.097908912695751
6.9985096422506015,7.036742924814572
8.189799618728228,8.209100081712892
6.777646593635117,6.859467555618546
6.267200548541362,6.334357604165604
9.752548376970841,9.68579439009818
8.505120610181969,8.537219890245478
8.288785810426928,8.444847940757334
8.438366410870266,8.40737908676435
6.582025138892826,6.468133217089612
8.482808764554406,8.462012753270322
6.9411900550683745,6.758823558712535
7.491645473605133,7.528462385435945
6.953684210870537,6.8268866043199585
8.449556542700426,8.438621887081519
6.505784060128229,6.588860949190517
6.699500340161678,6.763528441116409
8.309676895987726,8.591481632995285
6.928537818164665,6.8840253657909605
8.845777255188445,8.893507173682261
6.54965074223381,6.49605377092919
6.810142450115136,6.72972699197383
7.10085190894405,7.207635153581462
6.29156913955832,6.371467548303615
7.841099765422119,7.803629858428649
8.382289428951436,8.389601071496042
7.765993079407675,7.765094844347874
8.245121966478605,8.242707449925383
7.1308988302963465,7.036544498642727
7.543273346705446,7.566635598452422
8.801619971147346,8.772344127076183
8.840001065843392,8.71391473144993
6.3080984415095305,6.419611455775825
6.439350371100098,6.471797486735577
6.315358001522335,6.2466863833170665
9.056956065076825,8.997882368186005
6.655440350367647,6.553713724007372
8.91972065553706,8.817967648051482
9.010058489805235,8.53144500499962
7.396335293800808,7.445995143227433
6.650279048587422,6.58529007917126
6.137727054086234,6.224542178526637
9.430920640887228,9.315939072651037
6.501289670540389,6.60635311476569
9.641668139610074,9.678917019435003
8.491465042843506,8.442428905531488
8.254008590564844,8.159391235433375
8.076826031298808,7.991802469119691
9.420520256898534,9.337316764169492
6.302618975744905,6.228588376350031
6.6293632534374485,6.42750534223465
6.776506992372183,6.707544280505328
8.727454116899434,8.71816368868735
7.60887062919126,7.674223567023261
7.411556287811163,7.345542275774837
6.326149473155099,6.183556401850964
9.686636660844938,9.71301659629209
8.511778558714738,8.713918020255381
7.969011781106478,7.947559865599117
6.411818267709897,6.303272333102934
6.352629396319567,6.183869902478607
6.688354713946762,6.7801565502848415
8.755422380148488,8.53190551093561
8.446126742982377,8.41508407466557
6.705639094860003,6.7366654045429035
8.010359588919783,7.997863203566862
8.808369153122275,8.860994438668467
9.700391696525696,9.704235284715644
6.523562306149512,6.552999552865258
6.6052979209482015,6.645702213136946
7.27931883541462,7.39187767337022
9.637632201310455,9.682024883300834
7.424761761823209,7.435831907757818
6.47543271670409,6.394758836236869
6.272877006546167,6.350292274755429
6.300785794663244,6.3977002961094955
6.267200548541362,6.463714469513294
6.470799503782602,6.494463405592643
7.898782356970309,8.011781595591794
7.739794458408701,7.842889638070769
6.371611847231857,6.370485474553994
6.47543271670409,6.376849123196051
6.194405391104672,6.298758074993472
8.707152175339404,8.677918500464171
7.393263094763838,7.272538111160619
6.068425588244111,6.0531862481952485
6.660575149839686,6.663185786226156
8.282988692742602,8.48391062571864
8.612685172875459,8.5831323456791
9.418085981110297,9.36190925817763
6.641182169740591,6.573427474422984
7.589841512182657,7.487014567472749
8.130059039992796,8.191792077656396
9.73849497786395,9.718414446859773
7.3453648404168685,7.4899600007471205
7.692569648067906,7.738646846845572
8.545586265917455,8.412562477847464
8.083328608786376,8.057782271471309
7.563200592358071,7.5446566923513085
7.795234929002173,7.801897251059102
7.187657164114956,7.18347578527786
7.117205503164344,7.001007932563319
8.23031079913502,8.224578918505134
8.823353485113792,8.69535218894919
6.490723534502507,6.581168208753836
9.423837546238587,9.445706629633381
8.977020214210413,9.025084880353601
8.4071550862073,8.406882555058528
8.493924564476883,8.491171622922389
6.595780513961311,6.514498840463025
8.476162841858246,8.717542598301728
9.517678002086406,9.382153598446866
7.979338895262328,7.8975020077432045
8.533656917446903,8.585896279728386
7.0707241072602764,7.046790262597509
6.035481432524756,6.037691978664342
6.2285110035911835,6.153526336117896
9.11866358340428,9.138358980129576
8.436416881388949,8.363579164830972
7.622174594817622,7.616135955059031
7.602900462204755,7.714026738462502
7.557472901614746,7.579562094692137
7.898039690764619,8.101157961615947
9.081938657171658,9.07413465533486
6.854354502255021,6.84948497519471
8.274357006756292,8.340411185559951
6.726233402358747,6.730854552191032
9.112286431500795,9.126130236163577
8.352318548226004,8.371893003729296
9.211739392889891,9.171602505870595
6.8690144506657065,6.915027790347081
7.613324979540639,7.68167576269567
8.447199819595703,8.447399555960448
8.967121656230923,9.163967845747187
6.8501261661455,6.851804088348664
7.568379267836522,7.625619250490858
9.044521887281242,8.921348364356987
6.77078942390898,6.694377115023693
8.411388132519262,8.343345606629429
7.9665866976384025,7.914793950053465
9.453600226875217,9.591020318888777
7.030857476116121,7.073068815711778
7.926241523170962,7.928173314506285
6.650279048587422,6.901425307423678
9.386392315756542,9.349050093883601
8.38958706681109,8.282079980160033
7.114769448366463,7.229168462576831
9.01602720232985,8.988892177395618
6.411818267709897,6.286720739331641
9.534523115464658,9.474187375886856
7.485491608030754,7.436469311937622
7.078341579557671,7.100794549098583
7.550661243105336,7.706219015510088
6.490723534502507,6.604650961796883
8.161375023197486,8.056050447651803
6.703188113240863,6.722623587778139
9.179365567676752,9.248645452552472
7.845416036592485,7.787469344537019
6.698268054115413,6.683804753707768
8.724695046740491,8.79047767452045
8.00903068506973,7.771154986451134
6.761572768804055,6.789920059570388
6.375024819828097,6.496127769538607
6.559615237493242,6.383921509305054
6.678342114654332,6.762140290311233
9.675394271496005,9.682208404713988
7.033506484287697,7.045267355268284
6.720220155135295,6.564783352876749
7.8826922062890254,7.849440729784578
7.3796321526095525,7.431717164568801
8.328209491748732,8.358585967371312
6.354370040797351,6.230243689145123
7.897668150726906,8.081227777374616
8.558718938244736,8.57626510824534
5.978885764901122,6.1282459128215505
6.561030665896573,6.587937316880383
6.226536669287466,6.228589856840462
7.381501894506707,7.383063324501574
9.026177120302856,9.015768802433092
8.280711075662847,8.221506580299003
7.3833681469923835,7.440870910017667
8.636042325254618,8.597702865720017
8.89192414015454,8.997644156820956
8.933004591578547,8.777757445215874
8.382289428951436,8.680348731198372
7.360739903058278,7.222801357097291
6.421622267806518,6.513125004960011
9.577064651767916,9.582544853314825
9.218407743053941,9.118834587767797
8.440312147080279,8.375880506086066
6.891625897052253,6.823482493170342
7.80057265467065,7.897139215558386
7.344072850573066,7.338065830266165
7.01571242048723,6.947774078167254
7.4413203897176174,7.6662286459815245
8.815073088844464,8.81124760605248
8.752265313595721,8.821303319523736
6.6240652277998935,6.702454892736944
8.73761303680885,8.84088295549291
8.3133619511344,8.39314433028987
8.817594036275793,8.669615788381229
7.491645473605133,7.489193270106143
6.439350371100098,6.493097006179997
7.768533300926033,7.726009650688623
8.97903863296051,9.048295075969552
6.411818267709897,6.322325528225847
8.52456594574565,8.592196767250604
7.699389406256737,7.730467170179967
6.137727054086234,6.254690814050854
7.110696122978827,7.237782516492205
9.190341725469493,9.490580327134719
6.849066282633458,6.692327109467684
7.892452043520352,7.872266108393443
6.7464121285733745,6.827167517240751
7.553286605600419,7.446597245317684
7.822044008185619,7.863186483418303
7.955425088912672,7.601445457507598
6.943122422819428,6.961445721572636
6.246106765481563,6.343079802394866
7.8119734296220225,7.788131831005949
8.333991247194975,8.352359879371315
8.993303139093733,8.961499180287596
8.940760134888384,9.007410360609926
9.450694960020746,9.387710029498562
6.529418838262226,6.6045668793468115
8.495765244002618,8.37480416297855
6.705639094860003,6.720384115578536
8.394573477868327,8.400374098352207
8.018954683155718,7.902787819515639
6.852242569051878,6.891260592309197
7.717351272185329,7.816230767675427
8.512180649592693,8.51665960204314
7.68662133494462,7.636604265756749
7.671360923190644,7.804336524545641
6.508769136971682,6.598326354210087
8.296546520300614,8.314671957161504
6.97166860472579,7.125144738859205
8.345692873253865,8.286884830351356
8.27410200229233,8.290364063612348
6.035481432524756,6.170830812106961
9.529230371552156,9.675681139508916
7.77779262633883,7.740846130129482
7.5443321080536885,7.542255355674773
7.836369760545124,7.852485541114504
6.980075940561763,7.092831054078521
6.261491684321042,6.357125436699294
6.07993319509559,6.105475526567212
9.470317173335742,9.55322354204651
8.763584409450138,8.598356793752394
6.07993319509559,6.124476580669493
7.8632667240095735,7.85647366995605
7.544861068658458,7.583852458772723
9.398478314091577,9.338741826244831
7.611347717403621,7.563463454692895
6.049733455231958,6.078802039770034
9.131729971394272,9.178568657552438
8.03689677268507,8.044052696512855
8.231908243564177,8.083409115407212
8.2960476427647,8.167302773662463
7.242797922793756,7.405410182272158
6.267200548541362,6.459265662377413
6.703188113240863,6.796375676031804
6.3578422665081,6.52423127950287
8.541300266759471,8.52746842648411
6.739336627357174,6.690473273941423
7.274479558773871,7.189647371787948
7.049254841255837,7.047970238711125
6.974478911025045,7.046796028105331
8.476162841858246,8.452373698913632
7.632885505395133,7.634406449642668
6.739336627357174,6.690473273941423
8.271548374755515,8.359029146417086
8.98594603876032,9.081073506726932
6.354370040797351,6.280590236818939
8.610319169405722,8.588288953924925
8.369388996647842,8.44058476336647
6.771935555839602,6.706751180077476
6.470799503782602,6.55828211272134
8.941807118363164,8.850057400442058
9.400547423044127,9.190732992822294
7.8119734296220225,7.920590789190765
7.8351837552667485,7.792599518039807
8.533656917446903,8.531450465006598
7.029972911706386,6.979483307389831
7.974532844130228,8.153034231482362
8.290292591224315,8.267483398146803
8.39840965542627,8.306760389368174
8.45638105201948,8.547235299831526
7.57095858316901,7.601004234680455
7.4109518755836366,7.512634127539045
8.688285266258644,8.65261999014279
7.460490305825338,7.445626898712626
7.3938782901077555,7.520863112267634
9.533944453604027,9.55459478689007
7.776954403322442,7.783326096505701
7.954021087278037,7.881627621839067
6.220590170099739,6.294282236329014
6.838405200847344,6.758647331272389
8.063377822367027,8.34661525241723
6.198478716492308,6.258598247891791
8.127109185346375,8.090948080569095
8.413830678421084,8.443135446413097
6.963189985870238,6.98144639785949
7.16703787691222,7.069567603738154
8.23323750070527,8.275857900476659
6.80128303447162,6.775706727254681
8.481980435660493,8.453966979956204
9.159678457173955,9.178532722839268
6.803505257608338,6.761584398012443
6.439350371100098,6.464991518619175
7.365812837209472,7.462289526674416
6.20050917404269,6.257477831778768
6.565264970035361,6.443266202587213
8.404696160189092,8.29184162146324
7.447751280047908,7.495157154938755
8.268475388982598,8.370492063736474
8.969796305981806,8.980215809148861
8.259458195332408,8.376044004295222
7.00033446027523,7.025670704751958
9.27771860730613,9.230206739568587
6.466144724237619,6.4585090408191155
7.407924322559599,7.453328919107745
6.5337888379333435,6.59606063349778
9.684647229041753,9.602722504734754
6.891625897052253,6.736481863203692
7.103322062526113,7.307911092076245
8.825265953515752,8.817859219034595
9.160834952072344,8.97341262225288
8.747828608488742,8.735572440378343
7.895063498091573,8.157451140358344
9.488123612248716,9.51329751413121
8.428143374582726,8.579406167569227
7.784057002639929,7.977560975791878
8.479906606630221,8.429255062795148
7.143617602704121,7.059525749845207
6.516193076042964,6.40845491999919
9.490544554572004,9.589744475109464
8.498621805830801,8.383488380652068
6.650279048587422,6.825613827385891
8.339739766019143,8.34302381872244
8.01565761455734,8.090309032861812
7.96346006663897,7.9637682848212625
6.734591659972948,6.583770234330256
9.276315360899716,9.24677428674635
8.07215530818825,8.006584905759942
7.107425474110705,7.170382595426661
8.924789360533357,8.909453758561751
9.498372383192251,9.590634107269652
8.148156439921625,8.210742048587313
8.509967146324497,8.376567920586858
8.176391596633795,8.248788075549664
7.521859252201629,7.483338715583199
6.96979066990159,6.74468559444483
8.606485298894999,8.597489055068987
9.342595951096653,9.323831723368603
7.1372784372603855,7.0873991554771205
9.44208681209766,9.389358799846539
6.52795791762255,6.551528813040805
8.537583881063972,8.52305515110223
8.153061946801051,8.156686579562905
8.920789888464375,8.874226077910665
7.049254841255837,7.095432455832526
6.956545443151569,7.000613677923669
6.597145701886651,6.524538229414611
8.904630097005011,8.9253005975157
6.52649485957079,6.430084981627682
6.88653164253051,6.9633946859278915
6.814542897259958,6.791238701132216
8.568076401730806,8.474100693942805
9.504799428706987,9.553577222271473
9.501067802613925,9.681883804292394
7.849323818040561,7.82763874871976
9.074864232413733,9.089713739900525
9.233373071086755,9.286655872380594
8.113426639943654,8.20419333450123
7.111512116496157,7.262262659358314
6.118097198041348,6.34175833161568
8.269244521183056,8.272476910416511
7.566311014772463,7.582339882126324
7.443663683115591,7.542959997287724
7.418180822726788,7.431600856666804
7.241366283322318,7.354150470146044
8.906393407058367,8.84577888068839
7.995643604287271,7.985567360181038
6.261491684321042,6.355482539907787
9.632924771891735,9.570824177737762
7.90100705199242,7.849450094050103
7.5126175446745105,7.49514819389501
6.726233402358747,6.7824230601304505
7.697575346802343,7.650986570908338
9.449121024069791,9.426001218104934
8.235625719964311,8.23693404885249
6.811244378601294,6.6661674808075615
6.579251212010101,6.630137408342332
8.283999304248526,8.269687636710891
7.868636894184167,7.872266108393443
8.024207485778577,7.984186008992569
6.6039438246004725,6.654285633091095
9.2299469016151,9.177423954657488
6.818924065275521,6.822852541111461
8.936298185228436,8.873451015347722
8.076204527239026,8.291839564062954
7.236339342754344,7.039856954656742
8.439880088313567,8.405114448509416
7.07326971745971,7.03100163142849
8.670772279344538,8.708428973591785
8.044305406990638,8.136323889809962
6.688354713946762,6.515951227194708
8.848796450925947,8.636631457810944
6.927557906278317,6.900651408333017
8.479906606630221,8.444730573793327
7.4127640174265625,7.436967066544475
8.15162164696975,8.204394346369295
8.007034012193408,8.00793663711769
6.63200177739563,6.65638653952015
9.372204086867741,9.313563111738876
9.062188330952324,9.071356409989821
8.881697406469304,8.788524218104284
8.91811465947453,8.836953072637566
7.271703706887368,7.346282882459483
9.045111892608405,9.046952934678323
8.866017398810255,8.775690754548002
7.7354333524996886,7.143467407918059
7.990238185720363,7.858130455763162
8.772765209949785,8.745517616291163
7.950149887652018,8.04340875073039
7.8399193600125825,7.8969575660740325
6.932447891572509,6.883214183363325
8.780326390946605,8.780495169961602
6.688354713946762,6.7704810792877534
8.57130251706327,8.942236274570993
6.620073206530356,6.60099063562135
9.343296599224809,9.241616203469494
6.86484777797086,6.790471758811558
8.941152882160566,8.90633255578089
8.671972245203792,8.412428161704328
6.532334292222349,6.609602740087282
6.697034247666484,6.7467563999452755
6.852242569051878,6.838948723508315
9.4066470133368,9.525559796070977
6.877296071497429,6.944510208044899
8.722905701000768,8.627294140146342
7.273786317844895,7.206515414665385
6.037870919922137,6.0740664119038525
8.221747728346623,8.206383542757635
6.431331081933479,6.586891375380644
6.586171654854675,6.553822397155761
7.971776122880628,8.079307840242283
7.110696122978827,7.151612946654964
7.787382026484701,7.753467473525061
7.827240901752812,7.796648002337004
9.636849167012697,9.618007887717484
8.621192781434722,8.66045886043466
8.679482094459956,8.596594776811456
6.842683282238422,6.629764939701167
7.4127640174265625,7.442827488602065
7.01301578963963,7.048202267872729
9.150271845510064,9.212794339009912
7.351799869057777,7.46643967550035
7.954372272531867,7.930033763550091
6.54965074223381,6.42701255972226
6.490723534502507,6.500732434247765
9.515985144802135,9.576215829873382
9.30273722124215,9.364775200412677
6.655440350367647,6.523739901643276
6.502790045915623,6.608946466076281
6.6895992691789665,6.55628009495885
8.061486866871327,8.013892824832874
7.992944547318106,7.939023597351571
7.900266036767701,7.9401204761199375
6.863803391452954,6.818777460531077
7.471932078245122,7.42884719868184
6.439350371100098,6.598312609962931
7.903596289614301,7.982567569214236
6.692083742506628,6.730805317765637
6.899723107284872,6.902805068019089
7.829232537543592,7.872828467259383
9.726452000171411,9.668477946210961
9.538564399740899,9.695007592818083
6.3578422665081,6.490388567645483
6.293419278846481,6.178701842377931
9.434283603460957,9.385854505149439
8.069029328774958,8.045984645008796
8.887790764195326,8.913404843194085
7.803026643632217,7.808678632053447
7.9287663216266955,8.051143384329283
6.470799503782602,6.59713408356989
6.569481420414296,6.214737957417039
7.982074875081202,8.129259323522872
6.513230110912307,6.5739390271855225
8.477412321404392,8.414477785329726
7.704811922932594,7.663985730432813
7.117205503164344,6.981949178094997
9.625953811136162,9.514109551417569
6.683360945766275,6.588336952652865
6.411818267709897,6.27180988354688
7.742402021815782,7.819225778629752
6.78105762593618,6.821427758662073
6.959398512133975,6.937669776689924
9.783746350923579,9.68318845510812
8.843326450242271,9.108305593865149
7.756195343948118,7.838532161051837
8.471358655072438,8.490539264179436
8.68777949199177,8.751287980921052
6.502790045915623,6.580081571866046
7.266827347520591,7.214648549428803
6.448889394146858,6.2515617651015996
9.082166033252674,8.997361566093726
8.513385953073284,8.483375711231323
9.45798139489078,9.316324519836513
8.863191340690854,9.180881081630524
7.422373700986824,7.533808863842679
6.849066282633458,6.691639524077859
9.013960457931187,9.051183168219533
8.213923595622743,8.239829217562825
7.271703706887368,7.329175011472285
9.751792189283934,9.650364131229859
7.091742115095153,7.0758621123621195
8.641179171197228,8.614394095428382
6.588926477533519,6.618519797655799
8.293549515060345,8.20769238851195
7.018401799069201,6.948039996815624
7.960672608388117,7.982054101376724
7.963807953231451,8.014894595087506
6.267200548541362,6.320655988204316
6.993932975223189,7.070671226014587
8.239593454305968,8.224469873570698
6.90975328164481,6.9125224898181905
6.957497370876951,6.906450647692044
8.764365720529808,8.640713995028872
6.705639094860003,6.732009633336605
6.289715570908998,6.411703343883768
6.760414691083428,6.7659792222585455
8.510369966068112,8.656215314479805
8.936955604225226,8.767259516279353
9.16303909885817,9.190023037896008
6.447305862541213,6.487706824131826
8.988321188323683,8.792545873457609
8.150756470275551,8.462289591767608
8.107418811719974,8.225431866387966
9.264544425989694,9.193469940241751
9.839482222560216,9.717359264885046
7.4205789054108005,7.239516089233444
8.48446336679332,8.733287739249507
7.16703787691222,7.172522676014441
7.6093665379542115,7.559707839118205
7.496097345175956,7.537807481252433
9.057655284310535,9.210481910252215
6.54965074223381,6.49605377092919
9.656243400857722,9.427763651130707
8.733916174927524,8.741360711435371
6.816735880594968,6.919262043360357
7.903965634032166,7.925991765120256
6.731018100482083,6.528318312859492
7.393263094763838,7.381968923723187
7.783640596221253,7.787817110632977
7.271008538280992,7.186085053953514
6.261491684321042,6.3527003593397025
7.485491608030754,7.438648053161958
7.411556287811163,7.308663636932876
7.5352967024440884,7.46276180575534
6.513230110912307,6.441581325432835
9.074749717669835,9.099016206558462
9.45657525451379,9.36641365918762
6.56244409369372,6.763057509765642
7.553286605600419,7.566393189072352
6.921658184151129,6.740320553667885
8.499436469826978,8.446291706939625
6.795705775173514,6.789796200224495
8.999372396592106,9.026324427604006
7.213031659834869,7.170657296117068
6.778784897685177,6.638504481840206
6.75110146893676,6.616096630633419
7.62657020629066,7.597719730451037
9.506213803454253,9.537580486148329
7.1569563646156364,7.248112012001665
7.738052297689316,7.724748605154505
6.447305862541213,6.258616569367283
7.255591274253665,7.2452155810135235
7.5406215286571525,7.503791010584077
8.353261499733874,8.431703276410241
7.982074875081202,7.9339570528696495
7.583247524303362,7.855813107900074
8.17131687471973,8.161748370047242
8.48446336679332,8.373529029820233
9.3048320350689,9.18991474186209
7.851271997109883,7.6189012858974365
8.27664912542186,8.222195423641857
8.429672593886743,8.447399555960448
8.508555998020574,8.504703090024341
9.247154345098899,9.06155350486961
8.850087606689566,8.818131048794724
7.262628600974241,7.2542394225241145
8.34972083747249,8.324777058957606
6.963189985870238,6.969122254466582
8.37770121259764,8.462469431710804
9.436678814186912,9.32234716272651
8.603737792816423,8.575337210780779
8.814627555310697,8.897405128166001
8.977777598745481,8.871442430299219
7.763446388727362,7.5181144188056805
8.353025845202325,8.323125782898034
8.112827478751374,7.999875641043697
7.68017564043659,7.7963190064354615
8.951958168569265,9.081810178894635
6.413458957167357,6.606407510988605
8.270781013162674,8.222435254373671
8.414052432496725,8.56476550109437
6.452048954437226,6.5888766078472525
9.0068768914288,8.940108749020334
9.072571442231286,9.056748210282205
6.1092475827643655,6.163509084031946
8.047509510981422,7.988600858003708
8.821289805136113,8.789813914500984
6.594413459749778,6.69208801746971
8.29154650988391,8.30728160528366
6.499787040655854,6.5154671605038725
7.544861068658458,7.608484162518389
6.7464121285733745,6.796017691051986
6.523562306149512,6.65570740841901
7.7702232041587855,7.750038093975475
7.569411792450712,7.489193270106143
6.641182169740591,6.573427474422984
8.786609455061125,8.786015997262504
6.803505257608338,6.752607903278671
6.461468176353717,6.657063520276369
8.407601514786142,8.553851043587343
6.206575926724928,6.3451635028202285
7.79934339821592,8.03712741777993
7.516433302915632,7.498425605771205
7.009408932708637,7.052991789105537
8.717518372649767,8.723795978539576
8.117610746466228,8.365442214746867
7.431299675155903,7.510478225408686
8.246171559857563,8.350889773203189
6.802394763324311,6.8631081385513575
5.968707559985366,6.137352516640406
8.268475388982598,8.286220068906669
7.734558844354756,7.687891330746934
9.093918908958932,9.29885198136219
6.720220155135295,6.799510753173563
6.555356891810665,6.577752777419278
8.847072312567807,8.792081387045876
8.930361883909434,8.949071349529456
6.705639094860003,6.738225101052604
9.29403793099775,9.266883734930936
7.765993079407675,7.734853300367631
6.523562306149512,6.657658793339327
7.215239978730097,7.189644516501297
6.674561391814426,6.6868362774598715
6.641182169740591,6.556980012719949
8.358431899031295,8.12019756260578
8.57300625623545,8.520094932924572
6.26530121273771,6.324112488182915
9.658034484302057,9.736583773706629
9.725436862592819,9.710606826024419
8.962391701743002,8.9914381411414
9.54180006677385,9.507650088684036
8.388905171114706,8.336046304070765
6.92461239604856,6.810790529237031
6.852242569051878,6.832507945326772
6.437751649736401,6.43462360186494
9.826012379256717,9.644655352280239
8.338066525518801,8.373373664995885
8.944680683558895,8.972385938564024
6.761572768804055,6.7967871751274656
9.430920640887228,9.408515340057725
7.937731775260109,7.949327702541352
8.944158830970403,9.069416597181627
8.592486175451668,8.578057871501803
7.765569081097317,7.527994973815117
6.732210706467206,6.762641890545931
8.425735580927402,8.396618550993058
8.416488487294606,8.349334400233081
6.171700597410915,6.132926616392942
8.072779333169498,7.997677815803967
9.449121024069791,9.474187375886856
7.503289630675082,7.459502487635701
9.029417836095936,8.904405480240225
6.577861357721047,6.669643635881038
7.443663683115591,7.450857740130712
9.472089062401459,9.400524817743587
6.576469569048224,6.727923223561915
7.428927194802272,7.485836900455508
7.847762537473608,7.968414662916413
8.173293438966228,8.045680420958245
9.135832319801121,9.101741744701169
7.400620577371135,7.447924197973669
7.4377951216719325,7.089431758801871
6.873163834212518,6.778740578030761
8.364275084991524,8.349783199243351
9.0410929746695,8.969954071972518
9.299815378403785,9.136075611752805
9.272093768251665,9.284630236042457
7.428333194190806,7.539464203968035
7.8961806086154915,7.933861446928737
9.326878188224134,9.474187375886856
6.650279048587422,6.756833693298209
7.454719949364001,7.481347048764388
6.315358001522335,6.262199695161211
7.725771441587952,7.892231951009473
7.65728279297819,7.757701050297816
9.747359919824648,9.563477829956593
7.664346632098617,7.839362265916366
8.638702608813434,8.57813503858252
8.864322722511439,8.848993169996808
8.718663567048953,8.449091766042544
8.401333305321703,8.31354311630708
8.449556542700426,8.459549595123493
7.026426808699636,6.869112932893946
7.779885115070522,7.77855211736992
7.852050207265889,7.839061074055466
7.606387389772652,7.636466982731432
6.29156913955832,6.23991942054916
7.194436851100335,7.238870830480354
7.039660349862076,7.0658902140114614
6.725033642166843,6.891005562282424
8.803874763534434,8.843979879663694
8.312135107648412,8.365169706770727
7.272398392570047,7.250139070955893
7.488293515159428,7.494120023630012
8.383661798791715,8.248928196462991
7.098375638590786,7.014025948862351
8.522578663692576,8.586896069166496
8.242493153187626,8.22205910149959
6.6293632534374485,6.627969685997988
6.502790045915623,6.561215464670025
6.505784060128229,6.382075462417194
8.393216011596527,8.370679630054564
7.652545692693921,7.606496254348067
6.516193076042964,6.3374256764476025
7.840312983320164,7.81077950936808
6.246106765481563,6.463571633487598
8.976009475021396,8.83736538552851
6.931471805599453,7.008166930079356
8.360539381370861,8.467306259661127
9.456262510179732,9.465782068631487
8.875566691990551,8.811207060593846
8.05356916913454,8.159649511673754
9.520028524690579,9.323831723368603
7.6511201757027,7.692278843772593
6.771935555839602,6.684251194759329
7.13966033596492,7.237447040086024
6.612041034833092,6.502288620650281
7.5406215286571525,7.499352498113004
6.639875833826536,6.747797337122278
9.805212983267788,9.687599604680077
6.815639990074331,6.673842628174767
7.653494909661253,7.566891022748924
7.865955413933502,7.889855655471886
7.96346006663897,8.230253746480246
7.513163545234075,7.492637085502317
8.343315881404946,8.424034914128736
9.629774129311743,9.415063050159675
8.00903068506973,7.767951034998476
6.226536669287466,6.2322933521357005
7.6783263565068856,7.7047143487164735
8.318010277546872,8.230891347245112
8.384575666801398,8.314841267939567
7.065613363597717,6.996907433642721
6.660575149839686,6.52170139718801
8.038189179973203,7.972848953392483
7.213031659834869,7.16574951580128
6.439350371100098,6.491103150173703
7.885329239273191,7.8145485474659075
8.237743803890933,8.310154447252666
9.454462329675584,9.323831723368603
8.631592731724734,8.559113135903402
8.411388132519262,8.382738286687259
9.678780279245736,9.539790976423363
6.839476438228843,6.825103045437784
6.194405391104672,6.2746652762495305
6.447305862541213,6.405817317295414
6.720220155135295,6.596772124414972
8.21554741194707,8.198084826546378
6.752270376141742,6.740502121201365
6.716594773520978,6.720384115578536
8.812992231969966,8.765826860385296
6.194405391104672,6.246470446012188
6.852242569051878,6.953445415724525
9.771954162574279,9.659626443534403
7.718240951959316,7.69945955549618
9.26558584620216,9.174144587510606
9.643744848773588,9.6301313526597
9.122710622015209,8.961584191495879
6.84587987526405,6.850633592895049
6.601230118728877,6.618473628981115
8.096512917501594,8.103383696018112
7.051855622955894,7.019713554068546
8.931684110731714,8.916264934815537
9.809616336926057,8.954006001430182
8.847359875474174,8.64252850696215
7.154615356913663,7.401112690951226
7.9868449011613825,7.902376629607234
6.71901315438526,6.592505372367302
6.555356891810665,6.659583758162553
8.509564164251746,8.460414349132458
7.687080155783135,7.817300756404043
8.087025470667701,7.949828782786252
8.371242135931933,8.32717614805983
8.517393171418904,8.541891093935735
6.810142450115136,6.70264757751106
7.823245690685523,7.779905119529208
6.154858094016418,6.2632399638309835
8.12296471523406,8.04090805952264
7.033506484287697,7.067724174116765
7.400009517162692,7.434927692440068
8.956222016362542,8.995947264287489
9.292933670280036,9.567024753724747
8.507950610049305,8.434335096347562
8.651374372882257,8.387388059937054
6.698268054115413,6.8191132851128256
8.54110501146255,8.45934845013716
8.522777569710138,8.826291773875655
6.55250788703459,6.665416980030597
9.48524111006323,9.474187375886856
7.917536353943631,7.880579922685687
7.507690077819904,7.448682656638351
8.117908942383155,8.176394553730264
9.23824732522919,9.539085765649103
6.56244409369372,6.575899884494594
6.55250788703459,6.58934586382953
8.679482094459956,8.589298192011025
7.44600149832412,7.544974603832781
7.90100705199242,7.995883665735841
8.889997357284841,9.002058883634765
6.879355804460439,6.95814730950805
9.713839220355712,9.68361835975307
9.270400128403846,9.217137684791394
9.109635667854551,9.324957289013469
6.395261598115449,6.442823075380349
8.38160253710989,8.420853346079618
6.646390514847729,6.583359150102904
9.315600882633676,9.361481930584896
6.831953565565855,6.9724130961913895
8.413608875159667,8.372998466539638
7.8336002236611035,7.7914211057782214
8.29529885950246,8.454973165063063
9.036701015565063,8.93107572036328
8.94324493313279,8.849868761606388
6.833031732786201,6.955064402925832
8.317033476492403,8.32582064811035
9.020268861722167,8.951288159329376
6.996681488176539,6.844103798615606
6.470799503782602,6.54283322089771
7.4342573821331355,7.44390879727795
7.99598047476376,7.99198398860654
8.064321960910803,7.999298350399173
7.890582534656536,7.7960168752487045
6.698268054115413,6.820083782606956
7.065613363597717,7.191550837593834
7.017506142941256,7.014199414515816
6.274762021241939,6.232615541357052
7.095893221097532,7.031295792722007
9.12063445889169,8.976088810417757
8.630521876723241,8.589298192011025
7.475339236566737,7.384010101707654
7.904703913873747,7.8908128733654745
7.520776415062797,7.416043946360665
7.860570785538664,7.83183511342924
9.380589347535867,9.319653600022681
7.738488122494646,7.805939376486082
6.104793232414985,6.203468503371527
6.525029657843462,6.520880304452937
7.777373602657861,7.890910365129339
7.074116816197362,6.981192502863559
6.692083742506628,6.7325177561979554
8.332789468417959,8.233293639254983
7.446585099157725,7.475409101760509
6.054439346269371,6.152608962722286
8.354203562921775,8.329816100952927
7.798523053625206,7.761825538662999
6.501289670540389,6.691627199148464
7.154615356913663,7.132930753908702
6.513230110912307,6.585135242992576
7.826443135456014,7.791475845261876
6.620073206530356,6.417438407114615
6.642486801367256,6.692733045449232
9.675582684120208,9.679092670587183
8.059592328887545,8.082238021702775
7.784057002639929,7.787215623659731
8.797850648931053,8.873495468569136
6.694562058521095,6.738401223128474
9.24319470884713,9.171602505870595
9.03788993497749,8.826800272866643
8.513185170018698,8.4608226330228
9.165133779138104,9.212794339009912
8.144679183447758,7.931470923043977
6.815639990074331,6.674530213564594
8.39795910349254,8.438658402394008
8.276903481267057,8.158012489955995
8.621012520055235,8.615895141575301
8.372398606513004,8.350291702509583
8.543250725735527,8.516951675594003
9.618003063627834,9.520680481358523
8.026170194946426,7.947878835914319
7.1316985104669115,7.146765624038618
9.379576689221482,9.399902975646711
6.811244378601294,6.780476342711481
6.584791392385716,6.586520933898069
6.606650186198215,6.749539419346803
7.53689712956617,7.379030537878501
6.507277712385012,6.284145786483654
7.411556287811163,7.427817572794706
6.665683717782408,6.476871088510476
8.310169021981912,8.433506341457834
7.246368080102461,7.2210095079773895
8.109826276018477,8.126079004104236
8.359603270841466,8.277917753612943
8.906664409770052,8.932897925433142
6.890609120147166,6.789689425496704
8.744009988096744,8.73239627085618
6.616065185132817,6.5360474386397955
7.040536390215956,7.270319446702211
8.382747094863314,8.326152755080496
8.700680734850161,8.99687497357632
7.923348211930154,7.987703439850443
9.078065332666364,9.070314632750986
9.676273226851437,9.645609333738243
7.363913501405819,7.386694737936426
8.70748291785937,8.765311555227301
7.781138509845015,7.7296874502875665
6.688354713946762,6.522672411658329
8.406708458240965,8.36494898021674
8.628555659269699,8.568717665636086
6.80128303447162,6.721500200382928
8.472405008626103,8.39039123873456
8.36474106822456,8.374051962545645
8.487352349405215,8.636300393717798
6.169610732491456,6.259930365818728
8.591558273371545,8.503153489408438
9.010791269515602,9.116216023131857
7.943072717277933,7.956434309059999
8.25088114470065,8.430827218248854
8.57583938684897,8.556910807239634
8.22121009392507,8.06653091917453
9.78790833668397,9.715396335533155
7.088408778675395,7.138193219179196
8.110727582974489,8.224047341198323
6.210600077024653,6.287548492528371
8.676075516476429,8.604587032088862
6.639875833826536,6.752933347624075
6.021023349349527,6.090357925827315
6.444131256700441,6.374687752392958
8.95712413640568,8.961488429287483
6.928537818164665,6.8357286181823005
8.554103545436334,8.6267390758947
9.824065485558638,9.687555634401132
7.049254841255837,7.031916631132039
6.651571873589727,6.729118703541131
6.226536669287466,6.239333905432593
9.473319831787592,9.47809256697414
6.111467339502679,6.168858626682918
7.195187320178709,7.186184292783497
7.201170883281678,7.195707611971371
7.844240718141811,7.836331566148036
7.1372784372603855,7.317917892201132
8.12058871174027,8.09771815440828
9.529303064460995,9.398702520557086
7.510977752014095,7.25682155637424
9.162619635764772,9.202611764015906
7.611347717403621,7.7174848024266725
8.549466751966532,8.477622486908906
7.379008127628304,7.394629524645134
6.705639094860003,6.736010047309348
8.815073088844464,8.739798194129138
8.487558386286548,8.48361797141375
7.6676260915849905,7.719038101821554
8.621012520055235,8.456710503784745
6.853299093186078,6.885146490713942
7.516433302915632,7.549785405752696
8.442685139241176,8.451846125657468
8.603737792816423,8.760418056667133
7.876258882303226,7.841638766563126
9.585071320714485,9.522298307568837
7.160069207596127,7.209954517914363
8.3133619511344,8.315786866756063
9.57254997141339,9.46538203842376
8.826881344130634,8.823941531499232
8.272315147956022,8.469566133052027
8.542470998600505,8.552735462528164
7.96311205897929,7.669313872021957
6.523562306149512,6.657658793339327
8.155362120328135,8.14647678754397
8.5814816812986,8.587637063334427
8.744966011114109,8.811207060593846
6.7650389767805414,6.755424022401452
6.862757913051401,6.653534295482465
6.8658910748834385,6.949754382002009
9.079206103951382,9.073909747301462
8.71833650245078,8.81005656317858
6.894670039433482,7.039212268319734
6.674561391814426,6.783188894456941
6.71901315438526,6.807939901053701
7.450660796211539,7.374949315310212
6.8658910748834385,6.800852947084448
9.713899659750128,9.650740920250753
7.473637108496206,7.464106598491465
9.498897061838624,9.342419038474665
7.254177846456518,7.170598414026258
7.579678823090456,7.523929753111214
6.606650186198215,6.6914841932499485
6.683360945766275,6.577093192198646
6.349138991379798,6.072692885546344
8.06777619577889,7.938742318626013
7.569411792450712,7.536275017072218
9.645493723786172,9.529842192817103
8.176391596633795,8.177131404004855
8.17103418920548,8.041545735066418
6.957497370876951,6.879229432213375
8.120886021092838,8.26652292921928
7.644440761556566,7.816381690788947
8.162801353492073,8.078451328097469
6.655440350367647,6.526051425612493
7.60339933974067,7.5506251136411935
6.837332814685591,6.943732788787963
9.399720293137584,9.39005718427587
8.306472160100585,8.291431039795773
9.117347505127018,9.087433959415204
9.251098364448351,9.202857097182664
8.709795057617749,8.573680635141885
9.14120463314132,9.019868570731457
6.597145701886651,6.4479849806348035
8.074960359115858,8.074347613044832
6.815639990074331,6.660124737924723
7.640123172695364,7.841341452600637
9.369308003071827,9.430483842615729
7.2640301428995295,7.071994556939888
8.487764380725425,8.543383132242358
6.981934677156389,6.881546087046856
9.381769487603714,9.296740982640753
6.837332814685591,6.8493408422646915
7.938802248154481,7.933934192383918
7.5352967024440884,7.478954989495819
6.263398262591624,6.435279829131305
9.71571114505921,9.578171796682046
9.053335623166017,9.077444609736611
7.084226422097916,7.069293736634618
6.981934677156389,6.959208360526814
9.311361486034912,9.366534647935394
6.07993319509559,6.152343334991021
6.380122536899765,6.444543307902522
6.455198563340122,6.467646672067594
6.9167150203536085,6.922200209827249
6.406879986069314,6.505480271106197
8.488587934405903,8.424652829414715
9.149953221961088,9.147084811598473
7.789868559054706,7.7762865065199405
6.597145701886651,6.437125301885167
6.194405391104672,6.303956300268795
6.38856140554563,6.264426325133507
8.392763113038061,8.527512269587767
6.829793737512425,6.782437914605542
8.470311205516108,8.560492142447844
9.670861685832426,9.549701913309661
8.172729104865471,8.211844091024362
7.27655640271871,7.220840248900113
7.990238185720363,7.991992584309978
8.406261630708956,8.52915591069561
8.394573477868327,8.470083542662499
6.612041034833092,6.520043802265076
6.71901315438526,6.771755548491048
6.716594773520978,6.754704073390666
8.524168805152662,8.315690055892933
6.705639094860003,6.800952567016901
8.235890725928495,8.379721677034258
9.504352368122833,9.451664335594947
7.962415680121064,7.80267831493486
8.443115988019922,8.249060320954655
7.489412083508719,7.554258012970385
9.551515816867964,9.582670206571198
8.39049553837028,8.464157641697037
7.506591780070841,7.563758948142493
7.418780882750794,7.44263425744261
8.560061091643414,8.576000055579323
6.950814768442584,6.977662936154136
6.045005314036012,6.1408927555703094
8.871785969150645,8.901218721776642
6.856461984594587,6.716586157972884
6.6293632534374485,6.517671634865418
7.766840537085513,7.833521515401848
8.688790784847216,8.688025890931497
8.699514748210191,8.726489710258615
7.396335293800808,7.360651131092158
9.113609183016411,9.028627664498316
8.69901462316851,8.597167235618079
9.35296777022594,9.474187375886856
7.424165281042028,7.181973619813336
6.111467339502679,6.310288939530208
8.48632152774915,8.27668963083557
9.165552189186048,9.11389141045684
8.965334573804839,9.023896921182798
6.502790045915623,6.568816760728194
6.967909201801884,6.891644819234946
7.024649030453636,7.006814892462844
6.398594934535208,6.320207292404634
8.631057447565285,8.649450666466345
6.752270376141742,6.712580085374241
7.581209826196346,7.652124783650524
6.620073206530356,6.497023856755461
8.660080678964786,8.632517797414165
8.967121656230923,9.040417376369872
8.351138607086154,8.421781719797417
7.768533300926033,7.845389669194197
7.3938782901077555,7.449641433645551
6.226536669287466,6.3013080423093415
6.5337888379333435,6.560039758984204
7.872836175025724,7.857477100720289
7.532623618788788,7.563252864863622
6.918695219020472,6.826605434207266
9.589598387915172,9.490923662264597
7.940939762327791,7.923661576690449
7.470224135899966,7.552450355164407
8.343315881404946,8.35660178683405
6.104793232414985,6.152533744805586
8.305236829492593,8.478948819942298
8.3707791729607,8.343059977099951
6.9865664594064265,6.982201754733392
8.051340933292979,8.049422864442157
7.051855622955894,7.151630705039419
8.75273950944749,8.853006527630303
8.416709652837914,8.336085590120641
8.822027322685583,8.716338753049742
7.5406215286571525,7.4670892706812815
8.80956425335415,8.783506462614866
8.22764270790443,8.270936906066066
6.787844982309579,6.606648784074094
8.808817483100642,8.873451015347722
7.198183577101943,7.451499536168489
8.144098463338524,8.221278553976685
8.643473357326567,8.564011607262008
8.293549515060345,8.283252022101363
6.612041034833092,6.567459494065088
6.703188113240863,6.7686975136917615
9.512738628263644,9.511489058232366
8.6652683094816,8.776094742213726
9.314970621054266,9.338739477963722
7.454719949364001,7.457553533544087
9.397981090247738,9.561335075423226
8.485702524324866,8.648895994432431
7.170888478512505,7.122393918694407
8.87570644462861,8.849868761606388
7.953669778649798,8.655251463792332
8.357259153499912,8.48369074941737
8.247220052745229,8.303070055112151
7.976938756959434,8.073126458119939
8.305236829492593,8.49789556093641
8.305484017727691,8.662155062035914
6.472346294500901,6.384165952171205
7.048386408721883,7.053220914292905
9.13097243659261,9.071522835717664
7.788211557847076,7.584518951161911
6.984716320118266,6.970226137328387
9.627668172626858,9.563228058891578
6.068425588244111,6.058155193028548
6.970730078143525,6.92916788025637
6.703188113240863,6.687103854850355
7.653020413804189,7.7016376134256985
9.389908140573516,9.499463065378457
6.490723534502507,6.519411059697273
8.517393171418904,8.52193053487276
5.978885764901122,6.166893393373366
7.583756300707112,7.641220088154427
7.389563953677635,7.4071996178096535
8.780326390946605,8.792334649761223
8.266164436612492,8.249317195880568
6.616065185132817,6.831180518366679
7.59337419312129,7.5318262380451735
7.566828479208331,7.566206801654548
5.971261839790462,6.014587510257561
7.68937110752969,7.802695432179742
9.6242365055622,9.67627946826156
8.184513753033722,8.342551082693353
7.874358824729881,7.882635635974924
6.841615476477592,6.831774363090142
8.48446336679332,8.475577480043171
7.924072324923417,8.062266254891238
7.767687277186908,7.988113264997231
6.302618975744905,6.29408200513343
6.660575149839686,6.518500657420568
6.293419278846481,6.176786186923065
6.787844982309579,6.814889593113847
7.164720378771857,7.185586835236105
9.275472466913964,9.279267055006583
8.226573474977114,8.304301121091656
6.322565239927284,6.506467554455153
9.216223035134337,9.21149658329021
6.137727054086234,6.23933016910364
9.192583650386924,9.21427244201532
8.929832503272403,8.929747603287812
7.9208096792886,7.921709972576067
7.643003635560718,7.657565878945642
6.5337888379333435,6.683351363271546
7.416378479192928,7.406414209354482
8.28045768658256,8.372618123625733
6.556778356158042,6.807315848727524
6.546785410760524,6.490185798055285
6.226536669287466,6.262186215196262
7.063903961472068,7.157144309714889
6.918695219020472,6.923707912011141
6.849066282633458,6.6657784920985215
6.472346294500901,6.718587139851669
6.78332520060396,6.708372982199845
7.955775781534187,7.874114570109932
8.510168576479273,8.39314433028987
8.029758520440822,7.883343540607701
7.4673710669175595,7.599264754939013
7.879669914604289,7.8591865972567065
7.016609683894219,6.777266699459442
9.06589246761031,9.118112133890897
6.806829360392176,6.832925386791118
6.906754778648554,6.8851474474908025
7.3938782901077555,7.273148579356413
6.787844982309579,6.7566369678472284
7.486613313139955,7.535689607324826
6.862757913051401,6.844484481319374
8.610319169405722,8.870346531717091
6.226536669287466,6.232906261689007
6.824373670043086,6.796775405809769
9.587268821942159,9.563228058891578
7.503840746698951,7.463311313060872
7.6246189861593985,7.56484917010398
8.590257762273243,8.474521901949446
6.841615476477592,6.995340743180384
6.79346613258001,6.819101757707708
7.614312146452,7.675299494288615
6.900730664045173,6.743961227381631
6.171700597410915,6.216867757265249
6.561030665896573,6.583017382820158
8.160232492367689,8.130041438131554
6.725033642166843,6.773862264272432
6.161207321695077,6.253849135891062
9.297801647746176,9.207995746190518
7.266827347520591,7.296447585448899
6.782192056006791,6.779714500397975
9.15302900526307,9.171602505870595
8.551014739891748,8.51805207764483
6.773080375655535,6.802994166491299
6.695798917058491,6.742269091926157
8.925587339030281,8.94700843137678
6.959398512133975,7.0157646200351715
6.651571873589727,6.6113932604963574
8.903679332926599,8.87560149035129
7.1569563646156364,7.172304412430838
7.520234556474628,7.466591040714372
7.416378479192928,7.432474297961103
8.184513753033722,8.304379252583704
9.03336450150698,8.982576577664126
9.282940064390527,9.397451801994483
7.255591274253665,7.2364233828700275
7.689828668736484,7.6327884384104
6.70808408385307,6.630425243496982
6.045005314036012,6.166251632745935
9.329810871952349,9.304690686632732
6.79794041297493,6.801085753683065
8.955835144218959,8.901131048390052
7.513163545234075,7.847146895976598
7.6760099320288875,7.644898171682548
8.465057436995709,8.397839030580538
6.761572768804055,6.765700440756817
6.849066282633458,6.947337514510332
9.641278276057378,9.633108205379868
6.516193076042964,6.385824784404973
6.555356891810665,6.677857042432093
7.1785454837637,7.191517256496305
8.06211758275474,8.064315192700533
8.059592328887545,8.103245075504649
6.932447891572509,6.846759412024344
9.623112055266786,9.606044656430033
5.981414211254481,6.109642001264081
6.369900982828227,6.29000987400459
6.553933404025811,6.719465157452969
7.108244139731541,7.0701645424929564
9.128804883993665,9.288123042941894
7.25063551189868,7.24561366590354
6.839476438228843,6.73663358965143
7.764720544771477,7.730670179798941
9.160519676992227,9.061562197314238
9.090317329376452,9.116172337033975
9.151969458649853,9.03636937461594
7.059617628291383,7.027070199648384
7.059617628291383,6.672421168511955
6.937314081223682,6.933991053983976
5.971261839790462,6.073026516811728
7.951207156472972,7.8544496238177635
6.331501849893691,6.472680581580547
8.53070154144103,8.433099158567847
6.967909201801884,6.861160496516706
8.676757761087575,8.581116131723075
8.039802343736485,8.009508884062052
8.00903068506973,7.766887956769447
8.20685642839965,8.285093000895097
6.854354502255021,6.809445057441298
7.396335293800808,7.385443091835701
8.981430225767635,9.018635270994004
6.736966958001855,6.745370921980593
7.619233416226805,7.740724246068853
6.90875477931522,7.048770762958603
6.86171134048073,6.87865360182009
8.836664586357426,8.776228087494683
8.776475789346321,8.677039018851769
8.434028950155469,8.55015366356373
8.448057452581375,8.398992599811168
6.315358001522335,6.24915167956626
8.796641458940915,8.748629524533033
6.78332520060396,6.775533753764392
7.456454555176209,7.093749025327304
6.942156705699469,6.741402203904156
8.370084326378025,8.343643444360902
7.522400231387125,7.3851695839393425
8.744328763999984,8.828131834088733
8.044626279767337,8.166180813429792
8.880863609867356,8.846008961514608
8.966611387052865,8.954635129198286
7.909489492673759,7.775061979074536
6.97914527506881,7.0009300216353925
6.590301048196686,6.38020818882695
6.137727054086234,6.239932301274569
8.2482674474469,8.204800179949176
6.8690144506657065,6.869954861626506
8.212568398234145,8.157173897957252
8.98619632032839,9.035918398931983
6.7464121285733745,6.792686611473935
6.133398042996649,6.127852833438703
9.670104253491726,9.570530515351406
8.659039915644474,8.644151364146417
6.555356891810665,6.509881181126556
9.407550541263888,9.330708578214193
6.150602768446279,6.31688551894747
6.6240652277998935,6.633797905851092
8.679992081721329,8.486590032969737
9.312896960301275,9.195309723984623
7.358830898342354,7.336651456980956
8.372860820526318,8.310116637408536
5.948034989180646,6.123611446227499
7.393263094763838,7.406772533840586
8.209580483475577,8.150296758696573
7.3833681469923835,7.433562167539587
8.714239143608575,8.660418270475189
8.463792414689122,8.480303462828923
7.122059881629142,6.920527997665174
6.630683385642372,6.801441369955407
6.761572768804055,6.769146488812457
6.852242569051878,6.956779824480403
7.753194269884341,7.765973502400018
6.54965074223381,6.444192184283865
6.643789733147672,6.740502072522489
6.921658184151129,6.900187542429753
6.352629396319567,6.260520311262375
8.588024372176829,8.656483654864742
6.340359303727752,6.300541057874759
9.102755161296246,9.003692305505009
9.234740258799718,9.212881086234653
8.480944058741116,8.255453532670783
5.820082930352362,6.082070965361264
8.783089671796096,8.824215612696111
5.953243334287785,6.078548952210652
6.917705609835305,6.715132778282197
8.596558746796978,8.54421510265787
7.910957382845589,7.977044040454678
6.354370040797351,6.259929807503174
6.391917113392602,6.552726780559468
6.363028103540465,6.5478558420775785
7.68017564043659,7.625016857612732
6.543911845564792,6.607978584321704
9.063926353520646,9.04430918330551
8.740176729929082,8.636932157113192
7.627057417018934,7.634854545488639
7.9676267393338165,7.9746994956780695
6.169610732491456,6.282903159917199
9.023528749909364,9.06881100786663
6.483107351457199,6.590669015480958
7.271008538280992,7.268611755188975
6.79346613258001,6.819101757707708
8.762176509334903,8.822846789660199
9.620328568811932,9.577470428795014
8.384347278082808,8.319481748509837
6.734591659972948,6.773611783659086
9.142489705068009,9.224410996655076
7.6236419465115715,7.622609258136129
6.22455842927536,6.2342445907966
8.988321188323683,9.169025580335097
6.444131256700441,6.29096607835263
8.424200324567073,8.447156953192298
8.157370441186774,8.11899715023414
6.230481447578482,6.26981125615264
9.209640126861789,9.204030922548096
9.10819689830748,9.07637059819574
6.8501261661455,7.011378258121392
7.5406215286571525,7.480783199037091
8.841881989497114,8.888289514534113
8.088561805276234,8.194437550669287
8.699348067653093,8.785380935118708
6.588926477533519,6.747537704911916
7.480992162869525,7.572319701700873
8.61558951327243,8.38941667309022
7.649216319820633,7.4332408618228385
9.220389707829185,9.09586956828677
8.466320861042481,8.335908080168805
9.632334782035558,9.564546218564063
8.666474894131992,8.611014193753656
9.02063159674821,9.042247316977022
8.259716961021523,8.267214607230331
6.406879986069314,6.4988142485849245
8.584290934948731,8.728233216197442
6.9440872082295275,6.8034583867108
8.658692753689937,8.738688342709436
6.948897222313312,6.961754246001832
7.210079628170788,7.1815596386994285
6.535241271013659,6.545323882363766
9.791941277791215,9.696272642599142
5.978885764901122,6.075803906338099
7.580699752224563,7.467175176702068
7.66105638236183,7.599957507087404
6.516193076042964,6.409323036929033
6.71901315438526,6.643977919073865
6.747586526829315,6.6888149605087275
6.774223886357614,6.695656815122302
8.679482094459956,8.605140434682284
8.460834457746854,8.31057489323267
9.302372457422676,9.368677426333706
8.00836557031292,8.076274491236822
9.045937315684574,9.019794330071461
8.637107288081575,8.546597404550038
8.832441791585824,8.451729060981949
8.848509300888079,8.808249952600407
6.88653164253051,6.8482052983739425
6.6052979209482015,6.586520933898069
6.967909201801884,6.837528635164301
9.071308163280625,8.988072586533479
8.34283980427146,8.454630705044275
6.516193076042964,6.5130889750594205
8.142645185942795,8.258212992807271
6.654152520183219,6.7148810817725755
6.406879986069314,6.475358186292012
9.787290758133617,9.594516703473428
8.23031079913502,8.103541633171245
8.689632748355741,8.787401237512366
8.474703139795285,8.484860750509513
6.7357800142423265,6.838106904566037
7.768533300926033,7.685539562562762
8.282735880201754,8.235844747708088
7.707062655370473,7.779840894823108
8.45553053102413,8.400767061372857
7.582738488914411,7.558227225285387
7.068172000388042,7.1280911297523035
8.204398418149381,8.31451517024477
9.727942980021197,9.677704643082162
6.447305862541213,6.414909767177134
7.614312146452,7.637789216677423
9.423029465386534,9.499280726087635
6.349138991379798,6.427941565810634
9.444779883032243,9.562321032678597
6.760414691083428,6.762641890545931
6.890609120147166,6.759466181323093
7.208600337960199,7.043588320616057
8.346167594364134,8.537722414737804
8.711772645605693,8.772767852158957
6.985641817639208,6.817800001232631
9.636718601664555,9.563228058891578
7.745002803515839,7.7988505746889185
6.606650186198215,6.692262364831822
8.119993827725105,8.176588867443575
8.691482576512929,8.646454189094634
8.35983738064003,8.369576695567137
8.81640849968169,8.731095707698554
9.673319386284954,9.563228058891578
8.843037724962366,8.972314808333216
5.817111159963204,6.049952216532603
6.410174881966167,6.404460620403571
7.2078598714324755,7.218425208559499
8.294049640102028,8.359315423069798
6.739336627357174,6.6888149605087275
7.9665866976384025,7.872361815236214
6.78332520060396,6.540935122460995
6.194405391104672,6.277874465760083
9.76617760157152,9.685270110504778
9.14494815320913,8.993127768612261
8.754002933494261,8.751420800481897
6.391917113392602,6.447400258680642
8.010359588919783,7.9995364446958
6.612041034833092,6.5050732445493775
7.346010209913293,7.424536920199458
7.119635638017636,7.241256121534646
7.374001859350161,7.22293233276604
7.571473648851271,7.592213970802809
7.190676034332207,7.1842274964080675
6.803505257608338,6.692334636228285
7.060476365999801,7.100925726277159
8.431417414394833,8.361089571450638
6.626717749249025,6.614368376579479
6.511745329644728,6.500226855231201
8.004365564979574,8.051226367713559
9.231906149890744,9.377497005806276
8.831857935197906,8.863040418822433
6.839476438228843,6.803394526804782
7.126087273299125,6.980641915725739
7.393263094763838,7.417406297929093
7.050989447068045,6.97836821376375
8.96469555531546,8.800513372939877
7.7702232041587855,7.746779700096561
8.528330935826693,8.69154320142477
8.33110454805304,8.475788126375143
8.00469951054955,8.065510371181468
9.836385748995392,9.760133296415411
8.55468163582723,8.524913348021531
8.447199819595703,8.43168909736708
7.114769448366463,7.1103017278900085
9.168163293076997,9.096810152353891
6.836259277277067,6.914706849591016
7.503840746698951,7.675073778510877
9.14644164612595,8.97474256866652
6.418364935936212,6.540451826005574
6.349138991379798,6.511454785625827
7.761319180947987,7.8059218772172505
7.852050207265889,7.844541272835005
8.819813136232225,9.065340463076264
8.32069157104845,8.373280391123874
9.08421009483197,8.992219064177808
8.918248591035702,8.935592221301325
7.857867559331803,7.844424914117762
6.104793232414985,6.242263531409447
6.490723534502507,6.6160386807169065
9.572410734431823,9.732811699926915
6.161207321695077,6.271964840652067
6.411818267709897,6.368504270352482
6.895682697747868,6.939616841638295
6.842683282238422,6.631814943195021
8.947415950650129,8.92503512873549
7.615298339825815,7.560308723406294
8.229777750081887,8.264722016362944
7.563719668414366,7.691803602706955
6.744059186311348,6.834954193381515
8.393894975071744,8.405943173190053
6.548219102762372,6.5936418807053965
6.593044534142437,6.488343121375706
6.293419278846481,6.212452289433781
7.422971251049421,7.360868333937868
7.716015266642587,7.736101416742991
7.4815557019095165,7.501236929730379
7.446585099157725,7.289853303897799
8.328934041955529,8.221396449138673
7.108244139731541,7.0701645424929564
9.061492275239766,9.051387750664311
8.553525120663627,8.520383316656906
8.772145439245099,8.748411809761015
7.499423290592229,7.746786398077626
6.3473892096560105,6.4977280769682295
6.393590753950631,6.392563543552589
6.675823221634848,6.807159297475388
9.372204086867741,9.338741826244831
9.75504554717585,9.562321032678597
7.00033446027523,7.087588175557538
8.32093496888341,8.367092152029839
6.948897222313312,6.886958453490129
6.732210706467206,6.625927067979012
6.885509670034818,6.741163433215288
9.074176947163311,9.039202404640609
8.600430789986293,8.4821656330919
9.379661116592885,9.210194710524851
8.771835409789817,8.651237964246366
7.213031659834869,7.062771002698856
8.014666370464942,7.972095603431424
8.144679183447758,8.056801509829889
8.348537825386098,8.369951381421508
8.144388865547622,8.027388021493472
8.666647144584575,8.647065832519377
6.893656354602635,6.778381486089126
8.434680769841773,8.635113455148998
7.050989447068045,7.001145848039678
6.655440350367647,6.542796625747931
6.892641641172089,6.904300334979928
6.439350371100098,6.505480271106197
7.5883236773352225,7.567319708713967
8.515191188745565,8.444034592151603
7.419979923661835,7.433901052657267
6.728628613084702,6.81240954187983
6.56244409369372,6.629764939701167
6.818924065275521,6.826537048536252
8.119993827725105,8.197627717429592
9.342771159156673,9.324866635692537
8.623533227187563,8.772103065300474
8.520587424484253,8.4142956957778
9.169205828617628,9.104360254529219
6.561030665896573,6.581053213012524
8.07558263667172,7.9939669110567655
8.103191752285786,8.058465600544611
8.323608442343572,8.340790587769586
7.421775793644647,7.493478037349376
6.499787040655854,6.6602628892636915
8.183118079394745,8.22714190180681
6.892641641172089,6.938645628832555
9.347751727799142,9.673498390872302
6.739336627357174,6.6888149605087275
7.637716432664798,7.7296874502875665
6.880384082186005,6.7622195636958
7.764720544771477,7.790792599789386
8.275121630216509,8.376965123550207
6.803505257608338,6.719889619863665
7.874358824729881,7.835388215369696
8.826881344130634,8.856260927947803
9.481283120423665,9.311488641996176
6.787844982309579,6.824120657861639
6.966967138613983,6.956283054684283
8.613048677059759,8.63351397381096
8.946374826141717,8.829751366667866
9.014811987694946,9.171602505870595
6.610696044717759,6.808572505763119
6.295266001439646,6.409239824805646
7.83002808253384,7.812320941882825
8.475328987317539,8.34123373736492
6.863803391452954,6.815539773412553
6.380122536899765,6.426412103195173
6.815639990074331,6.673842628174767
7.21890970761906,7.134323620703285
8.691482576512929,8.789528465375469
8.525756422076725,8.578268893791947
6.580639137284949,6.764541369397354
7.76046702921342,7.792026178907848
7.195187320178709,7.2432029013339205
6.849066282633458,6.661910596643668
8.521185212685776,8.350202352446491
7.365812837209472,7.237449006408516
7.829630389150193,7.810811303235974
6.824373670043086,6.682481258028037
7.368970402194793,7.424890510808456
8.079308192051961,8.013606041220745
8.064950891749143,8.111172662425485
9.100525505968976,9.117093835755346
8.449128460502108,8.36547728579643
7.5352967024440884,7.458890426694479
6.887552571664617,6.8151501487205275
6.7226297948554485,6.804873630592492
9.520101889570842,9.481549601485602
8.914760527397261,8.846008961514608
6.466144724237619,6.569590182144606
8.389359819906353,8.53175383792662
7.907283609426348,7.949759282316103
8.555836815008442,8.569586007481586
8.058643712215618,8.258212992807271
6.558197802812269,6.46955590601221
8.13622555490846,8.533054528795418
8.305236829492593,8.482250438938397
6.257667587882639,6.323818598685894
6.542471960506805,6.553798970790831
8.318010277546872,8.251162585820982
9.381263883817768,9.26119026911848
8.450625947144124,8.814860415315966
6.748759547491679,6.852579174442765
6.932447891572509,6.722475136407881
6.522092798170152,6.586273092411477
6.338594078203183,6.423429209416645
8.955060950631902,9.028561483099875
8.808369153122275,8.536417428834238
7.6004023345004,7.6885019810357695
7.062191632286556,6.982058329542576
8.301769763117166,8.315957161813351
7.395721608602045,7.473768144933193
7.668093709082406,7.746038635513162
8.385260520155413,8.305316935438887
7.546446273746024,7.498786586216377
6.354370040797351,6.2647546753243555
7.6708948313621175,7.661177862385881
9.819888528659815,9.67139263561162
9.465602553171852,9.623154019787988
7.662937850461535,7.786896005405061
6.905753276311464,6.7599613910927
8.424858580213442,8.480677585108214
6.771935555839602,6.761584398012443
6.778784897685177,6.859421373204616
9.469545806435415,9.435767589736937
9.079206103951382,9.327739894434497
7.228388451573604,7.283624370324525
7.063903961472068,7.1634523968774575
6.9874902470009905,6.863173197175805
6.811244378601294,6.629601870011149
7.2682230211595655,7.11230236889692
8.102889134640868,8.184244210497303
9.60177416667137,9.563228058891578
6.154858094016418,6.101511215789807
9.612667227583843,9.597071991264885
6.0844994130751715,6.124181029339682
7.6093665379542115,7.7296874502875665
9.667448713236185,9.590634107269652
6.732210706467206,6.84252223296583
7.711101251840158,7.74721284937059
6.56244409369372,6.473365047436954
7.492203042618741,7.474145821932693
6.974478911025045,6.720601961854222
8.670257567143075,8.607158949035227
9.419628376999952,9.44089030516702
6.226536669287466,6.368442476271839
7.738923757439457,7.829232583810009
6.380122536899765,6.212443246704468
8.873047798971067,8.903382661595423
7.850103545175582,7.773057039809858
7.462214939768189,7.658184761874526
7.75190533307861,7.635523984805265
6.771935555839602,6.7127199006885325
8.127109185346375,8.060108784288518
9.090542808520587,9.054603083229816
7.682482446534506,7.648052797625312
6.863803391452954,6.750676696361021
6.331501849893691,6.402473578200974
7.979338895262328,8.113909810510433
8.9947928972836,8.88709131207517
9.830594227015803,9.640325933135383
9.531191227694439,9.454282520728238
6.315358001522335,6.253998218749976
7.638198244285779,7.832433980397008
9.667322082870054,9.62892533750625
8.992184362173012,8.91358841673126
6.300785794663244,6.486657973682784
7.088408778675395,7.2978143346314095
8.193123721512068,8.29376415810707
9.082279701908664,9.158205006191357
8.088561805276234,8.03160319463491
8.589141690728821,8.652475493254098
6.745236349484363,6.822793845141602
7.365812837209472,7.434571800863359
8.556990661290303,8.552916099820951
6.300785794663244,6.378509176857701
8.343553835005117,8.351606573387992
8.281977058867758,8.230276005156076
6.5998704992128365,6.557354737769397
8.260234291607297,8.520612835107238
7.972121128921655,7.896362495195654
6.651571873589727,6.801945182178248
8.789507786736896,8.733665656270297
8.361007108226909,8.344307464557609
6.555356891810665,6.672656369918963
6.6293632534374485,6.6356113775249685
7.537962659768208,7.444375152477884
6.543911845564792,6.647007999589209
8.104401307921613,8.122343368900722
7.555381944240273,7.580872557815971
8.812992231969966,8.783506462614866
7.9865049385539955,8.150715116225804
6.57507584059962,6.750558458333555
7.424165281042028,7.45325779760579
7.273786317844895,7.287893342849281
8.10258642539079,8.18318635851786
8.94324493313279,8.87027185186877
9.392745258631441,9.345336896251931
8.937743936942443,8.908708035404887
6.656726524178391,6.527626710718774
8.24800570160062,8.494537335795227
6.937314081223682,6.935025496940775
8.117312461601975,8.143592667953516
8.556606193773073,8.518748903115581
7.907651594711089,7.905292198799667
9.463819123086465,9.389048011498033
6.736966958001855,6.796121546755004
9.179365567676752,9.185286590906399
8.269756947532983,8.267059254243929
8.828201089171515,8.830373777059124
8.217438537730187,8.193008749182766
7.3938782901077555,7.008568235788416
6.541029999189903,6.759126131444124
7.656337166430183,7.545415531940781
7.618742377670413,7.636165301027947
9.17812704961153,9.076233766692742
7.175489713624222,7.124709084483654
6.78105762593618,6.602680025449004
6.376726947898627,6.519576518566361
6.594413459749778,6.633797905851092
6.063785208687608,6.100424345963697
7.629975707027789,7.724138968024572
7.44600149832412,7.552503226260471
8.574518258035507,8.726133515040855
8.743850562030243,8.75131518247488
8.754791763700032,8.609698275111345
8.16876982367527,8.233184813619031
7.988882253309227,7.984102124581702
8.058327306580958,7.953646771500527
8.581294116822761,8.811207060593846
6.602587892189336,6.698751637935612
6.79794041297493,6.862344975494779
9.315960853839867,9.328895078273007
7.483806687665835,7.456844200369021
6.810142450115136,6.7320147330420035
9.438033557988964,9.467248489792222
6.104793232414985,6.262294657472679
8.577911926450943,8.589559564751784
8.53856321715243,8.492749043320512
6.815639990074331,6.6888149605087275
8.394121193826242,8.329806002046393
6.0330862217988015,6.141472023343274
8.994544758324512,9.056808404165354
6.300785794663244,6.370579075379173
9.48006211905097,9.61944187441661
7.416979621381154,7.554221166940142
8.133880887949207,8.236006670125827
8.17103418920548,8.121010548715521
8.491259809389733,8.523946911989674
7.616283561580385,7.551583714226266
6.628041376179533,6.630251067339984
6.354370040797351,6.262315437631297
9.08330213880546,9.048198946256548
6.331501849893691,6.475706624771854
6.634633357861686,6.593737625040175
7.160069207596127,7.161649150615449
8.274357006756292,8.479821337605308
7.16703787691222,7.173013642090546
8.520587424484253,8.551054931518683
8.18757739559151,8.16870273822514
8.83927669058535,9.086900475316636
8.292298107063221,8.317155017127183
8.68710472813351,8.66392610404579
8.4252971767117,8.371352499725164
8.968141414126814,9.022319388743592
9.073947747070628,9.124927437360189
8.346642090221199,8.237092944696496
6.674561391814426,6.7695606629387255
6.824373670043086,6.920001245348075
6.921658184151129,6.7301701520822785
8.37930948405285,8.39314433028987
6.835184586147301,6.875946998033452
8.173293438966228,8.063962724651354
7.0909098220799835,7.137208001768182
6.903747257584598,6.989343930734222
8.954415331137593,9.177288066140928
6.638567789166521,6.762583484348612
8.480529207044645,8.491171622922389
6.994849985833071,7.165796546952538
9.063115652219658,9.064606725888298
8.222553638396958,8.265512740539375
6.529418838262226,6.567644380847298
6.688354713946762,6.63355729567142
8.091933455979893,8.208722743669345
7.532623618788788,7.54756071768827
6.78105762593618,6.844484481319374
8.334711621820917,8.364056816148295
8.31115254800169,8.31549762034633
8.929435283803425,8.944864211269982
8.32263709695394,8.483877188080735
9.477768715400696,9.702410334482552
6.880384082186005,6.980040514149845
7.646831391430482,7.6906956426835045
8.97853441008332,9.021053339800583
9.51465829807939,9.499508897080524
7.839131648274333,7.878342445673222
8.484049972822984,8.478283289629124
8.579980179515003,8.619503051520793
8.275121630216509,8.288801888086127
7.086737934510577,7.199762550508067
8.002694162283937,8.007304280607103
6.198478716492308,6.2966505907944725
6.641182169740591,6.569162741774915
9.80807736773147,9.699049201315225
7.9441374911141125,8.030352502970572
7.473637108496206,7.517325088637699
9.120306249272202,9.162919670147591
7.396335293800808,7.43777459146355
8.655388690167637,8.616976579083397
8.10892415597534,8.290260164480909
6.698268054115413,6.681450071986566
7.459914766241105,7.460621500313026
7.764720544771477,7.743369113963269
8.781555458546402,8.646689479832865
8.574518258035507,8.571048309589875
7.001245622069476,7.018043121563667
7.149131598557407,7.334873393409128
8.961622569542543,8.987167222092149
8.657302899400882,8.658946403308976
8.578852571802965,8.58576309075664
7.991253929840199,7.954751171057248
8.899321434159964,8.7784303787096
7.9665866976384025,8.045927121146098
6.461468176353717,6.555542075437673
6.54534966033442,6.499510335879254
8.276903481267057,8.403085638523944
7.752764808851328,7.701752472986019
8.335911094196945,8.200396200411573
8.3707791729607,8.371000070770618
7.757906208351747,7.653171207418968
8.332308352219117,8.56717610526538
8.228710798793687,8.242499293508114
9.829625703937673,9.686454974717577
6.948897222313312,6.834956678481695
8.941807118363164,8.877543547183068
7.036148493750536,7.06542472795306
6.921658184151129,6.774120486590191
8.934982049213234,8.831188837203996
7.576097340623111,7.709191347331662
9.052750451401412,8.88009906293516
6.692083742506628,6.727656214195743
9.399554785027307,9.19265239348912
7.557472901614746,7.703057306557225
7.024649030453636,7.0638571205622736
8.15507488781144,8.084438491582695
8.579792333172758,8.563044842093916
6.354370040797351,6.249483910125528
6.300785794663244,6.481952236823415
6.22455842927536,6.1913245854174335
6.863803391452954,7.036575159518193
7.484930283289661,7.404334820846669
7.271703706887368,7.194675067094695
6.68586094706836,6.737836810992294
6.386879319362645,6.257539089118106
6.877296071497429,6.771691368609365
7.417580402414544,7.50099870666505
8.52158353971753,8.407160040386525
7.484930283289661,7.526632983699553
8.970177815492379,8.923879148215333
6.68586094706836,6.680281574934189
8.99528899055931,9.026544172373336
7.628517626575055,7.625234374043279
7.700295203420117,7.624346691644865
7.601901959875166,7.474443282461782
6.274762021241939,6.2295992517181515
8.12355783506165,8.147828469074877
8.686598356276965,8.600099499879263
8.743850562030243,8.765311555227301
7.38770923908104,7.304781889034548
7.725771441587952,7.949561928582393
9.563458999712138,9.55459478689007
6.63200177739563,6.67329153560232
8.988321188323683,8.929827320357512
7.6251071482389,7.8756583013756885
8.219864741912652,8.271840482654206
6.511745329644728,6.499563938729645
7.980365765111246,7.967872455032247
9.439625028047155,9.436126541986924
6.733401891837359,6.8237169530326165
6.815639990074331,6.691122698414944
8.06777619577889,7.988544877657375
8.313607139317558,8.597467899473974
9.058703197313223,9.115438957910785
9.804164331241342,9.63589748592053
8.40200678160712,8.345655915885976
7.845416036592485,7.761507044019374
8.886132618174951,8.730681900438194
8.143226750367445,8.0926003693337
9.580316462154043,9.712618176450125
7.266128779556451,7.434997404330665
8.375860015299594,8.628214817242425
6.634633357861686,6.64445936470762
8.622633703874234,8.587637063334427
7.504391559161238,7.44241568402386
6.542471960506805,6.395697043122268
6.68586094706836,6.65638653952015
7.176254532017144,7.227951231392923
6.502790045915623,6.570557341708151
6.447305862541213,6.655869019511545
7.277247726631484,7.398805907624319
6.5998704992128365,6.6050773772286755
8.534640105019959,8.560001119137702
8.912473274466036,8.948293310391872
9.346356175893625,9.319754497253077
8.84922702143852,8.793295790826553
9.220191688026556,9.17594585165208
6.651571873589727,6.742521390475525
8.011355109161286,8.089699153241762
8.792397742356906,8.756547443007046
7.3783837129967145,7.385161730943329
8.267448958304849,8.318301697418528
8.074649075066652,8.029873584918072
8.833171133022866,9.039422121322692
8.229777750081887,8.30478659139298
6.46302945692067,6.422494168294937
7.653494909661253,7.702088631744901
9.364691031806107,9.635907076727655
6.354370040797351,6.262652096954966
7.187657164114956,7.2251034285735125
7.879669914604289,7.798803793734623
6.565264970035361,6.356959247165699
8.327000740241713,8.328593485182576
8.485496104672983,8.465312451679157
7.813591552952433,7.884657107903189
8.714731714015052,8.593901643090724
6.9167150203536085,6.986697448523158
8.963544291996744,8.886328703689815
7.095064377287131,7.04305258551744
8.86177531100083,8.887231102801127
9.276408971945887,9.215126280015598
7.5652752818989315,7.566811797248138
7.779885115070522,7.631212546208484
6.620073206530356,6.524715400856522
6.104793232414985,6.195497854851673
6.210600077024653,6.38640886436258
8.429672593886743,8.418645141554409
7.549609165154532,7.618938443952342
7.347299700743164,7.363749809408797
6.78332520060396,6.774484994245838
6.577861357721047,6.728446452743801
7.61085279039525,7.677836511530634
8.873748128154395,8.712214564311738
8.103191752285786,8.342211585878392
6.626717749249025,6.635674234981394
8.784162222270476,8.786589484664281
6.872128101338986,6.938996193910254
6.115892125483034,6.165935301050011
8.675904882571059,8.568043844660979
6.556778356158042,6.597968959398446
7.7039102096163115,7.7565854810841035
6.238324625039508,6.471481310139945
8.329658067569396,8.363568618173149
6.947937068614969,6.810790529237031
8.073402968986406,8.053157065497404
8.327484416188264,8.114129810700174
7.444833273892193,7.429578578370028
7.549609165154532,7.5608034577220895
7.134890851565884,7.023389935165358
7.935945103353701,7.910132817413994
7.2305631534092925,7.29215014549616
7.416378479192928,7.545199724348917
7.829630389150193,7.945439956591118
6.566672429803241,6.566463182763533
8.57583938684897,8.51894275666153
6.507277712385012,6.533646872883557
8.489821994620105,8.58819046592785
8.338066525518801,8.693569180918795
9.114600099695346,9.202408713398961
7.757478766584179,7.792090296217641
6.831953565565855,6.745428244264742
7.447751280047908,7.55276302983223
6.354370040797351,6.25182660369808
6.855408798609928,6.718631066979973
7.462789157412448,7.518182591691618
8.1886891244442,8.224359398588339
6.159095388491933,6.227407642701874
8.003363058629947,8.09533125751294
8.27410200229233,8.246914361160272
7.454141078146678,7.499865514734152
6.633318433280377,6.789003082623906
9.111403624116159,9.106772743904546
8.454892165218858,8.605420182763252
8.146419323098003,8.080920037262633
8.18060094759445,8.022181108680241
8.31434234336979,8.329299957838227
7.710653323501202,7.6407726176387
8.427049641563272,8.383432389280404
6.6039438246004725,6.625548696784391
9.254070134837509,9.188942817171023
7.942717540573791,7.928578150359168
9.080231686629162,9.079065093170874
6.251903883165888,6.151331328652732
6.401917196727186,6.56038389901218
6.529418838262226,6.621313985605877
9.31982238259318,9.437914663252155
8.68710472813351,8.54470564115582
9.125218118559348,9.09018878412369
9.463042725531936,9.38576171968821
6.249975242259483,6.552726780559468
6.920671504248683,6.799537960546429
6.92951677076365,6.865798583101206
7.382746449738912,7.384507304819558
6.8966943316227125,7.008989283543469
6.580639137284949,6.423878330384285
8.804024902413179,8.775025699090246
8.318742252692399,8.246926010987437
8.503297086224126,8.575110675929627
7.622663951323595,7.635899996117233
9.61326893243235,9.606686564221054
6.863803391452954,6.96282684737863
7.247792581767846,7.35110753185103
8.50045386741194,8.400712472113181
8.308938252595778,8.254025829389782
7.588829878307813,7.775269591868056
7.829630389150193,7.81384866375077
6.486160788944089,6.60281681862851
8.592115117933497,8.46852525993969
6.444131256700441,6.314825357461601
6.3561076606958915,6.36890637037672
9.100078977718645,9.022058568838633
7.358830898342354,7.422563006684764
6.363028103540465,6.552726780559468
8.132118772955806,8.08245537305655
6.922643891475888,6.884425715684623
6.523562306149512,6.507408917725814
8.432724034789787,8.520233554827264
6.811244378601294,6.665818786303599
6.222576268071369,6.462383946044408
7.575584651557793,7.403074375007493
8.066521490469993,7.9820215396003915
6.97914527506881,6.946696379505459
7.451241684987676,7.338065830266165
8.138564737261632,8.089035461199357
7.259116128097101,7.43439841813832
8.117610746466228,8.0856306070534
6.829793737512425,6.921067859376802
8.389814262086407,8.346899968606543
6.946975992135418,6.917831371883925
7.865187954187467,7.868844036549078
6.739336627357174,6.6888149605087275
9.272469743441732,9.63712514031028
8.814033201652784,8.955868083244269
9.173157580848466,9.224410996655076
6.934397209928558,6.804801854936373
8.086410275323782,8.102435925230141
7.433666540166168,7.355504740741757
6.2878585601617845,6.372492700306662
6.778784897685177,6.636577171432838
6.586171654854675,6.834454597564951
6.80128303447162,6.824076202811473
6.837332814685591,6.808445671952148
9.08851166361105,8.97003201106213
6.331501849893691,6.472588341104858
7.365812837209472,7.436236757406494
6.8501261661455,6.708285930012332
7.467942332285852,7.563580795470371
7.160069207596127,7.106067551093501
6.77078942390898,6.819101757707708
6.267200548541362,6.2405526838453245
8.451053388911692,8.234643022444128
8.662158961666423,8.373502082071136
8.655214489313613,8.562413870009662
6.852242569051878,6.780772970536877
6.759255270663693,6.885195997452935
7.51425465281641,7.457372346311582
7.7306140660637395,7.7570324735734895
6.616065185132817,6.7016720380778105
6.577861357721047,6.54738359851877
7.695757990554761,7.792026178907848
7.965545573129992,8.003903737863748
6.75110146893676,6.595335396723564
6.720220155135295,6.604939038278863
6.369900982828227,6.38020818882695
5.976350909297934,6.0518604199715025
6.251903883165888,6.1650142761886775
8.54907938027856,8.509952696966259
7.528331766707247,7.547911017655143
6.434546518787453,6.596179924536079
6.68586094706836,6.678536173533231
6.84587987526405,6.838155560495577
6.947937068614969,6.773250019952187
9.48303570211964,9.431884336309462
6.68586094706836,6.676558481395713
6.824373670043086,6.77455704000538
9.592536853144992,9.631196157285242
7.627057417018934,7.656107119707056
7.9599745280805365,7.907514432181827
7.85979918056211,7.56470720374191
8.404472321352118,8.354068078058022
8.067462667010057,8.121957693298212
7.934513463882263,7.918193392287447
9.248599084093273,9.666118838191275
6.561030665896573,6.58661925404506
6.543911845564792,6.536108046058712
8.820847033377717,8.772767852158957
7.381501894506707,7.517166510241671
7.518607216815252,7.444864881803972
8.503702601233739,8.47733211610089
6.63200177739563,6.65570740841901
9.47401147446646,9.540529648364785
9.33970057728189,9.580796550426713
6.516193076042964,6.350771973065693
8.710454688248527,8.665370571918116
8.61286694148452,8.45923638395143
6.892641641172089,6.8902032248179195
9.031811613420924,9.019695717649869
8.534640105019959,8.559562953407804
8.239857411018601,8.064911188243517
8.686260632531775,8.787678235411125
8.591001118560957,8.584074059132323
7.358830898342354,7.314887487078532
8.652248422409102,8.609820545277007
6.315358001522335,6.3820582359516145
6.688354713946762,6.511733205995938
7.393263094763838,7.417406297929093
6.949856455000773,7.0484082802155745
7.637716432664798,7.7700919082221045
8.726643415598444,8.758156677051371
7.203405521083095,7.219312497723324
6.52795791762255,6.540408234584506
9.34145634983372,9.37856840624166
8.397508348470257,8.266651917894976
7.488293515159428,7.459948089104987
6.720220155135295,6.519933644341151
8.84980082722101,8.86045246562576
6.376726947898627,6.175209500205721
7.714677473800927,7.78956192009626
7.052721049232323,7.165376129779317
6.63200177739563,6.659583758162553
8.866581653303996,8.729894871137304
7.144407180321139,7.220512542997539
7.026426808699636,7.042756666919443
7.529406457837013,7.581524468895973
8.080856419640986,8.221159592846359
8.438366410870266,8.451317957992176
6.688354713946762,6.51257019384341
6.767343125265392,6.862275473653105
8.459352191726387,8.470666907391914
8.612685172875459,8.555702507336914
9.397815294010933,9.286575401354922
6.948897222313312,6.902537483656233
7.260522598089852,7.189289706990787
9.735956081214809,9.728237274361616
6.726233402358747,6.676069089790738
6.862757913051401,6.842247965978531
6.650279048587422,6.607139732020486
6.349138991379798,6.413743561171606
6.0844994130751715,6.125761378911938
8.361240889642351,8.451016494458923
6.739336627357174,6.690473273941423
6.421622267806518,6.433812730113962
8.883778861463485,8.73618639998285
8.620471540869739,8.550907630269025
7.816416983691801,7.777547309214015
6.398594934535208,6.401627177461248
8.638702608813434,8.531341423280754
6.406879986069314,6.469791920060817
7.419979923661835,7.375804635582225
6.638567789166521,6.839511526346183
6.834108738813838,6.730777005425448
9.741027444837728,9.639511202002502
7.9157131993821155,8.010134146650985
7.181591944611865,7.163557991042116
8.411165786770708,8.385517415915778
8.580167990577626,8.493206851673525
8.009695357742922,7.985359230141954
8.330381569349418,8.38523110716458
6.893656354602635,6.935909890479582
6.104793232414985,6.225069100165214
8.627123250788433,8.571920107552213
8.21878715560148,8.171928770391258
6.516193076042964,6.423625174140036
7.129297548929373,7.148954189079879
8.036573409707312,8.262293368225508
6.440946540632921,6.510360868649163
6.852242569051878,6.864377698573926
8.263848131368906,8.361103500115105
7.7102051944325325,7.786896005405061
7.049254841255837,6.957106722849513
8.484669999710677,8.535529788305324
7.221105098182496,7.214827346018975
6.982862751468942,7.055755212766852
6.655440350367647,6.5622368051852185
7.4109518755836366,7.452881000798778
6.434546518787453,6.483475313244897
8.397508348470257,8.458635462219041
9.02304647355567,9.047024624380562
6.52795791762255,6.598958331085931
9.19309247856663,9.189768074324375
6.466144724237619,6.447456097394666
6.985641817639208,6.851187371852879
9.458215559509576,9.336841959437036
7.118826249062078,7.145468512937037
9.781941194456632,9.671368079252895
7.472500744737558,7.438856659582245
8.219864741912652,8.316525992235142
8.575462099540212,8.57979773074903
9.324561516066206,9.530620850278373
8.77043908654689,9.018586851695742
6.263398262591624,6.42043861537063
8.430981494597171,8.455050988689699
8.793308627496552,8.761214718821726
7.499423290592229,7.411477336269782
8.804475183846678,8.85085825243321
7.363913501405819,7.385359479824241
8.661466680572662,8.593638330477173
8.517793011488205,8.554786638754129
8.593969030218288,8.49854393059144
6.0844994130751715,6.124889706771403
6.744059186311348,6.6807687323216065
6.752270376141742,6.7107384756107535
9.139488631004232,9.099618675552227
6.429719478039138,6.611822395157058
8.443761913330354,8.40186505263832
8.28121766128665,8.332717519674542
8.567506005289827,8.532914581806507
6.56244409369372,6.5670163035063345
9.126306376366173,9.05805653947283
9.35036314989601,9.625039380678023
6.959398512133975,6.892192992550647
8.299783171949787,8.204234566008289
9.730621154512928,9.680601868958151
6.984716320118266,6.955463512075183
8.154212694914229,8.168759021389242
6.432940092739179,6.656394993808838
7.781138509845015,7.8411063123072795
6.573680166960646,6.515919863706517
8.570544366913232,8.60257947899087
6.570882962339584,6.741151247300428
8.589327789175437,8.51020171887323
6.75110146893676,6.60099063562135
9.006754319877503,8.901077521336385
8.0519780789023,8.158096069290387
6.96979066990159,6.730805317765637
7.095893221097532,7.15994169788936
9.632924771891735,9.661832092481253
6.934397209928558,6.921168494230562
6.29156913955832,6.371467548303615
8.805075243870684,8.775025699090246
7.869783902530146,7.8872556287521745
8.512783482927537,8.47710101256349
7.275172319452771,7.27226094048098
6.803505257608338,6.76251717959366
9.06207235530708,8.953409449331824
6.71901315438526,6.7906385488600725
6.507277712385012,6.345445526688413
7.908387159290043,7.928202144822376
8.9445502459405,8.9041994325749
6.931471805599453,6.928048345773041
6.778784897685177,6.6431387255112915
8.237743803890933,8.307040504519968
6.473890696352274,6.554340711628594
7.502738210754851,7.480163019577113
6.68586094706836,6.737144888399175
6.20050917404269,6.24343892260103
6.9167150203536085,6.8142093129680665
8.53070154144103,8.359729512578884
7.98139158158007,7.800832933522414
8.470311205516108,8.475841768251758
6.52649485957079,6.651733313217229
7.9714309977693505,8.026955174565176
7.60489448081162,7.594143434197593
7.078341579557671,7.0534510709973555
6.803505257608338,6.678282474148274
6.78332520060396,6.725054391127584
8.487970332739334,8.4821656330919
8.763740720509464,8.839277998246702
7.573017256052546,7.5494995431713665
6.8966943316227125,6.826724005931636
8.520985989654934,8.549913963078033
8.521981708148035,8.415118329293025
6.926577033222725,6.868668216896216
7.876258882303226,7.870463412028909
7.44600149832412,7.416023522927829
7.080026499922591,7.059609840545257
5.963579343618446,6.07989463482988
6.92461239604856,6.802187552521588
6.018593214496234,6.0730393658223
6.915723448631314,6.9339483244889
6.628041376179533,6.600071096800763
8.346404870435956,8.25897552953658
6.9411900550683745,6.736303329417251
6.651571873589727,6.61937057799793
7.393263094763838,7.428481546013405
8.603554357064281,8.381497120109414
8.625509334899697,8.648993624140733
8.033009498596668,8.029243817495791
8.35936910622267,8.34899508266023
8.3774712482411,8.22550414640377
6.617402977974478,6.597836600513442
8.893160828735379,8.934566763234095
6.617402977974478,6.823047866560272
6.194405391104672,6.30622973442139
6.555356891810665,6.74051608161707
9.50061907027523,9.620075147939854
8.349957272040324,8.243409079725343
9.202409001649903,9.162339735432914
8.997147151515142,8.863848022613483
6.343880434126331,6.380386236583905
8.847359875474174,8.85812497106653
7.652070746116482,7.710738733111681
8.882530508433623,8.871667675041218
9.526245403371703,9.385622921699403
8.387084506069217,8.358153860737508
8.063692634269517,8.031194800700673
8.490233009833455,8.385562733471124
6.778784897685177,6.677031620527417
7.347299700743164,7.321147681081588
6.073044534100405,6.1692877248106015
6.698268054115413,6.6479734916708635
8.094683648698815,8.11625509151415
8.773539383558166,8.817859219034595
7.862112211662748,7.756319658325625
6.597145701886651,6.438259385366455
8.235095497258357,8.18071107922073
6.38856140554563,6.2590279885589295
8.411610428841172,8.308691531973283
7.950149887652018,8.047558507735795
9.48288342558516,9.394467023815867
6.680854678790215,6.729260974131786
8.092239406724211,8.011179985902526
7.695757990554761,7.712859084659665
6.502790045915623,6.54283322089771
7.119635638017636,7.078588071485856
9.099073559547596,9.141391896440398
9.714926570952155,9.676646037329256
7.650168700845001,7.663246511666868
8.752265313595721,8.706069373571431
7.736307096548285,7.645947814273966
6.35088571671474,6.513392474299274
8.765302488748196,8.79042780730992
7.411556287811163,7.345542275774837
8.921591063563978,9.179387024780146
7.1372784372603855,7.126044043176807
9.141418926509761,9.169655842074068
6.104793232414985,6.1869639395051905
7.8160138391590275,7.857206520804499
6.075346031088684,6.221428588194941
8.709630081951286,8.637720441989241
7.488293515159428,7.440042827568187
8.182279739259018,8.102483401673972
7.526717561352706,7.52638363136586
7.711996507047669,7.703717056091862
7.504391559161238,7.4511001748034085
8.241703159729818,8.28488041166733
7.560080465021827,7.498421651546954
6.511745329644728,6.439172386257561
8.697345730925353,8.755051708873934
6.655440350367647,6.552242866333846
8.372860820526318,8.348630618718213
7.627057417018934,7.556636659694672
7.07326971745971,7.079103451533134
7.8804263442924,7.839753971365836
7.504391559161238,7.444670298142152
8.367532416861831,8.308298182693765
8.294049640102028,8.331699863579736
8.504715669905124,8.524047339372279
8.561592778712923,8.583659747331659
9.254739959272866,9.247651017596187
8.304742269640771,8.304527992321345
6.546785410760524,6.691627199148464
6.688354713946762,6.621450556891879
6.842683282238422,6.78950079572015
9.320449594656212,9.237178070836618
8.393216011596527,8.364721198698286
6.056784013228625,6.118366002002682
9.312896960301275,9.243393231074908
7.244941546337007,7.224750303438315
7.166265974133638,7.204527204099618
7.801800401908973,7.796987695694194
6.672032945461067,6.689785446126915
7.725330037917135,7.6985619314716685
7.447751280047908,7.421550553564637
6.54965074223381,6.47206793783685
8.779557455883728,8.79047767452045
8.567886305731756,8.612871457141477
9.292933670280036,9.231035713559548
7.195937226475569,7.137442071707609
6.07993319509559,6.119597459506099
8.594709633844065,8.536494383960878
7.227662498728654,7.267218650319449
6.815639990074331,6.669776058545311
6.86171134048073,6.869300064438652
8.766705997750515,8.813582166154735
6.431331081933479,6.416673417931586
6.669498089857879,6.616615506844011
6.945051063725834,7.084437275438753
8.528924114291936,8.558404935967928
8.508555998020574,8.501821817169446
8.837971491357209,8.784600880848437
8.103191752285786,8.272256600572925
5.996452088619021,6.183396910419351
9.055789612127585,8.962094597188843
8.694167141883597,8.723755516593299
6.22455842927536,6.280855794880781
8.149890544402423,8.104592428379096
6.842683282238422,6.920928158491607
8.674196940225903,8.623196892250066
7.990576881743923,8.050963562087547
9.232101863757695,9.155516339853087
6.505784060128229,6.3771864342860844
8.550241045462437,8.510367647763173
9.346268889200427,9.396149446221933
6.651571873589727,6.732174143782316
6.440946540632921,6.480298128691778
6.78105762593618,6.613744577519603
8.679992081721329,8.60054352560694
7.83002808253384,7.7525087722874115
6.61472560020376,6.701726320374193
9.64121328401888,9.703126710842232
9.767610553984774,9.713343348022
8.253227645581772,8.191152740663824
8.904630097005011,8.89916124868625
9.380926672551716,9.358256447335588
8.154500175151941,8.051147711295565
7.018401799069201,6.9331822870927295
8.634442751466477,8.604587032088862
7.7488913372555315,7.746859940198237
8.64241515616962,8.540057374936147
6.490723534502507,6.604650961796883
7.272398392570047,7.23936267908957
6.561030665896573,6.575412313277544
7.725771441587952,7.788745720105444
6.871091294610546,6.976335954398313
8.106212902619962,8.040673276216797
6.315358001522335,6.395088209834061
8.10076824307173,8.119214289518423
6.07993319509559,6.15158209274567
6.523562306149512,6.657658793339327
6.698268054115413,6.5284536121573336
6.536691597591305,6.536837673075448
8.10832229017324,7.978633523461515
8.725832056527565,8.770209412028542
6.655440350367647,6.520742781266988
6.687108607866515,6.711308949082906
7.80994708647679,7.7557045845211
6.7650389767805414,6.780278101403087
7.016609683894219,6.779866536027048
6.448889394146858,6.474131916047352
8.3707791729607,8.361919700545549
6.57507584059962,6.505289610767932
9.331406899955626,9.29283856600403
8.281723990411392,8.285748032286731
9.555843138911664,9.685085979318039
7.584773077612199,7.568849456473943
6.444131256700441,6.370564826993856
9.058819564334941,9.32536774510617
7.010311867307229,6.868875865282431
7.695757990554761,7.756295851721461
9.350884616968491,9.408112307336369
7.646831391430482,7.682044644457832
6.1092475827643655,6.201966741822013
8.914760527397261,8.801265924392665
8.482601746646619,8.476138241563222
9.1539816383068,9.240815032756013
8.353025845202325,8.424981761768214
7.693937325509272,7.697920889437756
6.111467339502679,6.097854097973116
6.483107351457199,6.663378576756586
6.840546529288687,6.859328522878183
6.406879986069314,6.366694232451791
8.780480107033297,8.565882543117189
8.3670677328386,8.357742983122764
8.714239143608575,8.594927295617385
8.262816937670928,8.395736430531368
7.603897968521881,7.577053366509299
7.010311867307229,6.948107850781193
8.469472455204826,8.577949010497923
6.748759547491679,6.802653443748893
8.62515033292133,8.612598539407548
9.053803514155955,9.006013505326774
7.119635638017636,7.083096181903197
9.319284458965361,9.269069192806468
6.16541785423142,6.23432308248024
6.369900982828227,6.2365360973958754
8.460622839927844,8.35039409911206
9.327056171672144,9.287310623474102
7.227662498728654,7.399081460651895
8.695506726812653,8.695009465029472
6.329720905522696,6.4174147160714385
7.068172000388042,7.1277018808445
9.656243400857722,9.578533574202483
9.193601047971885,9.187937908175366
6.910750787961936,6.733545038588824
6.705639094860003,6.7736573833519085
6.728628613084702,6.885481089830408
7.389563953677635,7.4585721323102
9.319912008405474,9.304667000402471
6.5998704992128365,6.766291026434086
6.385194398997726,6.4682411461866165
9.752955318231582,9.727575591054785
8.45807992692373,8.405729974533392
8.690978417187905,8.658823494018455
6.369900982828227,6.516958224851022
8.597851094433691,8.530888129533388
8.682538124003075,8.541552448320038
6.862757913051401,6.81274342557422
8.509161019718974,8.442298387906934
8.200013648175434,8.15077044097882
9.47677327138879,9.542150138653646
8.728587995695898,8.68558191045458
6.688354713946762,6.624932816241172
6.74993119378857,6.819101757707708
6.161207321695077,6.269711177925817
8.17188200612782,8.11863515527822
8.142645185942795,8.216388447766459
8.320448113956559,8.3139350559203
6.095824562432225,6.132023339886654
8.833171133022866,8.799972705610694
6.703188113240863,6.729612632829738
8.352554369474591,8.49741993766343
9.650657690851558,9.563442706701247
9.105424202026622,9.151232098722195
8.104099056143582,8.075231889400909
8.57583938684897,8.550098756448334
7.830425617820331,7.793993238486506
8.818482267274236,8.81488509070462
6.529418838262226,6.583138980475039
7.2682230211595655,7.236514545708358
8.361007108226909,8.308190624671903
6.705639094860003,6.651994619421389
8.917310693197807,8.816002061101662
6.322565239927284,6.488257151435671
6.20050917404269,6.23286399732226
9.248887781588422,9.212794339009912
6.588926477533519,6.653761807463787
8.48632152774915,8.541488618876246
7.945201132412759,7.871597664542569
8.5016733797582,8.271415485186287
8.622273667866745,8.58819046592785
9.398644000447685,9.37973333549529
8.738575192110787,8.798170062561724
6.07073772800249,6.084447250498442
6.577861357721047,6.575423362826663
8.012680929706839,7.986398128469247
6.826545223556594,6.86246531361522
9.448333126140598,9.407186132027416
9.335826992017598,9.534108469257733
8.266421472984554,8.29891677351879
6.406879986069314,6.4533251577832225
8.443761913330354,8.474197442219978
6.450470422144176,6.579233869050894
6.461468176353717,6.680563915907846
6.226536669287466,6.353465524480381
6.739336627357174,6.6892338873450825
9.592536853144992,9.538766354056598
7.488852955733459,7.465890323955746
7.042286171939743,7.144366375927378
6.391917113392602,6.430348853191177
6.20050917404269,6.242949292980074
9.29302573859479,9.314788498098945
9.211639527707803,9.18616119464678
8.028455164114252,8.061686919883622
7.927685045615778,7.70025750075477
6.947937068614969,6.811496827878925
6.956545443151569,6.999109776467409
8.012680929706839,8.017732584980774
8.50045386741194,8.516920977342332
7.801800401908973,7.760872154823597
6.70073110954781,6.592697806953439
6.86171134048073,6.835336790110317
6.720220155135295,6.60099063562135
7.108244139731541,7.203326105677151
6.760414691083428,6.767205322264359
6.771935555839602,6.762251343198722
7.62657020629066,7.692040127943388
6.26530121273771,6.468940310542188
7.618251097876695,7.64743283600082
7.949091499830517,7.849135624933038
9.067624069774588,9.060058020917873
9.556692215591841,9.605158210757565
8.706655856361559,8.65253254952528
6.984716320118266,6.974796959936663
7.68937110752969,7.62020046927409
8.656433258507741,8.659817580593588
8.83200393125627,8.818131048794724
8.537583881063972,8.764426489052825
8.103191752285786,8.347845788617208
6.71901315438526,6.804537734061679
8.935245415029874,8.852205184245067
8.39366870513074,8.34123373736492
7.199678345691172,7.246458319165538
6.07993319509559,6.13637635272937
7.77485576666552,7.872771023912565
7.903226808730733,7.896041043387418
9.164505835632383,9.278693964335279
8.564458383883352,8.567789384369842
8.131824785007195,8.341962676270882
8.893023494394711,8.936142637326116
6.590301048196686,6.782321654397374
8.630878955820053,8.566113292905987
8.067462667010057,8.205704538442408
8.511175119090675,8.432378871751844
6.767343125265392,6.900665753179949
8.630521876723241,8.547889878706307
8.574895901544526,8.566461924934982
7.811163385025279,7.775352309287377
6.812345094177479,6.841141704502615
7.562161631225652,7.489193270106143
7.887208585813932,7.873179533852328
6.513230110912307,6.51257019384341
9.363490551469857,9.342186488881406
8.743850562030243,8.771004330422873
7.416378479192928,7.4023835154637725
8.715552125907816,8.783304238874159
8.90598676523643,8.846008961514608
6.8658910748834385,6.869168653033943
9.278279354984376,9.314788498098945
6.3473892096560105,6.581168208753836
6.816735880594968,6.824147485511843
6.472346294500901,6.680412615344583
7.099201743553092,7.133483608250889
6.20050917404269,6.232274876400132
6.274762021241939,6.22596221902045
7.947325027016463,7.887655235930078
7.034387929915503,7.360807831976873
9.207736986106068,8.969354568486155
9.309370895439137,9.540565088675203
8.293799608846818,8.320731433723989
6.9167150203536085,6.6790093016241165
6.756932389247553,6.743408405706585
6.803505257608338,6.762251343198722
7.952263308657046,8.008138307805908
8.85609105525229,9.130992061671863
7.845416036592485,7.767279449581392
6.391917113392602,6.391805058434433
7.697575346802343,7.66003650410232
6.985641817639208,6.948175282139044
7.360739903058278,7.296743335172731
6.274762021241939,6.314665629316513
7.782807262839695,7.703313771775809
8.425077902508432,8.508384978938777
7.123672785204607,6.887271354494507
8.991064332188461,8.89252340441988
7.753623546559746,7.714994402037576
6.3561076606958915,6.280131502168093
8.99528899055931,8.760303571096062
7.126087273299125,7.060709050979706
8.649098262296176,8.619358641562203
7.875119281040293,7.995987230331432
6.761572768804055,6.765700440756817
8.858368636308018,8.820608347281333
7.086737934510577,7.079446313876141
7.621684998724611,7.682484660569776
8.431417414394833,8.376938402201095
8.911529941736559,8.935667004010048
6.431331081933479,6.452067285598077
8.222553638396958,8.272484210924178
8.868554040531201,8.895203899926054
9.667322082870054,9.562321032678597
8.297045149081827,8.36267000039844
7.736743682453495,7.736148732831694
9.556621486730899,9.373920090401926
8.340933226000878,8.482683198279359
8.69165057315339,8.61319104811798
9.13227071655426,9.225652949718945
9.592263871501313,9.556017940687093
6.810142450115136,6.598059495381534
8.74623928838306,8.745731358867705
8.748463629942055,8.621385813792845
8.72029728739272,8.775326466989577
8.239329427901795,8.052339389120478
7.888334500738654,7.83295972806279
8.553139318189707,8.590686372372975
6.07993319509559,6.207294378908462
8.513385953073284,8.504808520990482
8.336150816120663,8.242578321405093
6.2166061010848646,6.269934956581371
6.75110146893676,6.773994342018568
6.612041034833092,6.502929484996912
8.542470998600505,8.448415255897835
8.72729202920964,8.782341625637404
7.98514393119862,8.018666187971998
7.381501894506707,7.386077250601265
7.25063551189868,7.277013478142075
8.239593454305968,8.055827100707505
8.737292112544221,8.552369723089397
8.003363058629947,7.898324736276668
8.515191188745565,8.479972885506443
7.455876687491824,7.562235204482352
7.502186486602924,7.4712616653446124
6.470799503782602,6.49108118044694
6.428105272684596,6.302985291653945
9.089189170412032,9.102481663856775
6.838405200847344,6.746625232510132
6.967909201801884,6.942020126157275
9.44959346502346,9.323831723368603
7.639642287858013,7.645225913470061
7.695757990554761,7.7758645354021985
6.776506992372183,6.757128041093199
7.504391559161238,7.454517715856442
6.917705609835305,6.836615056154454
6.907755278982137,6.946372718488169
7.3632795869630385,7.450055093897709
7.886457270977689,7.679402433029745
6.704414354964107,6.617731322413742
7.3987862754199485,7.437755332971884
7.633853559681768,7.5585060704442295
6.54965074223381,6.66031841331461
8.352318548226004,8.374314054277637
7.3864708488298945,7.446950489573707
7.805474625270857,7.748099600096858
7.45876269238096,7.440114863183653
6.508769136971682,6.517192655661286
8.254788926148725,8.173276519368619
6.654152520183219,6.808977182725988
8.728587995695898,8.603169212960074
9.39007525287337,9.390998264721066
8.788593431293735,8.73884532894685
6.3080984415095305,6.279245851446935
8.634442751466477,8.605140434682284
6.720220155135295,6.574798343113993
8.775240458738327,8.718564475109794
6.826545223556594,6.7671006893513646
6.040254711277414,6.171772330484475
7.432483807917119,7.423337843840746
7.173958319756794,7.216806808779329
8.707317560273212,8.806405658518088
7.918264686095274,7.982425008759704
8.40357646462927,8.225726417526824
9.151545325465678,9.223964159243568
8.549466751966532,8.414477785329726
7.51425465281641,7.437449925043497
8.349957272040324,8.274764273530462
8.00903068506973,7.855582520043696
6.416732282512326,6.4410116006287925
9.297801647746176,9.625506431883084
6.860663671448287,6.951387438953909
6.361302477572996,6.517827386185688
7.8804263442924,7.714089988173711
7.38770923908104,7.336651456980956
6.63200177739563,6.727767321642662
6.6039438246004725,6.753091769026693
6.742880635791903,6.818656787403353
8.047509510981422,8.174315708857188
7.898039690764619,8.050801645277149
9.28618968425962,9.319874037883617
9.469931564261438,9.545780323439532
6.75110146893676,6.580622727330696
6.56244409369372,6.602725016405483
9.424887076064874,9.393866926632262
6.6039438246004725,6.6052380282703504
9.412872969386267,9.554519812307012
6.559615237493242,6.603299111176252
8.764678074116606,8.655352144157172
6.773080375655535,6.814889593113847
7.422373700986824,7.5268576234786355
8.420462002456466,8.285605900650932
6.161207321695077,6.260169123987795
6.300785794663244,6.398770008635515
7.664815785285735,7.7922693520356345
6.490723534502507,6.498354046269541
7.204892510204673,7.274460923826004
7.979338895262328,7.908739606066567
8.576593534697684,8.811263640634916
6.628041376179533,6.703353851797116
7.789454566086673,7.7570324735734895
8.319473692442186,8.440512421318342
9.567665104756411,9.562321032678597
9.072456664612796,8.935683123260764
8.666130304190608,8.647794184061041
7.681560362559537,7.685549641557343
8.648747631156539,8.609709157516798
8.659907293615413,8.545048002059138
6.769641976852503,6.7950091251220694
8.333991247194975,8.368646572672304
7.1372784372603855,7.410179178035743
6.588926477533519,6.626389245425341
9.82978718960617,9.68648592586241
8.604837701268284,8.573058550763042
7.943072717277933,8.009380350383463
7.962415680121064,7.974670067727953
8.137688184977605,8.072886198927085
7.998335395952982,7.943189988826163
7.024649030453636,6.928931365291329
6.80128303447162,6.594300611804676
6.963189985870238,6.889512416769569
8.564649132572534,8.736944836770611
9.068661593644245,8.964433010890868
8.37539918579835,8.381057862286347
8.389359819906353,8.592748306356912
8.886962034866128,8.81512838946966
8.259716961021523,8.170479122875774
8.041091003708633,7.953116968019186
7.1631723908466425,7.006108761984893
8.736328721332908,8.640016175278951
8.574329382787047,8.410242956052212
7.757478766584179,7.826104128549963
8.61558951327243,8.54921425249065
9.008346579384707,9.049468130632388
7.271008538280992,7.286937896155073
7.545389749611823,7.655530929990884
7.953318346560431,7.903718946014214
7.870165946469845,7.8073810639892764
9.48189306249808,9.55459478689007
6.771935555839602,6.690435113025116
7.188412736496954,7.161463432693186
7.238496840894365,7.23773441761362
6.570882962339584,6.659144180083263
6.12029741895095,6.295417714976856
9.432923766431829,9.433981554844934
7.904334842085095,8.315348979915223
7.775695749915245,7.776695497023185
8.52872642722991,8.523349290270222
6.536691597591305,6.378539544637773
6.137727054086234,6.1849226760944065
7.00397413672268,7.035212480257676
6.513230110912307,6.420009058683538
7.167809184316444,7.154966622872639
7.026426808699636,6.87322511724466
6.1092475827643655,6.1394536839727225
6.655440350367647,6.52842677123418
7.818027938530729,7.830143451578553
7.175489713624222,7.172328634088204
8.007034012193408,8.061987100898417
8.267448958304849,8.422991321225949
8.588024372176829,8.603008392848453
7.818430272070656,7.819515319220922
8.117610746466228,7.882710870297718
9.498447354141044,9.51415333978082
9.069813136839207,9.114005832599236
8.14002395246292,8.11644251681829
6.807934943699926,6.80642657666314
7.150701457592526,7.141084095188725
7.690743163541872,7.802069857215426
8.150756470275551,8.256366962491532
8.593227877692234,8.611014193753656
6.267200548541362,6.3820582359516145
8.772145439245099,8.592857295810887
8.867427438524983,8.710249611003148
7.962763930168115,7.751383061827712
8.61104776688786,8.414477785329726
8.309922989258318,8.271368710401612
6.593044534142437,6.731036126898279
8.599510233905452,8.565034086098542
6.826545223556594,6.89810015536645
8.504513138258863,8.666155524415906
6.720220155135295,6.5120061062585775
9.075322160298095,9.018221784472672
9.459541457609681,9.391891669912464
8.312135107648412,8.351465166040803
6.810142450115136,6.8495055262799145
6.063785208687608,6.107319089811255
8.40200678160712,8.265160313012482
9.693753688131835,9.602722504734754
8.041734711487537,8.045833409350388
7.9441374911141125,7.981920279105902
7.782807262839695,7.937706909404854
6.826545223556594,6.866911525815235
6.833031732786201,6.901958546561824
6.705639094860003,6.766497995422224
8.830250570199247,8.542750206930917
7.540090320145325,7.654134871949633
6.54965074223381,6.421771899673598
6.226536669287466,6.3762289178714315
7.554334823725748,7.488126448037013
9.056023011591826,9.10814510057774
7.180069874302796,7.244312047856592
6.608000625296087,6.49748549368334
6.705639094860003,6.716586157972884
7.4127640174265625,7.41677873890382
7.228388451573604,7.299246246979127
6.985641817639208,6.953135146463369
6.4692503167957724,6.514909646530435
7.751045117971802,7.77774443867749
8.833171133022866,8.850094578221906
7.680637427560936,7.722920297608203
8.774776816043985,8.74507392198336
6.741700694652055,6.720255624974504
8.244596756382498,8.18013731518608
6.846943139585379,6.935891083035839
6.448889394146858,6.691627199148464
9.577133949436078,9.401408996220368
8.613048677059759,8.32562319562015
9.053569596026234,9.031107165483691
7.9294865233142895,7.879939239511709
7.577633832602728,7.557691056881806
6.953684210870537,6.855157228667364
9.141526055975824,9.068671058490681
8.371936178759098,8.461638978234285
8.509564164251746,8.512871155321632
7.998671361015776,7.933152745224705
6.0867747269123065,6.192986265089276
8.105609402299896,8.113874977317405
8.140315540159985,8.081504636722498
9.177610547353265,9.202079205273536
7.686162303492906,7.661171513043366
9.038008749211576,8.879760184238332
8.268218880067506,8.353517890200505
7.954372272531867,7.9897980460986835
7.072421900537371,7.148207722039912
7.763446388727362,7.926730479411143
8.310169021981912,8.457367315713132
8.86403999703599,8.81201670350929
7.119635638017636,7.090515327727263
8.96469555531546,8.935592221301325
6.18826412308259,6.305732981135068
8.739536422559677,8.773412623220183
6.502790045915623,6.469376834488628
6.641182169740591,6.47853023566889
8.807471889715284,8.84496373912192
6.856461984594587,6.853157534580841
7.596894438144544,7.782239052359163
7.893945138235959,8.009630010495233
9.841186526338749,9.688954536961235
6.699500340161678,6.758035886320428
8.065265208897733,8.122347935926042
8.62191350218664,8.778951176136163
7.653969180478774,7.64265532823371
6.824373670043086,6.689222465239098
6.493753839851686,6.592501721817239
8.045588280803528,7.793993238486506
6.966967138613983,7.004235870558568
6.583409222158765,6.598109622401987
8.847647355711887,8.756642539199072
6.198478716492308,6.088360440701356
6.726233402358747,6.832100419164183
9.811207776416833,9.67472413049885
6.983789965258135,7.0718201019982025
6.939253946041508,7.261710336064251
6.466144724237619,6.438237213093342
8.805525052709516,8.924957273902608
8.866299565855018,8.861856691397655
8.567696173589344,8.44872643852264
6.501289670540389,6.6173650299815305
8.40200678160712,8.553469502414373
8.278174290943738,8.190818780096887
8.840145877949938,8.84496533404003
8.448271745949816,8.413663132565954
7.388946097618437,7.435937178061077
6.115892125483034,6.395363950955476
9.003316202541857,8.904936004266384
9.544595867727551,9.475018070461065
8.85609105525229,8.850648631534904
6.985641817639208,6.8688497170706695
6.703188113240863,6.720518010207351
8.47595444339964,8.406005702940366
8.922124823918258,8.896555993036795
7.0909098220799835,6.955099554510941
9.438272440022189,9.406136499188188
7.969703583278656,8.058104151680674
8.420902531097951,8.382670216652382
7.4377951216719325,7.43841759856036
9.144200569471638,9.055517714967449
9.652715834104445,9.576087101748548
9.267193183568965,9.250644721629637
7.945201132412759,7.8902003468581245
8.421122722665503,8.358744347569678
6.880384082186005,6.7622195636958
6.9650803456014065,7.0121222091253665
8.161660452056282,8.043221185734435
6.555356891810665,6.53296405444217
6.883462586413092,7.06927816584005
6.651571873589727,6.761475648277876
7.760893195851024,7.814396998008401
7.275172319452771,7.339518692716427
8.51197962436335,8.400374098352207
8.720134035412928,8.62316778167922
8.696008608880904,8.580880553967775
7.142827401161621,7.088445947853491
7.4377951216719325,7.451132307732932
8.939843124278502,8.903890094787695
8.528330935826693,8.536006789819233
8.382747094863314,8.367478024894805
7.87359778968554,7.830847754237324
7.914983005848394,7.859129790197882
9.284798282894192,9.437079239298361
7.4489161025442,7.490555561651127
6.720220155135295,6.504516503227396
7.44716835960004,7.4436524496650485
7.271703706887368,7.338835797026054
7.598399329323964,7.473370413653606
7.752764808851328,7.74896385608021
6.520621127558696,6.603652965958028
7.768956044538332,7.88544120444267
9.393411647660683,9.188724559200436
7.52131798019924,7.5185281161454
9.449121024069791,9.282010844756929
7.6544432264701125,7.752708001537655
8.296297112642508,8.304230979238898
6.950814768442584,6.987789010346448
6.359573868672378,6.477577301854663
6.444131256700441,6.325934112936058
9.012133305952004,8.936142637326116
6.744059186311348,6.662589727744805
8.046869510959576,7.975996429999536
8.47407690034261,8.40186505263832
8.70682132339263,8.782861691553641
8.448700194970938,8.504825773641603
6.263398262591624,6.466512701640657
6.985641817639208,7.010054029771039
9.454932254496262,9.555377364255143
8.526549286340263,8.656839097076196
6.975413927455952,7.074977192555428
6.536691597591305,6.343538003347397
6.967909201801884,6.878502705017609
9.155672970633875,9.212794339009912
6.902742737158593,7.066878607158105
9.543521484499182,9.541048632750323
9.236495329453033,9.307623671949818
6.523562306149512,6.541611833945236
8.960467760919949,8.83919269472902
6.912742820493176,6.922422187142455
7.53689712956617,7.562235204482352
7.7226775164680035,7.856330562085751
7.360103972989152,7.319389153002404
8.957381735582787,8.932386470902024
7.920083199053234,8.012146509181063
6.728628613084702,6.853503917233898
9.489486113405677,9.387277132355011
6.863803391452954,6.82093162522992
6.776506992372183,6.751138090207139
7.431299675155903,7.368408724772745
6.96979066990159,6.890464103784477
6.315358001522335,6.417617980791922
6.26530121273771,6.251002351476925
7.857093864902493,7.8913941641091885
8.264620829411216,8.457480847692326
9.258654232254733,9.26354357378822
7.987184748233473,8.058531489018918
7.493873886783559,7.642967771744626
7.472500744737558,7.458155806404623
6.594413459749778,6.666649432499998
6.901737206656574,6.756657891704635
6.710523109452428,6.848684742159734
7.405495663199472,7.448242980505406
6.953684210870537,6.791878820515003
7.3938782901077555,7.527670936986172
6.921658184151129,6.705807381562676
6.981934677156389,6.930415135597581
7.869019376499023,7.8954279068013635
7.226936018493289,7.23361630672332
7.582738488914411,7.557731500133402
8.488999457045455,8.353563634428061
6.618738983517219,6.38020818882695
8.215276958936633,8.37601888836816
8.740816627567298,8.862419010616893
8.45914025996762,8.479809799026633
7.983440063006542,8.046800697070227
6.932447891572509,6.924495695509113
6.921658184151129,6.799617199478149
8.188133414510478,8.103903729265923
6.731018100482083,6.737249095383831
7.907283609426348,7.975350968232182
8.616857514529183,8.59259843892042
9.237177025929743,9.2369538082555
6.490723534502507,6.655343458949577
9.805047479722875,9.635782986045621
8.182000136293405,8.309145336847523
6.641182169740591,6.571348582464747
6.841615476477592,6.917793468009628
9.053803514155955,9.00627812048912
9.5302475917227,9.693356624728144
6.104793232414985,6.2430630478563405
6.890609120147166,7.034531797764063
6.669498089857879,6.480766489857969
8.382289428951436,8.288003146823263
6.214608098422191,6.256510362635392
8.035926369891792,8.118174118976482
6.349138991379798,6.418568813997277
6.928537818164665,6.779981112409077
8.01862546504575,8.035936048421396
7.469654172932128,7.4115128785545075
9.326700173092378,9.30818106573974
6.985641817639208,6.817548492723156
6.3818160174060985,6.476626044712597
9.094705028377259,9.09018878412369
9.115590035430372,9.157039021694732
6.778784897685177,6.660471407386739
7.865955413933502,7.889305754721443
6.842683282238422,6.777993652791129
9.554426407074502,9.475537539026696
9.84081395800807,9.684942255612338
7.945555428253489,7.967428252592967
9.332115428902103,9.400846484050255
9.452972775874239,9.469162186964853
7.57095858316901,7.568088279829953
7.765993079407675,7.606739076265227
9.075436609511382,9.123425984013029
6.300785794663244,6.486657973682784
6.761572768804055,6.77565073989741
8.127995055771946,8.161921174850976
7.912423121473705,8.219092928823239
7.945555428253489,7.8081489204723065
8.944680683558895,8.968257663637903
6.959398512133975,6.9358627255053005
9.251482315307358,9.28386368805198
7.434847875211999,7.251288700283299
7.934513463882263,8.001121124228478
7.885329239273191,7.854017575921722
9.475700145423472,9.451491437239405
7.997326822998097,7.9872546328996075
7.773594467360194,7.687596415013532
8.352790135124629,8.325025727798376
7.203405521083095,7.2265779728016595
8.620651899784468,8.731676142903323
7.8383433155571165,7.846304535889488
8.397508348470257,8.58819046592785
9.268703615273097,9.368088302673842
7.884952945759814,7.977713343176391
6.822197390620491,6.634156783048136
6.925595197110468,6.973681086900596
7.898039690764619,7.8967531622060445
7.978653729082731,8.011179985902526
7.85748078694253,7.939896446862659
7.653494909661253,7.821686906403916
7.16703787691222,7.1566582641469365
7.418180822726788,7.4970461378842606
7.523481312573497,7.656586936285013
6.329720905522696,6.384861487032465
8.087640287778983,8.023703272781692
7.779466967458324,7.789386458823972
7.585281078639126,7.846534338211059
8.995040974685022,9.025039478788234
8.585225601808064,8.581301075213995
8.572627898304338,8.561051001391492
7.482681828154651,6.407178664134952
7.026426808699636,7.1139344493608245
8.568076401730806,8.535011027351635
9.133351330448047,9.235954730799545
7.693025748417888,7.454383586597974
8.116715624819111,7.938099909661637
8.968396191198256,9.078368420235087
8.294549515143679,8.293817954840096
7.521859252201629,7.463737570867321
8.452334619067742,8.353990009074973
9.036701015565063,9.002148050842212
9.665103451805633,9.634238152006409
9.740674462130217,9.688375547253491
7.805882040228621,7.748465529303821
7.452402451223638,7.4594499824537825
6.921658184151129,6.7821652908848025
7.713784616598755,7.721800323126926
8.16961956172385,8.176955367610029
6.984716320118266,6.970226137328387
8.502891406705377,8.408394168093354
7.183870715062453,7.257483342524859
8.617762246337932,8.543818732635264
8.693328989123106,9.012164552027254
8.361240889642351,7.993770413273082
7.546446273746024,7.466591040714372
6.313548046277095,6.568816760728194
7.186144304522325,7.381503030400887
7.237778191923443,7.46919384238089
8.446985296372741,8.53262309243718
7.6783263565068856,7.657250913948644
8.302265794873367,8.266133082255413
8.755107121633896,8.765224247106252
6.013715156042802,6.142374587776418
7.699389406256737,7.6769642784383105
8.87570644462861,9.099618675552227
9.212038928611765,9.018539247248794
8.361007108226909,8.385183556774011
9.702900186935281,9.570675968124261
9.492658081928813,9.374238234950576
9.663324996052323,9.544046772536477
6.732210706467206,6.847455038971105
7.416378479192928,7.42884719868184
6.54965074223381,6.504790393426097
8.574329382787047,8.589448359600407
9.535679435605061,9.713790425102399
6.674561391814426,6.756132393768788
7.080026499922591,7.096543035066683
7.715123603632105,7.659583409621378
8.904630097005011,8.976816428390022
8.34212526333359,8.316890789553684
8.303999970955196,8.336085590120641
9.568084743872936,9.401408996220368
7.584773077612199,7.566937779291275
7.144407180321139,7.079556477257303
8.23880116587155,8.304535329878444
7.080026499922591,7.23941972612617
7.401231264413015,7.276137840939057
7.4133673356952405,7.537565918081378
8.428143374582726,8.491171622922389
7.432483807917119,7.447947834841137
7.618251097876695,7.56186942082117
9.26955223160803,9.16757627597377
8.888066854754783,8.811207060593846
8.207946941048617,8.164714719834263
7.993619994827744,7.981120096021556
7.186144304522325,7.1765005877724475
9.780698256443507,9.709041322833999
6.501289670540389,6.585012747081596
8.617400451833262,8.74026710010789
7.363913501405819,7.382938110592529
6.811244378601294,6.625469738845633
8.835210463664092,8.78596577797387
8.744488113852924,8.53514647970759
7.419979923661835,7.587295598642188
8.757469141470748,8.908704752728456
7.7102051944325325,7.7408350867974605
7.160069207596127,7.040570899498633
9.244065241377804,9.30455309383023
8.393216011596527,8.372618123625733
7.690743163541872,7.7736541647682005
6.9363427358340495,6.678909672983264
7.274479558773871,7.206181976354952
7.353081920515432,7.334651431505434
6.498282149476434,6.534922724061653
8.063377822367027,8.124903563279334
8.903271585724212,8.788524218104284
8.48528964240323,8.414778635414164
7.738923757439457,7.6888978039175955
9.468696615046134,9.474187375886856
6.675823221634848,6.82430731815062
7.599401333415815,7.587803050902379
7.069874128458572,7.054686291023701
7.818027938530729,7.810730989438812
6.577861357721047,6.536727122951548
7.961370201719511,7.9479610526085755
9.079662048334066,9.145930488667055
6.80903930604298,6.8794063960199106
6.756932389247553,6.739485389197426
6.369900982828227,6.3014684458062975
9.42084437974393,9.413793781344651
7.853216388156072,7.7934198993545465
6.448889394146858,6.482409914843042
9.118553976345474,9.117093835755346
8.01862546504575,8.026080963903194
6.803505257608338,6.678282474148274
9.524201756211266,9.55459478689007
7.9102237070973445,7.97420424745125
7.085064293952548,7.109558358703537
6.672032945461067,6.76199802701495
7.721791776817535,7.741249398191141
7.3783837129967145,7.3466042535659835
8.797548488481558,8.769831991739917
8.312871394342615,8.439080427693716
8.29853954537488,8.360269197759163
6.1903154058531475,6.456304473196798
7.556427969440253,7.491275507739085
7.119635638017636,7.306295393067362
8.11162807830774,8.192850738337341
6.376726947898627,6.27499967224547
8.542080906924017,8.50626026382315
8.034306936339489,8.131180209670463
8.696008608880904,8.73499200369002
6.601230118728877,6.764541369397354
8.340933226000878,8.464611142243514
9.3940775929113,9.31568739446691
8.832879460277615,8.741030286839829
8.822911626354117,8.769881394074314
7.6251071482389,7.693642104587982
8.55333223803211,8.663682274036477
9.595534743241988,9.563228058891578
8.582044163735853,8.51447880978658
6.498282149476434,6.310443591094807
6.439350371100098,6.4988142485849245
6.943122422819428,6.7595820800591
8.620471540869739,8.605140434682284
6.790097235513905,6.88492861612068
8.844480518460378,8.635593961287977
8.645058562414134,8.517388758590927
9.085910293598007,9.069170772175118
9.776676385669742,9.710701704375596
9.790150867197125,9.642073271903493
8.019283792916793,7.955088461543076
9.36314729221994,9.247142187268798
6.674561391814426,6.727986221370122
8.905444318789714,8.950585868865428
7.8898337513942955,7.879891495367303
8.749890955535259,8.70086611174981
8.290292591224315,8.302584909958755
7.637716432664798,7.79737869926106
7.158513997329321,7.191798347509958
9.669662152875057,9.704074679320506
8.931155429778348,8.869752309423657
6.230481447578482,6.374689333029083
8.482808764554406,8.420301697648119
7.3783837129967145,7.3800878013874485
9.414178772232386,9.576053773296865
9.271811694064283,9.10763737952152
9.19502366786429,9.171602505870595
6.673297967767654,6.752207472655973
6.0112671744041615,6.032712718859629
6.501289670540389,6.583486168922917
8.609772372709331,8.735582677894197
7.422971251049421,7.5446566923513085
6.546785410760524,6.684632639763175
9.669030241321645,9.610417761233741
7.4949862339505335,7.470473382279212
7.470793774195062,7.536275017072218
8.925321416943886,8.877496581443362
6.326149473155099,6.191151427663442
6.565264970035361,6.49584159649143
8.017307507688582,7.996893155303712
8.516793111394898,8.524603829996911
7.43543801981455,7.422563006684764
7.628031126930335,7.688914093066856
8.207674424355282,8.355401251459893
9.322775801305971,9.323831723368603
8.412499120301572,8.534261029789763
6.669498089857879,6.721569921759001
7.761744984658913,7.6779255840993565
6.639875833826536,6.666613837274407
6.393590753950631,6.533398597082508
6.672032945461067,6.582687639919274
6.939253946041508,6.766458574155766
8.301521654940728,8.102587027101645
6.4457198193855785,6.539100690075571
9.389657419749838,9.297862739040882
7.399398083331354,7.390520096030904
7.149131598557407,7.045103288507552
6.672032945461067,6.736381027788007
8.087025470667701,8.017231768047969
9.445333439647541,9.38438195818972
8.33302993974291,8.360094730134074
7.645397699428633,7.6175585835563
9.760078969240771,9.6374647575385
8.157657015196472,8.14543627060101
8.834045641167798,9.07112376417703
6.672032945461067,6.752895771484535
9.215029361462314,9.344669140933865
8.286269452783065,8.254899185511677
9.14686794902061,9.385088458611584
8.105005537547246,8.22043543328084
8.475746001502063,8.348693619597038
9.668144893764921,9.609161371400228
6.90975328164481,6.942318175731249
7.363913501405819,7.388277685083724
7.868636894184167,7.87452388180814
7.505492274737424,7.550977165868348
7.779048644925556,7.798427068562893
6.922643891475888,6.9382048661995475
7.162397497355718,7.229356830352775
8.062432791583195,8.011878605223954
9.05742226555147,9.054734055036459
8.773384596776648,8.85867807413336
7.496097345175956,7.565893006561343
7.80016307039296,7.914449935060397
9.571574905170932,9.492213589964775
9.146121799649531,9.118871798504758
7.53955882930103,7.741292313779028
8.217438537730187,8.18510371441689
6.369900982828227,6.38020818882695
6.78105762593618,6.886538113977224
6.411818267709897,6.476339321842702
6.928537818164665,6.8375095433720885
7.463363045520021,7.630121659136715
8.296297112642508,8.322134734462129
9.14366623870819,9.085589549941783
6.340359303727752,6.356744263241713
9.500319803476646,9.436048813354954
8.595079730073309,8.718346206599788
8.529911963824013,8.636729270672987
8.884194633072273,8.797473029011824
8.638702608813434,8.817859219034595
8.285513309079741,8.369104797230737
9.647691668946669,9.466328548653898
9.697754062731514,9.711159677158673
8.428361977709622,8.464611142243514
7.949797216161852,8.05157295059737
7.577121930876679,7.525797707279869
7.851661177889265,7.794852625553782
7.249215057114389,7.223105695542002
6.111467339502679,6.178925230425511
8.270269111436624,8.159751573592867
8.051659556841953,7.99833750565926
8.322151070212902,8.451722970109584
7.73718007783463,7.816358506717848
7.160069207596127,7.1736697343443065
6.238324625039508,6.482836979795542
6.135564891081739,6.327748285882888
6.396929655216146,6.5370497931995635
7.916807490937603,7.792279899785138
9.007979359844501,9.097615221361174
8.512381634419015,8.526259704802634
8.034306936339489,7.913793846304419
8.98619632032839,8.935311329422651
6.773080375655535,6.836002273333265
6.79346613258001,6.819101757707708
6.566672429803241,6.732196566860146
8.62604759632832,8.552916099820951
6.6039438246004725,6.665998089503203
7.943782692458625,8.108112766555541
9.343121483210002,9.277823644020685
9.215626376405421,9.21824600431795
6.406879986069314,6.477830281514655
7.119635638017636,6.991935293854464
7.700747794511798,7.739389126827283
8.96469555531546,8.935592221301325
8.019612794400267,7.91863753901397
6.811244378601294,6.873646418771282
7.649216319820633,7.7119029329163045
7.111512116496157,7.271033867468438
8.995040974685022,9.046002425387247
6.703188113240863,6.7746695719080305
6.948897222313312,6.769363882272327
9.219002745054835,9.248074258915585
8.630164670075398,8.56781529970766
6.405228458030842,6.459867685243487
7.472500744737558,7.850838846256491
9.812249072101856,9.644780212663026
9.33087517360492,9.314788498098945
8.90761234131913,8.99269448602691
6.47543271670409,6.560578034611465
6.393590753950631,6.535071395876482
6.698268054115413,6.800746287447042
7.142827401161621,7.08921814493328
6.720220155135295,6.813963101924937
6.476972362889683,6.594571005100774
8.419580362549237,8.791421072632128
7.067319848653476,7.019673512903057
7.368970402194793,7.272827879087337
8.54110501146255,8.510061004905614
7.472500744737558,7.412139782325526
9.161990111035136,9.180360349330698
6.966024187106113,6.931223965637878
6.142037405587356,6.163308619004562
8.351138607086154,8.542900690234903
7.0909098220799835,7.085877736020042
6.628041376179533,6.7643613401756
7.56164174558878,7.574463282142235
6.0844994130751715,6.134910725562127
7.524021415206125,7.590256796453471
8.462314529906248,8.42854724275446
9.405742668308667,9.326573604488946
6.429719478039138,6.50948709960166
9.593900644696298,9.55459478689007
8.050384453067021,8.03935048375878
7.0909098220799835,6.993606328334678
9.801897696774494,9.693635596905159
7.016609683894219,7.117668355645241
7.845416036592485,7.8615032452225035
6.740519359606223,6.760805044548693
8.619569258033104,8.654724854519113
6.565264970035361,6.440118390069355
9.467537463415244,9.357155363141707
9.67457740632758,9.585116163852327
8.464846711044029,8.3754742117994
6.799055862058796,6.9434990859682255
6.8658910748834385,6.848682104794069
8.053887083618223,7.9587769171247755
9.20079495913265,9.192543975174589
8.888066854754783,8.871667675041218
8.936298185228436,8.878830812645097
6.4692503167957724,6.587485444256127
7.433666540166168,7.452609686712494
9.560997243589352,9.56941768443672
7.428927194802272,7.416732757135353
6.703188113240863,6.77752763397523
8.236155661683124,8.238888022665584
7.719573989259581,7.731737572930841
7.659642954564682,7.597410367326579
8.118802996980035,8.131900890017729
7.145196134997171,7.1870953462530185
8.19450550976564,8.344212166484722
7.487733761436444,7.4528098051630165
6.403574197934815,6.542038249377027
6.673297967767654,6.605990000526773
8.415603335654604,8.36270781712867
8.457018468380168,8.479942838247839
7.938802248154481,7.918734024878732
6.728628613084702,6.823047866560272
7.926241523170962,7.759431378527919
7.719573989259581,7.6186260789612925
8.487558386286548,8.538798236853584
8.738735461363474,8.740378630817458
7.483806687665835,7.362238416639648
7.122059881629142,7.187935663467444
6.655440350367647,6.520742781266988
6.401917196727186,6.484910020022273
6.877296071497429,6.722563738234759
7.6638772587034705,7.725198301122477
8.119993827725105,8.117424919794525
6.440946540632921,6.489420821675868
7.578656850594762,7.619938306550264
6.829793737512425,6.811436842963744
7.88344635413774,7.866937142418363
8.356319965828153,8.354057028085474
6.672032945461067,6.721295254738148
8.562740006372207,8.44474164473515
6.890609120147166,6.783886726878437
6.354370040797351,6.481680690185829
6.756932389247553,6.782352118930041
8.072779333169498,8.083801549988262
9.572201842602215,9.635698947376238
9.130322663990151,9.020429411057505
8.920656296853728,9.201694759978226
9.524713059681009,9.512743292964988
8.33423142973486,8.252652426403992
7.469654172932128,7.420080584515831
7.4342573821331355,7.446920680311504
8.810907036099737,8.79063017923624
6.915723448631314,6.8391444655118745
6.892641641172089,6.8807975073395475
8.305731144875866,8.147602836954839
8.462314529906248,8.571214338160463
7.496652438168283,7.525609836587008
6.678342114654332,6.798046142830814
8.496582237512113,8.45007682325514
9.308646060760307,9.678725131436819
8.08301991917133,8.207024281320736
8.457018468380168,8.420037886440161
7.261927092702751,7.204269479762478
6.8501261661455,6.837810588019573
8.56522116042682,8.66319381874365
6.655440350367647,6.517752843979169
8.537779825024625,8.574048236645927
6.92461239604856,6.802533750399392
9.005159521036145,9.010008576497391
6.501289670540389,6.5699565216402265
7.023758954738443,6.828230481674329
6.267200548541362,6.368669834072437
8.159374736775426,8.072663637820236
8.699681400989514,8.72657816386041
8.174421152646497,8.058902957369307
9.759501702007746,9.665745558671665
8.776630098427717,8.776860324717344
6.698268054115413,6.757630698986467
9.072341873818893,8.931506670035391
9.455167134121535,9.414189829537714
8.499029220788566,8.603169212960074
8.054204897064407,8.047728111561351
6.655440350367647,6.56405125511126
6.045005314036012,6.1425267719409415
6.013715156042802,6.120750036338115
9.611596635310292,9.535284126287648
9.300455261418444,9.193287677653162
6.516193076042964,6.491033410638695
8.96469555531546,8.907728817643724
8.423541635334782,8.417404599655484
7.685243607975833,7.7047143487164735
7.244941546337007,7.1777279748683185
7.033506484287697,7.171232389326751
6.739336627357174,6.750796268196572
7.872073979866873,7.962236503238225
6.261491684321042,6.1774397075147025
7.112327444710911,7.131070924659997
7.804659297056102,7.736157489510251
8.09437844497296,8.16256803335234
9.108639817149843,9.050140071933509
7.142827401161621,7.134366033346091
6.9363427358340495,6.835979652560216
7.614312146452,7.671420472594204
8.393216011596527,8.360490978471692
5.996452088619021,6.185653025213639
8.352082671352637,8.360855169185383
7.685703061234547,7.679351676585344
8.349484346990128,8.355401251459893
8.36264243156764,8.33543894947026
8.066521490469993,8.110496551579157
8.446770727119691,8.456906938991164
8.114922974204593,7.924074517741321
9.302098797215724,9.188056662553201
7.92443418488756,8.032956077191564
8.155362120328135,8.175808380690155
7.13966033596492,7.198826404879518
8.153637486385282,8.043982823957776
8.07246736935477,8.121480981790986
8.46674164792014,8.398199318761241
8.25582842728183,8.315668069234144
8.112227958349724,8.136087629996284
6.137727054086234,6.236080801134692
7.589335823170617,7.6388927079264555
7.630461261783627,7.560023272480456
7.90100705199242,7.900302503122465
7.496652438168283,7.458156198018265
7.990576881743923,7.953613757584923
6.0014148779611505,6.158059966130439
5.908082938168931,6.033807241332757
8.231376045573969,8.188104419305834
8.303752415563412,8.278849814683067
8.845489236753274,8.692455764504878
9.027018314848645,9.144516115004857
6.9411900550683745,6.755517945772004
7.779885115070522,7.791796827520158
6.71901315438526,6.797687780185621
6.79346613258001,6.819101757707708
6.985641817639208,6.828257324646202
6.364750756851911,6.225429882540855
6.907755278982137,6.947571284629025
8.880585523102495,8.864701147987542
7.1770187659099,7.151615588842004
8.975503722070927,9.038515100677891
6.595780513961311,6.38819471907387
8.811503250158239,8.799063646174522
7.532088143541722,7.514695122394248
7.787382026484701,7.786896005405061
6.977281341630747,6.956120121353482
7.865187954187467,7.939023597351571
8.61558951327243,8.520094932924572
6.561030665896573,6.604326243694469
6.672032945461067,6.747649108387605
8.28576542051433,8.29047813605184
6.300785794663244,6.417246279888648
8.121480374750751,8.149452432180286
7.02197642307216,7.084843914749044
7.026426808699636,6.901056195154542
6.6039438246004725,6.619458303105196
9.634038248345407,9.590634107269652
7.736743682453495,7.485496806077728
8.109826276018477,8.046172338503098
9.212338374638856,9.199497337723242
9.203617826215355,9.172206539610325
6.773080375655535,6.798296844181409
9.295783853793651,9.220387317390959
6.068425588244111,6.240625816238668
9.585964638073326,9.67627946826156
8.845489236753274,8.91269095552671
9.713174145812621,9.745649741132429
8.132118772955806,8.198088614995953
8.025516386489008,7.804775439673975
8.17188200612782,8.220350991826034
7.401231264413015,7.3968684340132675
8.383890344101816,8.480918682013899
8.404696160189092,8.463837260577154
6.42648845745769,6.5025329017407385
9.13043098874788,9.175782362785952
6.3578422665081,6.231702018035082
6.324358962381311,6.250935915407234
7.545918151209323,7.54247905652375
6.4967749901858625,6.634967222405015
7.541683099882111,7.5243880682607385
7.528331766707247,7.563252864863622
6.220590170099739,6.275343575304626
7.766840537085513,7.887416741356771
8.132118772955806,8.119881431484261
8.981430225767635,8.957920799332339
7.516977224604321,7.429578578370028
7.799753318287247,7.827199759870802
6.720220155135295,6.587734100665394
6.811244378601294,6.6980564374605525
7.640123172695364,7.567640824741104
6.535241271013659,6.6371674156466645
7.080026499922591,7.113997517041231
7.393263094763838,7.3043268958830625
8.791941988456118,8.822103684120824
8.41027590907016,8.266135532176042
7.579167967396076,7.528668633859522
7.56734567601324,7.5729322988504695
8.39615486303918,8.536812242908711
6.77078942390898,6.8277685396656915
6.366470447731438,6.412588703788129
7.029087564149662,7.016249094309176
7.344719054149673,7.365410375618269
8.294799358992574,8.285015489960568
8.074337694089515,8.10334434969526
8.199738960630786,8.217412030251772
7.9208096792886,8.031637439690874
8.25712628599743,8.20164690914431
7.691656822810547,7.636649678969093
8.786456678344,8.919811906358632
7.4127640174265625,7.423355469031081
7.798933310041217,7.9356842724618755
9.71878315904038,9.676637339168854
8.538367426647644,8.692615209047199
6.342121418721152,6.502855868096263
9.542948007780955,9.48903303267399
9.215725844252521,9.141787816269366
9.564020836934587,9.74984617631564
8.771215062375383,8.870194454686724
8.56216655705897,8.552921298249021
6.967909201801884,6.814550240425642
7.886081401775745,7.916398890219552
8.593227877692234,8.283937534554187
6.54965074223381,6.551069955399045
7.798112628829788,7.936147482064755
6.194405391104672,6.30700562412843
7.477604243197589,7.458067488239847
6.665683717782408,6.487591399797389
6.489204931325317,6.5592532872378415
7.478169694159785,7.43777459146355
9.057305735807121,9.064302552414913
8.40737832540903,8.403414309238444
8.396831834745054,8.463243313377165
8.184513753033722,7.962411131432194
7.895808377083183,7.940248583202706
8.960339366492091,8.996665828805725
8.894670262984233,8.964207930049174
9.172223049863055,9.000277428069476
6.787844982309579,6.807820271445575
9.337237305164534,9.334532306172008
8.397508348470257,8.33543894947026
6.22455842927536,6.319936324334276
6.52795791762255,6.547280369206135
7.961370201719511,8.014030423631956
7.682482446534506,7.644193897211456
7.1459844677143876,7.120918807088072
9.821789308551622,9.74774796346499
7.261927092702751,7.419021478321857
7.095893221097532,7.105347044954291
9.745663467342562,9.686338247951655
7.945201132412759,7.997228141439303
8.788593431293735,8.778820144993604
6.810142450115136,6.721445452998733
9.235715678307411,9.241317085198306
6.790097235513905,6.784835721219539
7.270312886079025,7.230175993915286
8.562740006372207,8.496280302999104
7.693025748417888,7.578829612998111
8.09009578318096,8.100673387319121
6.115892125483034,6.338178873574851
7.046647277848756,7.072378984187005
7.365812837209472,7.398469790710796
6.771935555839602,6.510873294411484
7.791935956938058,7.890914620188718
9.445096238618559,9.554731818279794
7.671360923190644,7.611858002946755
7.483806687665835,7.507085692668721
9.473704136776757,9.524917623714098
8.648922962094131,8.249647606280984
6.654152520183219,6.73115952086811
8.661985936317778,8.646404254480965
8.058643712215618,8.16925455634701
6.406879986069314,6.441046729814527
7.108244139731541,7.0701645424929564
6.300785794663244,6.410444542330862
9.196140022575042,9.183374311380257
7.037905963447182,7.12342775711218
9.329810871952349,9.291682061807885
6.171700597410915,6.228462003102221
8.39840965542627,8.38561966247875
8.509161019718974,8.585235144986099
7.631431664576906,7.6269405630112646
8.51197962436335,8.598212576011433
6.918695219020472,6.717359144180009
8.83579236650274,8.859892777422301
8.36730010184162,8.46030536394356
9.661097469276054,9.533816600412694
7.816416983691801,7.688414232246592
9.40894529884324,9.5794586822556
7.224753405767971,7.187071743601847
9.00565049932022,8.920533373635093
7.059617628291383,7.094132840907121
6.380122536899765,6.476339321842702
6.92461239604856,6.9936027681929085
9.33282345619073,9.470784125153326
9.656051308652874,9.678052900632887
8.45914025996762,8.399593292093568
6.668228248417403,6.634156783048136
7.6760099320288875,7.73904180578232
6.981934677156389,6.930588655688371
8.91139510724569,8.845423258477455
8.289288323000317,8.153355086942216
8.029758520440822,7.937401876301395
9.245997049184217,9.21910108179455
7.3632795869630385,7.444133243488051
7.352441100243583,7.331936689231834
8.382518288089635,8.294598407790687
7.122059881629142,7.324457847280436
6.135564891081739,6.162801348421664
6.7226297948554485,6.542125021919488
6.507277712385012,6.6617813018014145
9.460398455831275,9.474187375886856
6.755768921984255,6.789866862141646
8.47407690034261,8.515553979895765
6.144185634125646,6.228014666073585
6.448889394146858,6.2549376659240705
8.678971846978863,8.62909132278719
6.093569770045136,6.145385006687773
6.75110146893676,6.605631579003361
6.720220155135295,6.594487784140155
7.575584651557793,7.521449341905828
8.010359588919783,7.817890489354391
7.699842407396986,7.694543552907597
7.932003152361385,8.002924490016035
8.327484416188264,8.299404410242223
8.955577146281511,9.018309372310666
7.358830898342354,7.35692980230367
9.19125948416339,9.178357245514652
6.6895992691789665,6.79079273224849
7.018401799069201,6.946202555894106
8.630700432209832,8.72279984156057
6.3835066348840055,6.236853979766631
7.540090320145325,7.782487026477671
6.470799503782602,6.600321635293577
6.502790045915623,6.565067042265104
8.557759153162898,8.5636490593063
6.395261598115449,6.6124937784435245
7.180069874302796,7.156959142556829
8.339500903005945,8.33524137387052
7.6638772587034705,7.936686666466285
6.980075940561763,7.148034313422202
8.535818655539403,8.498171109690848
9.381769487603714,9.21588176926811
7.575584651557793,7.553696937863772
9.0280988119824,8.983517880188865
8.04012466444838,8.108976178492217
7.872836175025724,7.78739429907312
8.103796712981794,8.028728848547582
9.608445125678054,9.563228058891578
6.761572768804055,6.811138809710092
6.7464121285733745,6.826065588815767
6.18826412308259,6.339278226872719
8.215276958936633,8.471880689421416
6.616065185132817,6.516958224851022
8.29154650988391,8.345930853083505
7.554334823725748,7.169631094787548
6.665683717782408,6.731320587651025
9.242904362849446,9.187937908175366
9.761578306353435,9.54201710216194
7.8582541821860294,7.800080313265894
6.736966958001855,6.782633639637314
9.042158378735948,8.851903474825898
7.679713639966372,7.783008569232624
8.150467911624004,7.985359230141954
9.554355517768125,9.590634107269652
7.16703787691222,7.150119127801085
8.09009578318096,8.05553489674633
8.99342737041261,8.933419388002527
7.3987862754199485,7.436687728595187
7.013915474810528,7.0031194613343795
6.63200177739563,6.659583758162553
6.672032945461067,6.760883418137861
6.315358001522335,6.38140094787938
6.466144724237619,6.503006775378101
7.5652752818989315,7.583794252843329
6.705639094860003,6.752473271089901
7.672292455628756,7.597801520399945
8.498010371999463,8.397286737512935
6.879355804460439,6.773653898966043
9.093581811365986,9.121177993805988
7.637716432664798,7.563682564584151
8.574140471857987,8.650275918001398
6.588926477533519,6.658345209421756
8.438799123988225,8.463837260577154
7.559038255443384,6.988111114787428
9.07015834137632,9.043040874374812
6.437751649736401,6.377338954353072
6.818924065275521,6.899801367089312
8.837826364007704,8.800030972263453
7.414572881350589,7.433082867194274
6.966967138613983,7.00696152983699
6.911747300251674,6.802088446619764
8.338783971442199,8.343197170287905
8.4767877767812,8.510277047948199
9.516353401112687,9.52325340847109
9.75452339939617,9.723884166988965
7.938802248154481,8.225536941930548
8.708804795117285,8.63125596460858
8.487764380725425,8.383554154359834
8.684231891345675,8.67506385850454
8.640118538253535,8.52187193601531
6.880384082186005,6.763152345277018
9.276970454273945,9.274451106936711
8.267705664762426,8.281125295928144
9.788469440951861,9.68579439009818
8.364275084991524,8.555210315609617
8.43771698991444,8.464611142243514
7.4109518755836366,7.471031569030249
6.616065185132817,6.709691781723362
7.773173680482536,7.73879436177358
7.725330037917135,7.722954082015417
7.162397497355718,7.207357747000539
8.640472207576408,8.58819046592785
6.452048954437226,6.5571632461195195
8.165363632473982,8.176210875522894
6.747586526829315,6.611043901394713
7.07326971745971,7.0805625019786715
8.323365694436081,8.418983293369976
9.307557822691543,9.387359479145108
8.017637159908478,7.961554908760565
6.967909201801884,6.876877540702663
6.489204931325317,6.3887852126950015
7.199678345691172,7.255914323582113
8.968141414126814,8.929835773632643
9.560997243589352,9.562321032678597
7.816416983691801,7.789486766717166
8.864605368075784,8.929248803674945
7.953318346560431,8.01642407481362
9.404343433543975,9.441631559994303
6.274762021241939,6.231846142294989
9.192583650386924,9.365779671766827
8.494129251817686,8.601024329725364
7.920083199053234,7.939023597351571
8.722580021141189,8.649383069850462
6.839476438228843,6.732091302209944
8.971702399703325,9.02676208035036
6.767343125265392,6.849456786626709
7.4377951216719325,7.43841759856036
7.783224016336037,7.83508343721685
8.457018468380168,8.464605157504362
8.841158975945264,8.782233813284016
6.1092475827643655,6.137954837980366
8.61974977974133,8.33111188057031
8.321664807135,8.179650500287698
8.094683648698815,8.188389110557496
6.230481447578482,6.363945611017684
8.95402775927046,9.042047042693437
8.563695025067657,8.519498926894842
9.212438170058329,9.292338621100651
6.732210706467206,6.648008810950077
9.488577985599964,9.55459478689007
6.418364935936212,6.34268478278584
9.625623789021686,9.483370035308088
6.440946540632921,6.515783415577937
8.389132521348719,8.407497489645145
7.1631723908466425,7.0229228418580485
6.852242569051878,6.865021892821401
6.52649485957079,6.411124604023757
8.66785206770135,8.604587032088862
7.923710333969238,7.881065072391253
6.771935555839602,6.674530213564594
7.893572073504902,7.883998053988671
9.411238314343073,9.379271463352682
9.437635294412868,9.474187375886856
7.807510042216193,7.784745225621516
6.267200548541362,6.3764776542602855
8.593598522618644,8.57979773074903
8.192016914536875,8.336610032911498
8.353968130313271,8.326474828873021
8.570544366913232,8.453150255395451
9.473319831787592,9.413969537846823
7.4377951216719325,7.416635321380748
8.262042843966942,8.234689009024738
7.459914766241105,7.514447296666017
6.720220155135295,6.596772124414972
9.151863442217207,9.176372366051623
8.85209276347713,8.893913452888212
7.546446273746024,7.499865616917723
8.035602692918582,8.187462409022062
8.528330935826693,8.383488380652068
6.655440350367647,6.557202008170813
5.908082938168931,5.935210348622833
9.001222992395064,8.904094073564666
7.560080465021827,7.497366982765127
6.761572768804055,6.805463443703925
8.045908742270779,8.059684749399533
6.293419278846481,6.489420821675868
6.964135612418245,7.149420597540331
6.688354713946762,6.55869685549184
6.655440350367647,6.5069819738157575
7.168579897264035,7.1533148640682755
6.848005274576363,6.7867344235367275
6.093569770045136,6.198844851102402
9.38210641483062,9.25384299718602
8.287780027088433,8.371117988288967
7.650644551436897,7.633012735520269
7.8009820712577405,7.793977263778672
8.442685139241176,8.451595730797527
7.231287004327616,7.306886676397521
9.245707515813473,9.188724559200436
8.178919332848396,8.033039129796764
7.452402451223638,7.4578629156713605
9.296242800976886,9.619972575077101
8.693328989123106,8.515022718145087
8.183397369998433,8.218468815893447
6.5998704992128365,6.629708225100705
7.703459047867175,7.736803547508113
8.636397438894713,8.722052799483269
6.257667587882639,6.321738369620842
8.45638105201948,8.434138883080822
6.300785794663244,6.433849224390737
9.534161491043838,9.430685175982479
8.788745881938135,8.675803552269434
6.447305862541213,6.559277112597215
8.555066843844319,8.518362644191903
8.195057690895077,8.408763342123208
6.349138991379798,6.418568813997277
6.222576268071369,6.12503447963901
7.92588031673756,7.78888591330849
8.737292112544221,8.554868120218494
6.612041034833092,6.487890652976856
8.434897948689407,8.40652149334172
8.39931015075952,8.604932197697492
8.592486175451668,8.652409541617613
6.947937068614969,6.794403734797291
7.853604813097837,7.89433779303967
6.786716950605081,6.6602628892636915
8.648045999835,8.670465008537592
6.566672429803241,6.477537492505453
6.748759547491679,6.614270119648053
7.9976631270201,7.986398128469247
6.226536669287466,6.3168344118011195
7.119635638017636,7.097826415611954
6.774223886357614,6.8044893135006
6.974478911025045,7.058589001030814
6.4692503167957724,6.513125004960011
7.8961806086154915,7.770055985387574
6.787844982309579,6.680456580762363
7.64826303090192,7.589581362287307
8.527341522468053,8.47732906100099
7.732369222284388,7.736207769474323
8.459564078579602,8.587637063334427
9.173987542510384,9.108837612405297
7.935945103353701,7.943178750649918
7.87587915949631,7.96806610021012
7.798523053625206,7.670491316998793
8.416930769477844,8.415201282800327
6.926577033222725,7.0008792019658115
5.91350300563827,6.00882805857249
8.976262255609193,9.099475978131261
7.3453648404168685,7.244900340771431
9.798960023182193,9.725877011352384
9.743436164387901,9.721522476479361
6.873163834212518,6.780443839871737
6.315358001522335,6.3820582359516145
7.473069088032197,7.438683929530961
6.887552571664617,6.793565523701156
8.36287583103188,8.363568618173149
8.815963560853438,8.628596843381413
7.606387389772652,7.558619262867782
7.979338895262328,7.915089031180977
7.553286605600419,7.762674236218886
9.218407743053941,9.11307135367129
7.221105098182496,7.273349484838747
7.519692404116539,7.653778476965884
8.840145877949938,8.820988053477103
8.82246957226897,8.956115459105353
8.794521851788527,8.662548377503702
6.439350371100098,6.290384377275344
8.694502206386648,8.705680792767915
7.936660155225426,8.012140453679603
8.680162019694377,8.595255358096887
7.492203042618741,7.464796468978445
8.785692444451245,8.82371766076743
6.954638864880987,7.070188767537023
7.1631723908466425,7.088689869687733
7.560080465021827,7.4979238969401
6.807934943699926,6.679269334102732
7.45182223652793,7.517991660213813
6.643789733147672,6.7423322883708625
7.009408932708637,7.073386774626585
8.549660381553739,8.454254941148632
7.862112211662748,7.8560175312522675
9.741321501945738,9.687188352290809
8.31115254800169,8.235853146708214
6.960347729101308,6.96385093256467
8.652248422409102,8.570422543159308
9.321702839829644,9.314788498098945
8.781708985836179,8.57536807445093
8.448271745949816,8.379392137234452
8.043342170441608,7.919000961320707
6.423246963533519,6.563305295921833
6.444131256700441,6.605534424944964
6.421622267806518,6.531908214739941
7.374001859350161,7.239894623821787
6.55250788703459,6.617611590166127
6.169610732491456,6.253997299086754
6.849066282633458,6.833212386990665
6.406879986069314,6.461850553575423
6.669498089857879,6.5186524395384415
7.123672785204607,6.774387751552856
6.595780513961311,6.6888149605087275
6.318968113746434,6.174785611295799
8.54849804124465,8.246096663111762
6.669498089857879,6.812369343200568
6.3578422665081,6.193701940282097
6.541029999189903,6.6050773772286755
6.688354713946762,6.519535102890194
8.37793112408273,8.410329878592718
7.6638772587034705,7.612088402004446
8.353025845202325,8.34123373736492
8.759197750371365,8.64564235312711
7.122059881629142,7.016958216523194
9.11250701162742,9.100504830170053
8.341648618901306,8.36250776431509
6.523562306149512,6.659583758162553
7.431299675155903,7.353470369935
8.88391747120797,9.341243319536577
8.344029572407049,8.269251960874142
8.359134886757962,8.275790512062564
8.26796230533871,8.24043412956584
6.620073206530356,6.5146345603121745
7.656810091480378,7.713907208100287
6.731018100482083,6.738308185594193
9.084890521258767,9.102720660495727
6.943122422819428,6.731484448866775
9.064852065227576,8.95486086424645
8.173857454773621,8.179801986546861
8.06054004653864,8.006546356153262
8.74766979009724,8.739798194129138
7.7702232041587855,7.797247164797867
8.372860820526318,8.362700557301132
8.066521490469993,7.932034981913421
6.731018100482083,6.678427866504501
6.612041034833092,6.469518528187742
7.829630389150193,7.806943874796475
6.698268054115413,6.613644615914323
9.40894529884324,9.470819493469788
8.423761246623686,8.549292181131907
7.254177846456518,7.210778481558469
7.162397497355718,7.190166666316279
6.8966943316227125,6.963390735689134
6.778784897685177,6.684474472475632
7.080026499922591,7.040965608726113
6.26530121273771,6.317649337912726
7.411556287811163,7.353088492354898
9.736960601640813,9.630466342212765
7.866338923046544,8.025677274537225
8.19229373114764,8.20864130506797
5.8916442118257715,6.224808654360624
6.643789733147672,6.7301701520822785
9.742673052026605,9.685552905744819
6.045005314036012,6.106160269024767
6.778784897685177,6.643144683371793
7.081708586105575,6.970129829737896
8.647343875881283,8.59081045811755
6.668228248417403,6.675982182606649
8.382289428951436,8.499880497361564
8.95944014361693,9.156508939715748
6.1070228877422545,6.124090070862468
7.437206366871292,7.491949763055247
6.439350371100098,6.461451210121607
8.602636673233706,8.599476284697364
8.65067458279072,8.555422759255945
7.9817332866918855,8.034204375425917
6.2285110035911835,6.14638072586358
9.69523261371567,9.646792314868126
8.924523226133914,8.90174839016383
8.422442854870427,8.380895391467087
9.284241179815718,9.257982685440934
7.768110378525988,7.840408173564287
9.456653425317034,9.635055813337441
6.0844994130751715,6.232557275132852
9.30273722124215,9.276999096119502
6.376726947898627,6.509191176636837
8.458292083496076,8.295906319462869
8.353025845202325,8.260353484245096
6.692083742506628,6.730849283183417
8.57130251706327,8.422725016135924
8.541690663016626,8.520094932924572
6.692083742506628,6.72840248732602
6.771935555839602,6.681846692062787
6.100318952020064,6.259336450194031
7.820439515262181,7.847229235400308
9.64296658814672,9.663784731638499
7.360103972989152,7.319597119835636
8.521185212685776,8.525642962757802
9.679968930891835,9.742133825189422
7.218176838403408,7.228085336784972
8.36822903827628,8.461264906415071
7.8582541821860294,8.034515405110733
8.240385115516334,8.339463845172737
9.277344600756656,9.314788498098945
9.211639527707803,9.167731123439744
7.362645270417825,7.417406297929093
8.01565761455734,8.186668984757263
7.898039690764619,7.954273364603049
9.251482315307358,9.214632375215492
7.913155185928068,8.014587575402741
6.492239835020471,6.600071096800763
7.671360923190644,7.85368269016037
6.612041034833092,6.584150046614014
7.558516743045645,7.563252864863622
9.77571099759397,9.70888956581422
6.647688373563329,6.640412722959055
8.341171747170762,8.215109064633673
7.686162303492906,7.703730886466602
8.828494129466652,8.869669944736652
7.150701457592526,7.261826270177769
8.715880102296456,8.562050541438662
6.126869184114185,6.2652541064600396
8.033334015880062,8.028849879618745
6.439350371100098,6.4688003663592895
8.758883680017025,8.862860011833105
7.653494909661253,7.697684875706049
9.712387577930592,9.675655273144935
7.5411524551363085,7.565597566584036
9.62264867856634,9.563228058891578
6.9930151229329605,6.9800401824022105
7.768956044538332,7.745315423267984
9.578657284448841,9.583470521575922
8.631771096123673,8.709096939080426
8.24564690087386,8.308731730954198
6.588926477533519,6.587937316880383
7.07326971745971,7.077867346079712
8.15248607578024,7.992200714349062
8.477620416296414,8.485868301647523
7.270312886079025,7.213695948657039
6.565264970035361,6.421020342563713
8.187855443695623,8.187045065040154
9.113609183016411,8.97189770733612
8.385716828627851,8.356691669323618
7.561121589530238,7.2276705827220304
6.77078942390898,6.596333925397112
5.963579343618446,6.190183558849492
8.275885669474356,8.34944576385079
7.69484807238461,7.727777946215524
9.2299469016151,9.402835510147936
8.553525120663627,8.558863866134939
8.603737792816423,8.640291452473258
7.234177179749849,7.256780313891478
7.050989447068045,6.99714462956113
7.00397413672268,6.978549149197622
6.787844982309579,6.82924818589713
8.822911626354117,8.7723826251132
6.274762021241939,6.231846142294989
9.4776156346503,9.388526516086948
9.648982324778904,9.590634107269652
8.402679804627477,8.630975970328313
9.727942980021197,9.747202822227177
9.066931788680826,9.275748336052333
9.452423433109788,9.383540421982632
8.189244525735901,8.226806189154201
9.761866382868549,9.712667844715298
6.915723448631314,7.002324505194614
7.939515260662406,8.054373232385252
9.287116210778231,9.231035713559548
7.957877358489813,8.18342744839361
7.455298485683291,7.521914529641165
7.171656822768514,7.16211248050811
6.683360945766275,6.707592553670844
6.787844982309579,6.801713593328012
7.951559331155252,7.948518686805806
8.895629627136483,8.824874036054053
8.36985260351753,8.405098318826282
8.998878325435811,8.852205184245067
6.75110146893676,6.605631579003361
7.02197642307216,6.926845792462837
9.397649470281177,9.38612807368381
8.606851063346772,8.609545369402158
9.739261284011265,9.651625169741374
9.079320109537779,8.948779794816295
7.357556200910353,7.657400803664228
7.860956364876389,8.0206964697732
7.011213987350367,7.162333649650136
7.3613754289773485,7.239894623821787
8.150756470275551,8.172174725202728
9.27837278236801,9.2689041992357
7.580189417944541,7.580065006923555
7.278628942320682,7.437343138417747
6.406879986069314,6.49229765190513
6.926577033222725,6.955095647808907
8.648396877031582,8.536369343390964
8.68169016329764,8.745871119644642
6.444131256700441,6.560338275958171
8.072779333169498,8.165849282812085
6.51471269087253,6.506988377722311
6.837332814685591,6.939589157666827
9.53300341332321,9.579668673830787
8.465268118551318,8.570594757051017
8.18757739559151,8.403703650824887
6.490723534502507,6.49056364132399
8.017637159908478,7.926186943355717
8.631057447565285,8.595981480130245
6.391917113392602,6.704575573738867
7.059617628291383,7.01212334132031
7.78155595923534,7.802677833031964
6.8308742346461795,6.784433690263052
8.76389700713946,8.586253125412703
6.898714534329988,6.814751486280103
7.07326971745971,7.065396787508223
9.58486505717771,9.55459478689007
8.568836424568076,8.625714867280088
7.57353126274595,7.606791284605233
8.853808274977197,8.855796930318808
8.899048433885268,8.843979879663694
9.20653313363323,9.218615787796804
9.62317823441376,9.590634107269652
6.628041376179533,6.6100040165416605
9.038365107236372,8.920127752022015
7.54274354536855,7.576725620319142
8.672314828283538,8.573248261632479
8.705662478796427,8.738688342709436
8.632127729508337,8.592748306356912
8.622813673279921,8.596613883922846
7.9865049385539955,8.008172907521198
8.406261630708956,8.474270174332391
6.137727054086234,6.240425072526037
8.406485069431817,8.47940077612239
6.226536669287466,6.338304346324804
7.794411205726601,7.72133926874441
7.424761761823209,7.417406297929093
8.970813341411448,8.918704682541016
8.748463629942055,8.480716120452055
7.126087273299125,7.184985870295777
9.793728488543389,9.711556466536244
9.20693457884135,9.271595539579664
9.053686561930807,9.047143292895063
6.186208623900494,6.2236619475038895
8.466320861042481,8.413663132565954
9.287394001418473,9.043097025038293
6.934397209928558,6.805963477666749
6.761572768804055,6.794309589052337
6.104793232414985,6.190337076230883
8.648045999835,8.537680662636907
8.227108234348146,8.133532053539529
6.980075940561763,6.961550488291146
9.543306469268108,9.341509703495262
6.684611727667927,6.5536135743752455
8.39502555744203,8.380297481375333
8.469891918298224,8.551593802998926
6.97166860472579,7.106788059049958
7.894690850425624,7.818755317104317
6.803505257608338,6.678282474148274
6.612041034833092,6.576399395240775
6.736966958001855,6.766673584793568
6.492239835020471,6.4909979112272
8.671115273688494,8.7004393518404
9.069467813094768,9.092927271325383
9.730561717382535,9.564507401663723
7.503840746698951,7.6984193356005655
8.276394704863307,8.311023310814578
8.790877754224164,8.777110105891033
6.406879986069314,6.45651911693803
7.606387389772652,7.793643580889486
7.828834527588089,8.000575210868668
6.911747300251674,6.746865601299478
9.632072452548218,9.575388155575123
7.1372784372603855,7.004683586252664
6.674561391814426,6.565636279104237
7.503289630675082,7.455356920746223
8.18060094759445,8.250994421660433
7.550661243105336,7.54778224409228
6.883462586413092,6.875745898007993
9.357639058997062,9.344763754192204
8.80926561216931,8.72373628978514
6.839476438228843,6.828767000332253
9.172119159155985,8.928919170529747
6.472346294500901,6.599110935271939
7.697121317282625,7.796491069053819
8.806873266530692,8.871471122176104
6.415096959171596,6.478858077708115
6.369900982828227,6.55391789334762
8.312135107648412,8.276923044100203
6.824373670043086,6.694484497290167
6.037870919922137,6.111271289095327
7.958227192322312,7.97390810917111
8.952605375892354,8.941876481792583
6.536691597591305,6.3699802036453566
7.444833273892193,7.498839303110924
8.367532416861831,8.369641160686648
7.724446645633537,7.733551415435844
7.81923445385907,7.750357300896508
8.772455372611907,8.644157651012991
8.392536586816682,8.3464062168944
8.085794701281568,8.039437582974076
8.081784206935001,8.066587589541477
7.261927092702751,7.33021846651334
7.817222785508166,8.040403840038966
6.220590170099739,6.268231128529781
6.846943139585379,6.974796959936663
6.852242569051878,6.713141437490404
7.637716432664798,7.715703380549198
8.1797604936999,8.210280892058973
7.885329239273191,7.839582228744464
6.255750041753367,6.201633907673296
7.707512194600341,7.730889276765956
8.592486175451668,8.488490015263173
6.787844982309579,6.8037255578386135
8.53030683056162,8.23780937063503
6.5998704992128365,6.658346378729154
7.952966790923131,8.125734687309507
8.384804003370492,8.285187431225127
6.71901315438526,6.765206029407541
8.36822903827628,8.416851185047145
7.763871287820222,7.733584907609651
7.024649030453636,7.0446885462951645
8.658692753689937,8.733569796175255
8.01829613851552,8.032789345508801
9.033722518098907,8.982011154551577
7.945909598613133,7.967872455032247
6.459904454377535,6.627274111248432
8.88405606174246,8.904216648684848
6.194405391104672,6.301402127701797
6.669498089857879,6.5522711661316455
6.4692503167957724,6.48009938187038
7.217443431696533,7.4251532816639365
7.971776122880628,7.965272143375995
7.485491608030754,7.365446600622635
6.20050917404269,6.206089225752682
6.654152520183219,6.69134136961415
8.625688787569537,8.529266054193716
6.470799503782602,6.605591807061845
7.674152921281675,7.813675617696066
8.934323331054905,8.894713516939207
6.498282149476434,6.292973863339398
6.9865664594064265,7.00825482675038
8.724044745953469,8.744971615185888
8.178358165605836,8.252159075162119
8.638525476583762,8.699547154141548
8.367532416861831,8.283266529728852
6.391917113392602,6.565637577238708
8.185350223178686,8.125386735403449
7.4127640174265625,7.41740677328915
8.264105763728956,8.482665404544965
6.9957661563048505,6.810058686292089
6.658011045870748,6.725058350519189
7.545918151209323,7.531993904353186
9.447938944259977,9.472586705921294
9.806976652155285,9.635594048858799
9.831346874758445,9.715272234412295
8.748304912379623,8.531323367842642
7.697575346802343,7.770105159029062
6.620073206530356,6.468715131373147
8.602269363771356,8.52764575032169
7.7354333524996886,7.806134769086724
6.815639990074331,6.65786624273862
6.523562306149512,6.557830014218134
7.926241523170962,7.8967662957929114
7.9420068084898565,8.242812656117863
7.6760099320288875,7.703241566005035
7.492203042618741,7.511151665565674
8.612139668725192,8.520194984870944
8.82864061741828,8.670558605016298
9.52937575208596,9.561108279898145
8.546363568716018,8.518079272991725
9.046879822823147,8.953931905501404
7.8434564043761155,7.806752366492802
8.235095497258357,8.165591740478671
8.132706489693264,8.153248099065092
7.739794458408701,7.71667835278772
7.5126175446745105,7.4859318904165715
6.80128303447162,6.656130384461766
9.122164681072457,9.113434153944983
8.39502555744203,8.381153341104193
9.280892027927127,9.051447548172208
9.273033441314606,9.170550015887207
6.434546518787453,6.541880543770359
6.331501849893691,6.608204347392323
7.9294865233142895,7.896085272859525
9.169205828617628,8.952693988975257
7.999007213243955,8.143853200262134
8.161089512845797,8.340790587769586
8.267448958304849,8.1594460789185
7.461065514354283,7.50873054481205
7.0925737159746784,7.104734413144024
6.82001636467413,6.978306027572929
8.536799721055155,8.591040986685675
7.891704659330107,7.75530364517763
9.486379932643889,9.283515059064241
6.76849321164863,6.85286086467601
7.074963197966044,7.102084505252163
9.08851166361105,9.108320453377095
9.352881058758292,9.316324519836513
6.646390514847729,6.633527233186389
6.505784060128229,6.644076698130807
9.792108964552739,9.6615147675343
9.608377964255551,9.712231594303784
6.194405391104672,6.27165319837431
6.654152520183219,6.772758355896693
6.959398512133975,6.886597803351644
7.162397497355718,7.193257009807732
6.734591659972948,6.738798684709679
9.12467354521909,9.171602505870595
8.735042754269337,8.758156677051371
8.27410200229233,8.26594612717137
6.459904454377535,6.631317699515898
8.446770727119691,8.446160391186362
8.484876589939695,8.49412829308083
8.293799608846818,8.3026795406284
6.877296071497429,6.797381431882854
8.280964400553373,8.075939167044961
6.955592608396297,6.892145026998793
8.199738960630786,8.124821865380673
9.478074806618269,9.631153146202688
9.801620926132557,9.711313402963505
6.761572768804055,6.949678740477134
6.61472560020376,6.721326872783153
6.104793232414985,6.175460900290426
6.754604099487962,6.658337924440465
6.135564891081739,6.269711177925817
6.829793737512425,6.738485338732039
8.462103225098277,8.2852387896908
7.776954403322442,7.79456935353686
6.71901315438526,6.726897844486158
6.732210706467206,6.694913671871542
8.630521876723241,8.719960359584796
6.705639094860003,6.764125738467664
6.698268054115413,6.583617788287236
7.6787889981991535,7.787469344537019
8.846784666945227,8.759927791275963
6.68586094706836,6.727736733073775
6.359573868672378,6.243651209400173
7.504391559161238,7.444654544072936
8.20685642839965,8.36506181909099
6.639875833826536,6.708612469402996
7.933438387627489,8.224309717021468
8.263848131368906,8.352844977659483
6.900730664045173,6.813567604657302
8.11969625295725,8.068873603205459
8.565983355585669,8.611014193753656
7.77779262633883,7.7635514852039345
6.776506992372183,6.773377752462428
6.996681488176539,6.921803666279018
6.023447592961033,6.035809388233553
9.127827950401718,9.074137706948676
6.803505257608338,6.529422286897003
6.71901315438526,6.788334785812485
8.746080217357513,8.765158811949497
6.736966958001855,6.754360913587758
8.13593277200489,8.239510835452046
6.5337888379333435,6.6464156522580895
8.082093278178382,8.044884178308692
8.67368398817567,8.53021424908879
8.831127635012084,8.766257270974972
8.772920092626467,8.81743899372294
8.461257559085935,8.491171622922389
9.253591413970497,9.283725598869871
7.841099765422119,7.843047091969533
8.477620416296414,8.36274213501942
7.265429723253953,7.282634556259883
8.853379672927634,8.934016347209305
7.508238774678663,7.477217176214942
8.122074375362217,8.030715911524716
6.5337888379333435,6.599336739479725
7.649692623711514,7.310761495645065
8.41715183723601,8.365069703226508
7.273786317844895,7.283255141493475
6.961296045910167,6.998741886587296
8.634264863002075,8.656399778718471
8.244596756382498,8.232531712609989
8.78462153484075,8.782341625637404
6.626717749249025,6.5985537880740415
6.198478716492308,6.266101341896209
8.310169021981912,8.736906702993904
7.362010551259734,7.366584704759062
9.128696382935672,9.11922425387877
6.263398262591624,6.409268167512997
8.19063168090354,8.16894415775084
9.30273722124215,9.30985316288398
7.499423290592229,7.45222913968388
7.4067107301776405,7.308399985499977
8.183118079394745,8.147224555614557
7.4067107301776405,7.330747901104142
9.281078386481525,9.215144224721977
5.998936561946683,6.026310078849423
9.141097469234023,8.999506006852606
9.603260452582052,9.559328964378787
8.516793111394898,8.5224222428043
9.293669979563187,9.228705333918523
9.669472621333282,9.685270110504778
6.470799503782602,6.575612928177396
7.900266036767701,7.967428252592967
8.196987927258897,8.325968080123106
6.6293632534374485,6.619198461073367
9.603125426926972,9.585371531239833
6.263398262591624,6.410827406445198
7.017506142941256,7.014199414515816
9.205830216498297,9.056383351110421
6.98933526597456,6.889160943588214
8.086717920303906,8.063068119673181
6.625392368007956,6.721477806882366
7.465655310134056,7.110649262105083
6.556778356158042,6.579492904626902
7.227662498728654,7.294386278933187
6.406879986069314,6.4722744088712245
9.565844630930576,9.556017940687093
9.503457646917903,9.470247095453997
7.026426808699636,6.86791752063341
7.957877358489813,8.08235704936037
7.774015077250727,7.759408871122793
8.09712193091871,7.808817465164122
9.377463685012241,9.573136540602638
6.529418838262226,6.625588307465265
6.1092475827643655,6.069260197074202
7.7102051944325325,7.741234168240548
7.9269635448629785,7.926724889389326
7.645397699428633,7.60726203587788
7.232010331664759,7.2612622288979205
9.142382678792956,9.170074401386564
9.092569836241674,8.938140191784615
7.083387847625295,7.111138777769265
6.639875833826536,6.760936636086155
8.026170194946426,8.001233245705466
7.822044008185619,7.901764456828778
8.745443680098592,8.611353401600775
8.392310009269547,8.54303938835804
8.329658067569396,8.361725733049592
6.267200548541362,6.370579075379173
8.257644958208228,8.14615197308766
8.591558273371545,8.733569796175255
6.315358001522335,6.343169580039208
7.427144133408616,7.457369955359914
8.82379514872053,8.894887420033546
6.386879319362645,6.248026227219102
6.852242569051878,7.041254417953677
6.673297967767654,6.742451350228369
6.652863029353347,6.755578968088116
9.116578992161708,9.048772282849256
9.016512874996026,8.901077521336385
8.341648618901306,8.292931086231082
8.504715669905124,8.564778618329013
6.688354713946762,6.516839656709104
9.311903687385623,9.19341014919061
6.184148890937483,6.433692534894001
5.8888779583328805,6.096236806699981
6.580639137284949,6.463484713037775
9.692272572087193,9.666163242956541
8.738414897167749,8.62349021317862
7.938088726896952,7.920690492120779
6.852242569051878,6.780476342711481
6.2166061010848646,6.266672608885212
8.24380842366528,8.179584539608722
7.500529485395295,7.7751878343874115
8.502282578680484,8.507330231585216
7.540090320145325,7.5438452340759765
8.11701408773731,8.077584175182022
7.642044402873258,7.715734810169823
8.460834457746854,8.461114379928123
5.998936561946683,6.031881092640173
8.249052274171293,8.243663654057816
8.736328721332908,8.961303890246963
7.933796874815411,7.701153905566053
8.640295388550221,9.026544172373336
7.994632311431825,8.334561333067077
6.75110146893676,6.801913526108423
7.886081401775745,7.8933563770058255
7.252053951852814,7.354026640931064
7.363913501405819,7.388277685083724
6.826545223556594,6.847767187356922
8.434897948689407,8.563712707795577
7.162397497355718,7.255235888363256
7.346010209913293,7.1974701069393445
6.568077911411976,6.683351363271546
7.275864600546533,7.282097985512433
6.776506992372183,6.821685961240503
7.945201132412759,7.901794486172752
7.616775808698373,7.239894623821787
8.388905171114706,8.35496174805973
6.892641641172089,6.731838625096817
8.337348564497175,8.337127440443822
6.5998704992128365,6.541611833945236
9.67990640549087,9.592057261066676
8.095293776844649,8.207342242053482
7.577121930876679,7.583712984561968
9.783069799056989,9.685040700959942
9.28720881623276,9.185519198766439
8.452974619089586,8.466532377994769
8.735846677457582,8.788847606090279
8.548691858475609,8.41955181421305
7.1785454837637,7.348156664854504
8.281723990411392,8.287558485068878
8.195885391314796,8.156429481509516
5.918893854273146,6.097026103298573
8.792093929503284,8.710662305574438
7.9599745280805365,8.07653346561206
6.47543271670409,6.50949604978609
8.583542571957771,8.693997440454764
9.266815218904162,9.29446397031762
7.80954132465341,7.942526296297243
8.56197533418813,8.64472657966017
7.488852955733459,7.46730857976027
6.406879986069314,6.4428280637014925
7.1284959456800365,7.291928889041545
8.028129059431759,7.732929568591832
8.263590432617319,8.281349690845277
9.722445177240553,9.701185745406182
7.709756864454165,7.867323684010685
7.685703061234547,7.710237530351304
9.000976444070345,9.056126235128982
6.507277712385012,6.3412608211490396
7.149916836132109,7.072442277322165
6.716594773520978,6.788590840716539
8.463370384718731,8.427958485000557
7.856319571406588,7.969794989603672
7.095064377287131,7.1852924786477965
8.300280189852664,8.163970453128599
7.401231264413015,7.5156761671243695
8.913281137711804,8.903876432053574
8.224163512637862,8.191685848129437
6.6039438246004725,6.591703954347182
6.80903930604298,6.945628208860485
9.10242102975669,9.153958831950746
7.033506484287697,7.035647915397405
8.123261319121745,7.988476129291671
9.430198532298864,9.592723868663036
8.885579291282982,8.91883157366789
9.241645221804594,9.198781887905366
6.92461239604856,6.803265593344335
6.104793232414985,6.186922239833551
6.331501849893691,6.494843368604642
7.669961995473577,7.586179004545228
9.531771484474337,9.573260330478153
6.439350371100098,6.476626044712597
8.183676582620658,8.33541521384902
6.675823221634848,6.743142227017558
6.729824070489475,6.748316431474449
8.239329427901795,8.259123817447193
7.575584651557793,7.549785405752696
6.79346613258001,6.819101757707708
6.364750756851911,6.20413384896003
6.828712071641684,6.733545038588824
7.9102237070973445,7.899743558194144
7.753623546559746,7.877693482579425
7.1276936993473985,7.093749025327304
8.255048902752295,8.168142719390051
6.411818267709897,6.2732598506732575
8.386172928977834,8.3587797415032
9.506436943028982,9.343705656537116
6.529418838262226,6.577671629907927
6.892641641172089,7.070287774570013
7.365180126021013,7.259179665532454
8.451480648050856,8.339901982038974
6.752270376141742,6.638779418868496
8.22817689595132,8.138978010926119
9.567665104756411,9.552490906830627
6.892641641172089,7.08880062334761
6.226536669287466,6.315154457358384
6.300785794663244,6.483539690015789
8.32239411311117,8.177201078667414
6.71901315438526,6.7431754861547955
6.78105762593618,6.594084288416203
6.829793737512425,6.818468686985042
7.942362237674335,8.065128823519526
7.943072717277933,7.787001508078278
8.329175442077402,8.285356884517784
8.98281222234415,8.935592221301325
6.646390514847729,6.7747709109096315
6.975413927455952,7.04876005776673
8.814033201652784,8.791289427368534
7.557994958530806,7.521449341905828
8.780326390946605,8.844906123718472
8.22282213081366,8.22319304300616
8.09132127353041,8.26758333005223
7.818430272070656,7.758180145965924
6.597145701886651,6.444499048445791
6.410174881966167,6.347193300516301
7.190676034332207,7.080358255717241
7.555905093611346,7.559053173214878
9.67990640549087,9.561913515083338
7.266827347520591,7.20448904519264
8.054204897064407,8.268448145215963
8.028455164114252,7.902612151731796
6.8308742346461795,6.87926490165817
7.503840746698951,7.675663374910425
8.919988070968524,9.173613910646393
6.289715570908998,6.387010571919628
9.307013259236443,9.240483704335952
6.6240652277998935,6.659144180083263
6.7661917146603505,6.854484062452869
6.960347729101308,6.894742091506269
7.771067086065406,7.788317973126823
6.159095388491933,6.224811755426888
7.5883236773352225,7.563252864863622
7.560601162768557,7.590305181409941
9.701616136497458,9.590634107269652
6.802394763324311,6.820621383284191
8.533066540572527,8.496765330465886
6.391917113392602,6.475053549527973
8.969923491991516,9.049121730231082
6.3784261836515865,6.396621374989623
7.579167967396076,7.5851292996959465
6.648984550024776,6.741195212718209
8.923058219545728,8.944864211269982
7.646831391430482,7.686709647019028
6.7226297948554485,6.801277032974016
7.557994958530806,7.541616313184589
9.590419293693932,9.535049401742727
8.67812085552252,8.62312135613221
6.584791392385716,6.599026671493931
8.117610746466228,8.085753531512571
6.672032945461067,6.766291026434086
7.557472901614746,7.655991190708324
6.967909201801884,6.953189181619852
8.633731007664188,8.530701914859664
7.00669522683704,6.946245247205527
6.93828448401696,6.8813233958013065
8.36985260351753,8.6230220955834
6.7661917146603505,6.773994342018568
7.472500744737558,7.7272663769122145
7.96311205897929,7.9784665581038245
8.29254851397576,8.29130620553722
6.56244409369372,6.748738294531086
8.450839690866216,8.551371932525425
7.8083230503910555,7.680232217824941
8.770128527538184,8.821913368458778
6.951772164398911,6.933455018495516
8.030084094267563,7.879061566282496
8.556413904569519,8.725846574478235
6.834108738813838,6.7329098729054655
6.349138991379798,6.413743561171606
6.111467339502679,6.1123482666166025
6.3561076606958915,6.376590394935732
8.453827315794417,8.516266019947984
9.65059330557001,9.5937816796798
5.937536205082426,5.952290599699464
8.310414994188292,8.313818628374234
8.220133957151859,8.262288159802601
7.720017940432244,7.738558817915219
7.853993087224244,7.895992070668172
6.642486801367256,6.693249456169679
8.702177865629675,8.549887096116205
7.644440761556566,7.792279899785138
8.551014739891748,8.432322213061642
7.875119281040293,7.933861446928737
6.660575149839686,6.741830378401565
9.58211080356025,9.675537049038375
6.734591659972948,6.777841129565957
8.422442854870427,8.380895391467087
8.464635940677562,8.451144528234815
6.272877006546167,6.400523482729101
9.485165142425407,9.37309981784785
8.438366410870266,8.376101588216471
6.302618975744905,6.406106617480941
6.406879986069314,6.501069673820935
6.86484777797086,6.886480137961643
8.195057690895077,8.073887759680465
7.271703706887368,7.29905171403816
7.760893195851024,7.7443073385609535
8.80071662871916,8.767667023736134
7.97522083865341,7.901094520380778
8.847503625923641,8.793877229282286
6.111467339502679,6.164114560052075
9.037057839832897,9.123955525831553
8.880029117468442,9.007403031830327
9.572201842602215,9.412779757326897
8.610319169405722,8.77268330490815
8.03073492409854,7.953688833812091
7.804251383528112,7.798374590576163
7.004881989712859,7.05641795682588
6.892641641172089,6.886368762499156
6.566672429803241,6.530818357652977
7.382746449738912,7.39238992217549
7.959625305098115,8.128724017280884
6.57507584059962,6.586520933898069
8.044305406990638,8.086119066188138
7.53689712956617,7.564705546241154
8.129764445794171,8.236488740375673
7.635786861395585,7.708342437293887
8.160232492367689,8.128615122356475
6.771935555839602,6.673842628174767
7.660585461703256,7.757828064420397
8.967631665167133,8.95678883357329
6.838405200847344,6.747015120584204
7.068172000388042,7.093408469869013
8.461046030793236,8.401367790439904
6.7912214627261855,6.901519607032478
6.752270376141742,6.697053568996684
6.493753839851686,6.561002398273748
7.621684998724611,7.59226158991384
7.271703706887368,7.338835797026054
8.982184278838428,8.852869852925785
7.902857191280582,7.897839397030923
6.880384082186005,6.68849454377498
8.420462002456466,8.4051209965999
7.527255919373784,7.517179290468714
9.257796313132479,8.923223827654919
7.851661177889265,7.905212921529444
7.597897950521784,7.649194870085308
8.935245415029874,8.853665989520243
8.166216268592143,8.14009625548989
8.493924564476883,8.48973512472602
7.779885115070522,7.788203048657475
6.658011045870748,6.662840635759437
6.354370040797351,6.267024953142809
7.638198244285779,7.614107669767506
6.311734809152915,6.277110815132411
6.257667587882639,6.25944016991694
8.775240458738327,8.817277671278747
8.269244521183056,8.372036891840606
6.257667587882639,6.2758746556956435
8.228710798793687,8.201663032063468
8.345692873253865,8.549637262472146
9.152075463844207,9.32686964516249
8.67060073804555,8.502718925655467
6.849066282633458,6.66122301125384
8.374015421739909,8.355159254864054
7.784057002639929,7.786097049287955
8.914894908906568,8.914734511039336
7.2682230211595655,7.333899977248008
7.112327444710911,7.095075961164594
7.589335823170617,7.574844880554044
7.964155718840937,8.044688268824885
6.198478716492308,6.149284102860832
7.118826249062078,7.368858639250423
8.252706676567644,8.35463258508191
7.234177179749849,7.08489294196055
6.771935555839602,6.690435113025116
9.167537249650874,9.190658208003805
7.970394907191429,8.088206648075555
8.640118538253535,8.605913183477998
6.513230110912307,6.472680581580547
9.185330208972015,8.053467824040377
6.974478911025045,6.924486278154534
7.463936604468925,7.442329733995211
9.07783702216309,9.169931059485581
8.359134886757962,8.414418274211464
7.715123603632105,7.698623836704594
6.787844982309579,6.807312805793448
9.797904789961063,9.688945361510475
6.331501849893691,6.483539690015789
9.574636203046277,9.43476613953474
9.478533767844102,9.32611360823378
9.095153962167066,9.10763737952152
9.447071196798909,9.46700857791684
8.595819511871428,8.550719882407588
8.498418036089904,8.529574766898511
7.411556287811163,7.4637300170854655
7.6128310304073565,7.737230648195489
8.53817159780143,8.485868301647523
6.953684210870537,6.7733506383593785
7.806289289267033,7.88899216920438
8.327726166461412,8.36341458483245
7.97349996402463,8.005762982014495
7.807510042216193,7.793556419316408
8.21851757748959,8.050058505104767
6.892641641172089,6.787966805837785
6.54965074223381,6.4257800996439425
6.338594078203183,6.427941565810634
7.637234388789473,7.682645186094661
9.745312117570252,9.71381071894615
7.80954132465341,7.787788962791689
8.303752415563412,8.308440992659934
6.669498089857879,6.574159825579182
8.385260520155413,8.402277639479632
7.621684998724611,7.655154251140283
6.8679744089702925,6.937381410832212
7.00397413672268,7.045467213031517
8.776475789346321,8.813582166154735
7.651595573857601,7.558227225285387
8.735364401103888,8.75585616548063
8.170468578330674,8.158921312883674
7.0909098220799835,6.958086710659143
9.123256265069069,9.105063939724175
8.648747631156539,8.715817277117141
6.963189985870238,7.048083391573216
7.207118856207756,7.245157663624922
9.369990189505721,9.387303544693056
7.614312146452,7.656032659119365
8.215276958936633,8.174560284704661
8.634264863002075,8.734234583033738
8.211211361793023,8.266521139511962
8.784162222270476,8.774069035728276
6.959398512133975,6.965594077580577
8.323608442343572,8.339403293840878
9.6580983922746,9.582446893663363
8.439015410352214,8.383505829223301
7.8826922062890254,7.8461022483860985
6.375024819828097,6.556283636503869
7.458186157340487,7.441424856466811
8.19836438996762,8.274350197699881
8.568076401730806,8.538801082461505
8.451053388911692,8.415866461905159
7.751475318021456,7.740640633516414
8.33758794211651,8.42982118895445
7.154615356913663,7.067228957003791
7.758760544157663,7.786728039662297
9.445886690007436,9.454128861392501
7.443078374348516,7.471191720476317
8.902727664035522,8.897632356210153
7.817222785508166,7.802021361208559
8.476162841858246,8.442528588554783
8.440959885416648,8.506054715685135
8.41715183723601,8.523863330694788
9.667891793282678,9.675655273144935
9.662498208076329,9.675842950341844
6.9985096422506015,7.121987701831839
7.67786350067821,7.750533511117094
6.280395838960195,6.418568813997277
9.023408202624545,9.022510620026145
8.954802752850968,8.887344822557868
8.522976436171964,8.496654977083047
8.102283624480073,8.086457286724517
9.178023770499639,8.976725718311267
8.328692583545568,8.261456799171166
8.430327258394575,8.481142025750753
6.761572768804055,6.811138809710092
8.561592778712923,8.534397834683357
9.753652546776472,9.583758017466327
6.5998704992128365,6.65570740841901
8.527539483470381,8.467971789974301
8.0519780789023,8.174999461403912
6.63200177739563,6.67329153560232
7.736743682453495,7.742028926718983
8.67709870892586,8.524914297517771
6.54965074223381,6.426968617010268
6.977281341630747,6.779611377871878
6.576469569048224,6.597427438405779
8.061802274538348,8.141488220831194
9.278746404640243,9.313880220369738
7.815207062189088,7.858577923340972
6.811244378601294,6.631814943195021
7.655864017616056,7.633050690834303
8.50045386741194,8.830889545416579
7.876258882303226,7.85872804505861
7.564757012905729,7.543478904561351
6.318968113746434,6.174785611295799
6.831953565565855,6.876554716984207
8.406485069431817,8.28984331647025
9.45383541953829,9.472391051637924
7.123672785204607,7.074431506581356
9.022563964499264,9.179387024780146
9.055089086704891,8.962917687731812
7.432483807917119,7.441655902467423
7.763021309018518,7.7924648535616114
6.380122536899765,6.446717876046221
6.767343125265392,6.843383306060217
9.1801903950253,9.128087045251625
7.951911381854188,7.94107905148291
7.1372784372603855,7.0055972781446325
6.838405200847344,6.816576836300775
7.258412150595307,7.467316052166729
8.517193191416238,8.506495871704358
7.741967899820685,7.850218694398606
7.647786045440933,7.646935299263912
9.166701914946353,9.050829364940729
9.752955318231582,9.616590288801383
6.953684210870537,6.7821652908848025
7.010311867307229,6.949696475899894
7.074963197966044,7.0280926636650545
6.439350371100098,6.500050463469987
8.411388132519262,8.348693619597038
8.200013648175434,8.23712720240673
6.523562306149512,6.6160386807169065
9.481740611853681,9.51355821526719
8.676757761087575,8.719437497900303
6.655440350367647,6.498439464576253
9.410501846898468,9.444713912936722
9.692087278241505,9.631061217494107
7.557994958530806,7.520566332653441
8.204398418149381,8.30512859076317
8.826147399143558,8.81124760605248
8.643825842349603,8.62095633980702
6.849066282633458,6.790374350716716
7.447751280047908,7.551116513104388
9.13075589263334,9.177325848332215
8.333991247194975,8.372618123625733
8.39072252736229,8.419269806563992
8.15162164696975,7.8393011042407545
7.693025748417888,7.650932082758357
8.569406062863171,8.45923638395143
8.807621489536043,8.85336901002939
7.025538314638521,6.899710832512053
8.32020459757888,8.384243118254863
7.023758954738443,7.16200862155169
8.008032846969307,7.870095206377674
8.190077049719049,8.316689312521673
6.9985096422506015,6.95084184139195
9.18296917518005,9.295404742616833
7.898039690764619,7.862902174374166
7.935229539816907,7.913976597004345
8.265907334155747,8.33997024618087
9.257128533474942,9.24198125855502
7.504391559161238,7.406211364674145
8.348301054933943,8.335005237000427
8.23403420769204,8.233680588063134
8.909910726701899,8.985634828126482
7.862112211662748,7.7934198993545465
8.706159290928861,8.81609898145764
8.051022208190679,8.092279996167514
7.227662498728654,7.2968231013108715
7.542213463193403,7.56415552588632
9.283776690049365,9.318907152210414
6.3561076606958915,6.476266357918311
9.551942286417393,9.573593675414006
7.108244139731541,7.0714079692969865
8.138564737261632,8.169427707190241
7.503289630675082,7.467245251966043
6.6293632534374485,6.445282821281977
7.958227192322312,8.052125802896134
6.71901315438526,6.793224256665825
6.641182169740591,6.575892960677919
6.834108738813838,6.762251343198722
8.548691858475609,8.525697373717922
8.227375506834035,8.267010417541407
8.591001118560957,8.633570894646533
7.91644286012226,8.066681926680756
8.627660644442209,8.619714369766378
7.573017256052546,7.257642676867517
9.355306142226368,9.383419023704137
7.8961806086154915,7.941801050842774
6.859614903654202,6.826646435117483
7.5480289699350145,7.513053082625991
6.559615237493242,6.707087134944282
6.54965074223381,6.49605377092919
8.815073088844464,8.756192095144302
7.416378479192928,7.417904527896003
7.469083884921234,7.420850332327045
9.180705566846491,9.254703665464964
6.650279048587422,6.609913433538324
7.349230824613334,7.429400813542305
7.050989447068045,6.998369110742884
7.016609683894219,7.0691468909892485
8.357259153499912,8.387930772139704
7.79770203551669,7.699507149129955
6.9930151229329605,7.01212334132031
7.0431599159883405,7.068743111183127
8.410498452745275,8.4765098801294
8.720134035412928,8.55669330709255
8.47407690034261,8.447058800426031
6.892641641172089,6.878734384006888
8.668539943910762,8.602886082090862
7.875499292445208,7.892249522329546
6.612041034833092,6.531186437646664
7.666690200080086,7.621716893665597
8.491670234185152,8.463837260577154
7.166265974133638,7.33717619517219
7.114769448366463,7.10826308601393
9.2237500588861,9.255271689739441
6.131226489483141,6.158631690099187
6.077642243349034,6.149957005439246
8.142645185942795,8.074649080198972
6.946013991099227,6.857332395853428
6.569481420414296,6.617337798977645
7.9391588179567965,7.933669860605097
8.39728289474368,8.402005283580097
7.9909154630913255,7.999055840303456
7.2196420401307355,7.224160287374053
8.178919332848396,8.151190192228722
8.54714026778419,8.515375983643995
9.256173788319355,9.187937908175366
8.425516402844334,8.43550046147285
7.090076835776092,7.352440921551168
8.574329382787047,8.652409541617613
6.720220155135295,6.604939038278863
9.730740018176446,9.645609333738243
6.939253946041508,7.189129831894015
9.183585634667363,9.153810000637758
8.204124932574041,8.370802906814003
8.474494436883122,8.389397898399938
7.10085190894405,7.102591802887291
7.768533300926033,7.824666252655805
8.439663988907,8.385338671898207
7.017506142941256,7.066369806258676
9.383200644980624,9.325091720971935
8.137103389639302,8.1593088453109
8.195057690895077,8.256154897257597
6.493753839851686,6.639670335163951
6.3080984415095305,6.278876042538657
7.785720896534624,7.731639768608897
8.242493153187626,8.191401183439627
8.907883013942248,8.899271777104984
8.190077049719049,8.437858964626056
9.422220731011683,9.474187375886856
7.588829878307813,7.644904046704103
9.332115428902103,9.360932203466207
8.257385655730436,8.280029327834823
8.557951183888406,8.622616615410038
6.71901315438526,6.837943679164865
9.76226955062059,9.675625972800367
8.681520484837913,8.687814047325558
6.81783057145415,6.681539525569305
6.7650389767805414,6.916524206846825
6.923628628138427,6.962469343571822
6.391917113392602,6.429155491502188
6.498282149476434,6.5263462873238876
8.897682313454224,8.89641513428422
6.317164686747284,6.224512310092084
8.527539483470381,8.391711689737363
7.8050670442584895,7.899555359507636
6.169610732491456,6.263555233270925
9.77854771798028,9.628015252788535
6.300785794663244,6.414574030819583
8.109826276018477,8.167041143639251
6.466144724237619,6.554802374450912
7.442492722794441,7.488227426058213
8.406708458240965,8.38349308985263
8.09712193091871,8.123112759874491
7.662937850461535,7.642076796107632
8.909370405197466,8.81870663837285
7.564757012905729,7.509179093704674
8.766705997750515,8.774247594423692
6.9985096422506015,6.827236964361879
6.60934924316738,6.485725746812507
6.823286122355687,6.849155461636887
8.528133131454572,8.531349985340889
7.94873845481361,7.942274782673445
7.5822291942764615,7.502317909876604
9.499870735285581,9.399037726161236
8.453614209773367,8.273502411573892
7.3537223303996315,7.3718624621953275
8.409385238781931,8.406676397674449
6.300785794663244,6.4190494244781915
6.70196036600254,6.819644460460052
7.853604813097837,7.8169161997489045
8.408716715080153,8.429615357074896
8.989444293202451,9.024766303721638
8.475328987317539,8.406995743613782
8.17948018535889,8.22043840682436
8.435332164935916,8.523863330694788
8.244071270295786,8.178975680762212
7.037905963447182,6.916976757344146
8.47345026846832,8.550247599829527
9.259987311865597,9.144791659098196
7.144407180321139,7.228725760248746
8.002359546252707,7.945130537350625
8.882391706295847,8.767203802613246
9.076123029856374,9.012876213441196
6.858565034791365,6.856634362310936
8.305731144875866,8.368444333934535
6.739336627357174,6.6892338873450825
9.630825446840733,9.562321032678597
6.692083742506628,6.720934756075644
8.47407690034261,8.463837260577154
8.049107721326406,7.850791908185014
6.543911845564792,6.524632807924738
7.442492722794441,7.5181144188056805
8.153061946801051,8.09887152872714
6.777646593635117,6.662589727744805
8.415603335654604,8.232741983243423
6.9411900550683745,6.733589004006604
6.529418838262226,6.6173650299815305
7.962067308753666,8.033071060834951
7.67275789664251,7.679114117654147
6.161207321695077,6.30130557717695
7.051855622955894,7.1359972576938855
7.138866999945524,7.149923289308977
7.956827122090111,8.077670023257115
7.893945138235959,7.831412565290476
9.218209330354878,9.192401523035338
7.581719640125308,7.558967976727304
8.35983738064003,8.465849433936832
7.105786129481271,7.07615780508395
6.502790045915623,6.562236783820459
9.35668926831132,9.316324519836513
5.932245187448011,6.1313549583919515
7.367077059881012,7.308936328908341
5.934894195619588,6.185546678969065
8.628376720376853,8.589316242256679
6.823286122355687,6.8780801639975095
8.74257423767064,8.685486348842227
6.98933526597456,6.742394150815766
8.392763113038061,8.302074209752792
7.958576903813898,7.976832301153072
9.48288342558516,9.496167351087337
6.666956792429207,6.818338606423555
6.776506992372183,6.659215627005337
6.194405391104672,6.303849869285514
9.171495588152615,9.212794339009912
8.07215530818825,8.075210033945302
9.217415285648144,9.201875990735358
6.411818267709897,6.21200115837702
6.976348070447749,7.001483089058832
6.692083742506628,6.6769769110202395
8.599141774063405,8.40186505263832
7.004881989712859,7.057887802084244
6.380122536899765,6.41903481389
9.660460120624778,9.628767786053526
6.324358962381311,6.187211249381985
6.418364935936212,6.5396708401349475
7.784057002639929,7.749718569055574
9.379238908437996,9.297026258367863
7.544861068658458,7.651051259552867
7.834788107388194,7.803769335060186
7.222566018822171,7.234206151940644
6.771935555839602,6.665099360997383
8.056743774975313,8.080880326630432
6.338594078203183,6.493009485871611
8.257644958208228,8.181400365579632
9.088172738001974,9.107465811878354
6.918695219020472,7.050920591124184
8.017307507688582,7.880301052120273
7.5766097669730375,7.625220846994731
6.3818160174060985,6.483103801623882
6.3080984415095305,6.169729887093928
7.759614150696903,7.724116538553023
8.576405051048084,8.412900244464627
7.637716432664798,7.697178797692492
9.27284557732758,9.397920221340273
8.466320861042481,8.40186505263832
6.6293632534374485,6.445282821281977
7.404279118037268,7.445904311462957
6.914730892718563,6.731766161765602
8.655214489313613,8.620009334091693
6.8501261661455,6.892095816896715
8.801017833540714,8.922645182095158
6.473890696352274,6.538864283620469
7.79770203551669,7.826973913405685
7.3938782901077555,7.407544981468013
8.119398589612294,8.229802014634846
7.117205503164344,7.063022603126749
6.380122536899765,6.515783415577937
7.055312843339752,6.9350925073201015
9.077151777732437,9.09018878412369
6.437751649736401,6.519431179075342
7.972121128921655,7.953986794776527
7.488293515159428,7.453530953596117
9.638219074921247,9.660794972083682
9.078407700715356,9.06851293770318
7.123672785204607,7.061273219634518
7.993957547573565,8.002767925154101
8.392310009269547,8.531383826005847
8.503499864284235,8.563845602184049
8.3654396361887,8.457262125704622
9.24541789858888,9.277996811408846
6.315358001522335,6.25171957346631
9.020268861722167,9.044383599186636
6.3818160174060985,6.475669732881662
7.237059026124737,7.115541224240535
8.955706153570603,8.84474583722605
6.434546518787453,6.489270923910143
6.566672429803241,6.49290204602771
6.198478716492308,6.229582143451749
7.933796874815411,7.819336762770859
6.734591659972948,6.738316403216487
8.352318548226004,8.383731739442563
8.206583614320753,8.213980445171039
7.88193748927207,7.872266108393443
8.520188700396035,8.388460556111449
6.992096427415888,6.949338840288681
7.765569081097317,7.850486481589344
6.982862751468942,7.0552609669897635
8.128290171607052,8.146499814948246
6.645090969505644,6.7220060038842915
8.5422759717837,8.49753637945343
6.466144724237619,6.6050773772286755
6.635946555686647,6.766209517289884
8.716699572964293,8.813104763985416
6.943122422819428,7.071582981291116
6.5998704992128365,6.604650961796883
6.320768294250582,6.369852759382455
7.785305182539862,7.8066339499545165
7.052721049232323,6.824989849254277
5.910796644040527,6.019085698605164
6.760414691083428,6.669699451724071
7.913521017283895,7.9965295580038545
7.368339686311381,7.137255957248554
8.617219505483362,8.562945871040766
6.12029741895095,6.12872591341784
7.782807262839695,7.795955348522866
8.417372856134026,8.550420318741148
8.860499167616016,8.915187237637099
7.166265974133638,7.075155709425244
7.00397413672268,7.0234485809808955
8.436200032206706,8.445163210913824
6.774223886357614,6.514498840463025
7.775695749915245,7.854070384741609
6.597145701886651,6.725157431882348
6.920671504248683,7.13127425621824
6.455198563340122,6.53162148521378
8.344742754417545,8.336085590120641
9.146015161419625,9.119411983050929
7.57095858316901,7.646021341382992
8.450412157725886,8.49753637945343
7.450660796211539,7.3870536907784174
6.999422467507961,6.959959188956819
7.536363938404511,7.641125005864042
6.51025834052315,6.573837743611213
8.14902386805177,8.118239458438172
8.93958096672031,9.127992726140171
8.920923462230686,9.074706048281827
8.061802274538348,8.403399453146225
6.597145701886651,6.698682585439931
6.829793737512425,6.819101757707708
8.52872642722991,8.403820189968938
6.608000625296087,6.774113796398804
6.608000625296087,6.495061302930282
8.852235835227855,8.772315611939238
9.687319614958344,9.467620233980966
8.332308352219117,8.362596060947075
8.17103418920548,7.985107087757659
6.57507584059962,6.691627199148464
7.869783902530146,7.884780735156913
7.468513271496337,7.586501125991902
8.087025470667701,8.03789290652896
6.326149473155099,6.191932890252799
8.298041661371565,8.1111071329864
8.82893352896109,8.922445627815883
6.102558594613569,6.172474389947594
8.386172928977834,8.36425332613208
9.564371824969498,9.562321032678597
9.660906307329443,9.687731061112551
6.874198495453294,6.889245707410174
9.418816886246988,9.55459478689007
8.32579052588609,8.333343935422517
7.255591274253665,7.369563726139475
9.661543371758201,9.647779409214925
5.971261839790462,6.016046854720989
9.092457331319466,9.011704259342107
7.221835825288449,7.106527537054732
6.618738983517219,6.38020818882695
8.908964972392399,8.939770030599242
6.672032945461067,6.692520988784654
9.135832319801121,9.107020074286668
7.717351272185329,7.491745981205849
8.146419323098003,8.385338671898207
7.930925372483388,7.8285908237693524
8.835355971121606,8.720208904198701
7.621684998724611,7.616219473042267
8.104703468371108,8.204908769042106
7.744136627627991,7.766641078538495
9.351232110673664,9.32430838317621
6.639875833826536,6.759153490221382
6.943122422819428,7.021242851171859
7.656337166430183,7.5729322988504695
8.468002947225466,8.522379811927065
6.07073772800249,6.140922285545958
9.420520256898534,9.567967436156607
9.763823105408154,9.709747835569216
8.55159461813357,8.541051969983794
8.061802274538348,8.059106383089905
6.84587987526405,6.781665543692879
7.531552381407289,7.556062135379259
8.933004591578547,8.915583094823754
7.252053951852814,7.242161504501651
8.411165786770708,8.399243799308536
8.70682132339263,8.680910236334084
7.669961995473577,7.655877607831639
8.452547997922705,8.451491911701098
7.275172319452771,7.219400037312578
9.33459133431404,9.179354609196613
7.017506142941256,7.066369806258676
7.438383530044307,7.418570003232819
7.374001859350161,7.387599834314001
9.408125088823502,9.227014371190561
8.39479954320217,8.434967034444798
6.4692503167957724,6.561905458883393
6.186208623900494,6.254992889473896
7.622174594817622,7.7296874502875665
6.951772164398911,6.885748667304697
8.531490496117062,8.463649714688158
6.444131256700441,6.443831150778007
8.343315881404946,8.392808777609197
8.9851948179913,9.21342409177514
6.634633357861686,6.5858214319825015
6.439350371100098,6.487505745184616
7.761744984658913,7.745513073090391
6.9167150203536085,6.6739129662935825
8.6652683094816,8.65312529315753
7.126087273299125,7.0255889798125475
6.594413459749778,6.632156886206766
7.745435610274381,7.7185023250645175
9.826066405567543,9.693333297759361
8.374938143835367,8.206762011296352
7.365812837209472,7.402961736603852
9.443830215344537,9.478909331370176
9.540578933841877,9.56341846799376
6.439350371100098,6.475537147920233
9.743670851082243,9.686673512941526
5.937536205082426,6.103352726016725
8.56522116042682,8.587277304991293
6.879355804460439,6.902324128451776
7.485491608030754,7.444133243488051
7.804251383528112,7.859707081965066
6.742880635791903,6.812169417648893
6.655440350367647,6.504190637388958
6.267200548541362,6.483539690015789
7.84971375760487,7.799771944458144
8.593413217327646,8.655536352035119
6.610696044717759,6.689291692330253
7.0707241072602764,6.982635817426698
8.81744592104187,8.807193824970035
8.261009786023827,8.466532377994769
9.488275092973083,9.573572054377932
7.396335293800808,7.318428346752964
6.267200548541362,6.307686362230286
6.966024187106113,7.026701904089031
6.900730664045173,6.810208206972162
6.921658184151129,6.877580346415865
8.325548307161398,8.304171654468284
6.778784897685177,6.6535721923662035
6.444131256700441,6.291706712933496
8.346642090221199,8.455184473010181
6.921658184151129,6.820942460440217
6.480044561926653,6.450814533340869
8.473868066677865,8.405729974533392
9.752257603219848,9.601165237150607
6.655440350367647,6.522669338248949
7.355001921105257,7.205364431804639
6.80128303447162,6.6929758490373095
7.672292455628756,7.726277844010181
9.137124309644923,9.148659137216894
9.647756241316175,9.683836878254736
8.169053149927343,8.093475681843282
6.828712071641684,6.767247089508141
7.437206366871292,7.542209317535663
6.467698726104354,6.545957836548189
7.5822291942764615,7.67027346463297
8.074337694089515,8.15968190930197
6.343880434126331,6.34215362816146
8.431417414394833,8.467971789974301
7.868254265520613,7.792117053772657
8.182559264068665,8.222095098341558
8.247743887225516,8.232121147099608
8.810310466357958,8.71443722278334
5.978885764901122,6.176373088365226
8.395477432732141,8.35348591833558
8.281723990411392,8.332235947795882
6.852242569051878,6.713317977156804
9.200391041122515,9.121744263735046
8.632305998516742,8.557052958010742
6.883462586413092,6.774082196051893
9.671050954310326,9.657306255035586
6.315358001522335,6.394944345294411
6.752270376141742,6.7108431887801565
8.840724916761715,8.825362802330513
8.430327258394575,8.385338671898207
6.688354713946762,6.52728761047552
6.720220155135295,6.51642652957566
7.552237287560802,7.519715628725949
8.390949464841986,8.53095637375592
6.651571873589727,6.757223676090209
8.328692583545568,8.321715461349147
8.776630098427717,8.690769998925406
8.00469951054955,7.97581561237162
9.018574356354229,8.925529345095226
8.968396191198256,8.907241893731497
9.096947684621092,8.994440695171216
7.77863014732581,7.71710641864247
8.36264243156764,8.312929913339987
8.339023005744759,8.32335308865216
8.454679286026995,8.393757049220898
9.686450319653678,9.612081515779229
8.730851903519232,8.713618519600402
6.246106765481563,6.385423830079684
9.695109453422392,9.695771342639
6.654152520183219,6.72635625033833
8.57866451350434,8.616253760133302
6.543911845564792,6.55930917427402
6.045005314036012,6.152086964720763
6.778784897685177,6.661714943324838
6.56244409369372,6.5741897200404615
9.336267928573973,9.207463655678918
7.845024417241484,7.881021682105447
7.841885928984623,7.857998229605742
6.661854740545311,6.724878665678486
6.467698726104354,6.562929324544957
6.07073772800249,6.107341141835632
6.9985096422506015,6.8305375560771955
7.504391559161238,7.578372978163316
6.70196036600254,6.817099664901644
6.655440350367647,6.500433336026712
7.584264818389059,7.5822944711490265
6.129050210060545,6.237713881313459
7.52456122628536,7.469253879215625
6.672032945461067,6.7604662236933475
9.437157168656688,9.307139808316313
7.013915474810528,7.039851573341873
7.150701457592526,7.1168096428284535
6.612041034833092,6.520613316628507
7.664815785285735,7.678905572356554
6.732210706467206,6.846669596885898
9.212438170058329,9.276060303167172
9.105090961257085,9.056885438975876
7.195937226475569,7.125410233227674
9.355392643675321,9.343257875976526
9.015784277513886,8.882400686387651
7.77485576666552,7.846820507540962
7.010311867307229,6.846309445745628
7.017506142941256,7.069293736634618
8.332308352219117,8.327615268569303
6.100318952020064,6.1110131308117035
6.963189985870238,6.940139200737842
7.242797922793756,7.156175684880709
7.828834527588089,7.8168875657619274
6.406879986069314,6.488286772387555
7.703007682479236,7.6918524194369855
9.750860711077213,9.747138440758274
9.794286337492364,9.715787152080392
7.142036574706803,7.076592159542382
8.219056661060598,8.054157723252574
9.032050676295599,9.044991175617259
8.894533135798554,8.904127414839252
6.985641817639208,6.9041553271199785
6.523562306149512,6.461563299628361
8.060855752934316,8.310988499333428
6.274762021241939,6.235127815041953
6.745236349484363,6.762473411369004
7.9676267393338165,8.240888663928862
6.773080375655535,6.794713923152731
9.21890360263667,9.320668348989754
9.203819154985917,9.089969473501215
8.330381569349418,8.351050448143274
9.069813136839207,9.088555836898909
6.248042874508429,6.427941565810634
7.754481547470383,7.873078184958858
8.153061946801051,8.166868349030478
7.124478262493424,7.211890068427152
6.159095388491933,6.236930830733019
6.161207321695077,6.245688959934599
7.066466970136958,7.107835961113284
8.99528899055931,9.105952636678236
8.45638105201948,8.567906854338904
7.504391559161238,7.448242980505406
6.331501849893691,6.399695396464209
6.698268054115413,6.688003718163719
7.976938756959434,8.205439384829146
8.502891406705377,8.606248160765459
6.838405200847344,6.792852651806223
7.1372784372603855,7.26373026543385
6.829793737512425,6.802546039320363
9.117896081584902,9.117566006830446
7.521859252201629,7.472926966549497
8.666647144584575,8.629588178685323
9.017483513266844,8.949558880207563
6.398594934535208,6.185010071474562
7.8582541821860294,7.798114974762741
7.520776415062797,7.5323279737806965
9.029777268197092,9.004638442334327
6.659293919683638,6.748478288662653
7.181591944611865,7.147061277618378
7.197435354096591,7.408418188037336
7.958227192322312,8.054377046135668
7.490529402060711,7.676699686596625
7.237059026124737,7.152296020080543
7.6953031349635665,7.682599905350868
9.514363204016016,9.521783934057709
9.239510749275963,9.256681842421226
8.091933455979893,7.964545552737689
6.963189985870238,6.96222130887465
6.926577033222725,6.961144470330823
6.045005314036012,6.155204540765251
8.930361883909434,8.904398780463477
6.459904454377535,6.475365678450844
7.956476798036782,7.888677320544704
7.936660155225426,7.918294168248357
7.620705086838262,7.7132569344597615
6.771935555839602,6.761584398012443
6.2285110035911835,6.141698590792242
8.404472321352118,8.357472179792685
6.570882962339584,6.741195212718209
7.247792581767846,7.348562933773425
9.7538848483049,9.688162203107757
9.049702026013371,9.029450247191425
7.890582534656536,7.7946863324787445
7.655390644826152,7.68152133216903
8.387312270561717,8.336411882376963
8.61993026886735,8.429593586451935
6.444131256700441,6.298979711925791
6.767343125265392,6.8452397376021645
6.880384082186005,6.764004353507809
8.501267040865978,8.539019066676037
8.189244525735901,8.167653709529624
8.92930284224307,8.879490565703303
8.44741429680832,8.413036543711264
6.688354713946762,6.7801565502848415
6.892641641172089,6.696382468252841
9.142489705068009,9.105950906353769
8.27563105457801,8.302958329593071
6.761572768804055,6.808701673157786
6.566672429803241,6.6050773772286755
8.961622569542543,9.045374026339971
8.656433258507741,8.677041361201226
8.15908865466791,8.201790037884148
7.802209316247118,7.792929030397914
7.270312886079025,7.343829601417117
8.405143687607614,8.37551255517837
6.343880434126331,6.466512701640657
8.455955881945048,8.355133678587903
9.698429468768303,9.646664238516832
7.7284157798410416,7.742102822509783
7.769378609513984,7.88914995730136
8.909910726701899,8.934585974564856
6.641182169740591,6.518516241067266
7.406103381237015,7.425882947131162
7.43543801981455,7.45089877189724
7.1098794630722715,7.094959697517953
8.320448113956559,8.473101344634124
6.194405391104672,6.259261325229399
8.305484017727691,8.260149552614102
6.926577033222725,7.010777852751559
6.315358001522335,6.370579075379173
8.62317351495347,8.53494501480912
6.985641817639208,6.838287843062701
7.584264818389059,7.599463212068064
9.517530910816006,9.37852860488519
9.549166977751137,9.603439952283543
8.345692873253865,8.374245038106517
9.364519622823858,9.323353857375425
6.274762021241939,6.2260518497613155
8.117908942383155,8.14191588333984
7.763446388727362,7.827205999267141
8.82379514872053,9.171602505870595
9.378478484253662,9.644085374108593
8.560635749259074,8.61214070089578
6.829793737512425,6.733875693573351
7.022868086082641,6.831270434801323
9.224243277145174,9.236464011529137
8.569785641535407,8.524482543622577
6.194405391104672,6.312876369515079
8.164510268747042,8.289185075769645
9.1503780308035,9.3267382505201
6.2285110035911835,6.199855228123636
9.475393326367602,9.55459478689007
8.369388996647842,8.33337904123759
8.679482094459956,8.62848017305933
9.023408202624545,9.002072928842997
8.252967195000798,8.343147826694583
6.089044875446846,6.181859637174498
9.501366845678353,9.55459478689007
8.332308352219117,8.34683248288599
6.5998704992128365,6.659025509830292
8.544808358449211,8.471822539792699
7.773173680482536,7.732902021096907
8.486115235845377,8.547235299831526
6.761572768804055,6.8039470462774885
7.3987862754199485,7.646460363693319
9.315150736328528,9.314788498098945
6.959398512133975,6.942118880568591
7.975564658495202,7.883513279353695
7.77779262633883,7.942730439103653
6.734591659972948,6.742679660123235
7.7266536648476425,7.738449055784787
9.082961442646353,9.127130934255783
7.275172319452771,7.329175011472285
9.296701537624227,9.481460717920582
8.623353387244627,8.546850185984983
8.560061091643414,8.577051993709864
7.595889917718538,7.540159189568408
9.307104040408491,9.224103573583253
8.35819745992578,8.345755824791299
8.103191752285786,8.191461739418047
9.742614326948043,9.642727257485916
9.007612005404566,8.909053425530429
6.222576268071369,6.403679253763834
6.186208623900494,6.233686694940127
8.877939834725023,8.862187509265901
8.657302899400882,8.670807395889462
8.42463920980563,8.364665562174762
9.199986959896691,9.197279877649938
8.882530508433623,8.85514517667948
6.455198563340122,6.536294168650138
8.722580021141189,8.979674339442022
9.123692565250511,8.979715746346217
6.9985096422506015,6.840061501104944
6.329720905522696,6.506876452848409
7.599401333415815,7.514832613473948
7.2682230211595655,7.3349387826232375
7.746732907753622,7.5618344977958944
7.485491608030754,7.4748709880258986
8.371936178759098,8.087644872137583
9.744667655527264,9.625468246950728
6.484635235635252,6.546761326287386
6.692083742506628,6.730849283183417
7.0909098220799835,7.014398157774741
7.77779262633883,7.759913077496386
8.567886305731756,8.529164064078477
7.135687347028144,7.21109804312558
9.533293058509884,9.533255869722499
7.252053951852814,7.293336078967087
7.787382026484701,7.793993238486506
6.267200548541362,6.348618835561767
6.54965074223381,6.5089001279981
7.402451520818244,7.451847358422345
8.785845337961213,8.758227299639895
7.85748078694253,7.956570374766079
6.78332520060396,6.735059866551381
7.847762537473608,7.9522455301659445
7.746732907753622,7.724213561018723
8.533656917446903,8.500201227745228
8.065265208897733,8.039888177770672
7.135687347028144,6.910832912910539
8.86177531100083,8.871471122176104
8.20849175174038,8.1751351321577
7.902117546276448,7.871309863570851
6.9985096422506015,6.975361249682935
6.594413459749778,6.614849916641177
8.286017468404763,8.344694546597943
8.173011311724972,8.074339335847096
8.744966011114109,8.703762116456318
6.54965074223381,6.432025016481908
6.955592608396297,6.941651757170855
6.80128303447162,6.635011000957595
7.530479995245536,7.765222316244379
8.630700432209832,8.5831323456791
8.482394685873542,8.520233554827264
6.803505257608338,6.779806757256254
6.873163834212518,6.9349611450185025
9.205830216498297,9.22819269600388
7.560080465021827,7.7450865678574115
8.966611387052865,8.878773147081132
8.092239406724211,8.066389409132018
6.863803391452954,6.973724453978023
8.42639282708974,8.48986419392485
9.01881660441743,8.899457331954755
6.07073772800249,6.12336727902706
6.56244409369372,6.619472357995851
6.755768921984255,6.6184367895487375
6.854354502255021,6.78649553082143
6.98933526597456,6.961537236768016
6.763884908562435,6.866415572050045
7.544861068658458,7.590529968041524
7.4673710669175595,7.444365927496167
8.22040309993373,8.231118576570223
7.129297548929373,7.15645386190657
6.597145701886651,6.4275987459809
8.562931083090092,8.488630528433323
9.667955074409104,9.519806876636157
6.709304340258298,6.658496093527101
7.943072717277933,8.095454836668527
6.928537818164665,6.883175957876959
9.699656312254291,9.55459478689007
8.78615105486974,8.875490291600354
6.980075940561763,6.8900802938007555
7.026426808699636,7.17747817405242
9.779000847413124,9.718267164242857
6.9584483932976555,6.844375140971544
6.831953565565855,6.931094161475831
8.343077871169383,8.319438710479686
6.942156705699469,7.001436361894152
8.68609172787805,8.762171800121815
7.9294865233142895,7.840156027173308
7.074116816197362,7.120918807088072
7.447751280047908,7.522405666425434
8.338783971442199,8.135739299589144
6.628041376179533,6.6086200695129325
6.194405391104672,6.30700562412843
6.335054251498059,6.083132008758257
9.641148287756142,9.591999794183689
8.610501368549889,8.578057871501803
6.507277712385012,6.323004647489637
7.543802867501509,7.447947834841137
6.641182169740591,6.5195809604687485
9.133243321591216,9.16117655123827
7.384610383176974,7.66800170061645
7.555905093611346,7.563252864863622
6.54965074223381,6.438259385366455
7.751045117971802,7.831819936511063
7.789454566086673,7.852541705521424
8.11162807830774,8.272943667611225
7.696212639346407,7.669656581590329
8.996899596123358,8.934566763234095
6.885509670034818,7.042685118306891
7.275172319452771,7.268199633457923
7.488293515159428,7.412832096412895
8.491465042843506,8.475588172211511
6.93828448401696,6.978327149607442
8.699514748210191,8.731676142903323
9.67990640549087,9.632171339771292
6.84587987526405,6.75564306364519
7.367708572374371,7.421705408902942
9.557257866458935,9.411322119031256
6.298949246855942,6.120397963726171
8.001355025826703,8.037694935133361
7.033506484287697,6.918056855136756
9.722864552377755,9.682383343948041
8.318498320504338,8.35978017423473
6.525029657843462,6.535671836705074
7.1631723908466425,7.1566065674108845
9.129672468908728,9.036323166306838
7.38770923908104,7.5549677862108355
6.732210706467206,6.770509287662389
7.126087273299125,7.060843301053529
8.16961956172385,8.118212498979164
8.9758830607617,8.77149905925425
8.593413217327646,8.555233660472227
7.271008538280992,7.328032468951092
6.470799503782602,6.575612928177396
6.171700597410915,6.2369111535226045
7.452402451223638,7.477227571417555
7.142827401161621,7.0790764328483995
6.9167150203536085,7.015035728283845
6.698268054115413,6.9273291074602845
9.538636417313219,9.629754156163285
7.787382026484701,7.7094410941294065
6.561030665896573,6.582010850921122
9.338645632129106,9.281671275350854
6.459904454377535,6.583550972931499
5.998936561946683,6.016925886991493
6.704414354964107,6.73691586648579
9.20833836930551,9.168518257943164
6.095824562432225,6.268751241108021
6.9930151229329605,7.04347826354127
7.783640596221253,7.934354169136538
7.921898411023797,7.9316493579795715
7.358830898342354,7.234001205350004
7.564238475170491,7.708124171693468
8.475537516147405,8.35560017182975
9.485696794737327,9.321455691098189
6.665683717782408,6.573329998191207
9.792835282432533,9.717698106888044
6.90875477931522,6.9663176236178215
6.55250788703459,6.63012291312443
9.808022360718061,9.725301259342887
7.98139158158007,7.864520706255524
8.23323750070527,8.252218988576747
9.125871215349733,9.171602505870595
7.344719054149673,7.57219021783537
9.191565216649849,9.254068625298508
8.402679804627477,8.371465543100594
5.8888779583328805,6.06468707696481
7.949797216161852,7.868680751952554
9.630759771866158,9.595670259426274
8.679482094459956,8.633346980995425
6.71901315438526,6.6006767416184715
9.515248225093032,9.52409906553334
8.609772372709331,8.37887127136047
9.533293058509884,9.518416234874458
8.39049553837028,8.364665562174762
6.8690144506657065,6.9905075618699835
8.15478757276852,7.997636491804419
6.967909201801884,6.946975483028471
6.198478716492308,6.259777631170176
9.052984561199976,9.166640063236212
7.240649694255466,7.315458468764681
7.577121930876679,7.579225308032323
7.601901959875166,7.56275065158381
7.5406215286571525,7.526905952642825
6.259581464064923,6.3417996238093
8.213381737034572,8.35276224484401
7.545918151209323,7.533721034184992
6.4457198193855785,6.545985294503613
6.655440350367647,6.568338529474846
9.029178142902074,9.095468897139945
7.901377353792616,7.963657362338961
7.591861714889934,7.58170267432096
9.135077887475635,9.14824211098588
9.702472353294919,9.68956925236943
9.228867676590067,9.323831723368603
7.257002707092073,7.163196282055186
7.400620577371135,7.463465631159262
9.504650430718184,9.603439952283543
6.396929655216146,6.414112930456993
9.37534620656045,9.344520478891846
8.844624683385302,8.791289427368534
7.1049654482698426,7.091672366402855
8.36287583103188,8.33543894947026
9.348535870727583,9.24035077821898
7.808729306744399,8.169911859605635
8.023879992734878,7.972404750953201
8.086410275323782,8.028109372850734
7.818027938530729,7.770503650387225
8.434463543817241,8.38765800907466
6.6293632534374485,6.4548015592038706
8.217708406845306,8.267786058719093
8.305978210967302,8.291120973809377
7.4342573821331355,7.596382717900501
8.279443487712665,8.259349960803995
9.2605580881368,9.259786132418201
8.40290404501411,8.341437228419968
7.484930283289661,7.3779421826532685
6.688354713946762,6.620946614851437
6.56244409369372,6.571070775052233
9.744374580879056,9.675655273144935
6.212606095751519,6.303227805670848
8.16876982367527,8.364665562174762
8.78216942633238,8.774760623560757
6.154858094016418,6.174052066983261
7.824845691026856,7.870463412028909
6.529418838262226,6.6169193167871745
6.52795791762255,6.529923668550457
6.652863029353347,6.822140232259542
7.771488760117616,7.861252994318116
8.81922185757494,8.773230930231739
7.79770203551669,7.803890662335747
8.3133619511344,8.364665562174762
6.939253946041508,6.938138763268276
6.748759547491679,6.730849283183417
7.843848638152472,7.906539743456942
9.510519035757246,9.570208328300803
8.342363500380579,8.363568618173149
7.793174347189205,7.77176614800801
6.293419278846481,6.193638242759059
6.284134161070802,6.203806043035876
8.313852267398207,8.341666086311355
8.52793528794814,8.720782323673014
8.797850648931053,8.652911819496207
7.014814351275545,6.846227523474408
7.017506142941256,7.042692494940013
7.278628942320682,7.406247511222738
9.197356444417888,9.021339514320637
6.18826412308259,6.256177991677206
6.267200548541362,6.473858849258205
6.849066282633458,6.661910596643668
8.535818655539403,8.49753637945343
8.334951631422454,8.339620687398499
6.7912214627261855,6.91990110499934
7.110696122978827,7.078261277988566
6.655440350367647,6.5785041452710065
9.221774749601845,9.131571413631384
9.154087430425385,8.930134697717948
8.424419791263883,8.371824908642509
7.851271997109883,8.053949890623246
6.129050210060545,6.19647390839428
9.085683767376628,9.116131404237118
8.043342170441608,8.096970133054075
9.795568210316635,9.69354758601153
6.838405200847344,6.760867353145739
8.515191188745565,8.513261956672105
6.892641641172089,6.771089924465932
6.349138991379798,6.37749160871567
7.485491608030754,7.42884719868184
8.393216011596527,8.34475134580604
7.401231264413015,7.397429482624474
6.380122536899765,6.476339321842702
7.048386408721883,6.930085244293159
6.565264970035361,6.386761798300762
7.429520842786462,7.467377179811101
6.752270376141742,6.701782020152286
6.7357800142423265,6.78068148405695
8.773229786032473,8.693203092149592
6.902742737158593,6.944395425066964
7.682943169878292,7.607155005130929
7.409136443920128,7.137298068442722
6.921658184151129,6.729833758103137
7.862112211662748,7.922257728068805
6.852242569051878,6.7821652908848025
6.354370040797351,6.271660412123828
6.259581464064923,6.276428665761233
8.33110454805304,8.369951381421508
9.28961355287069,9.212794339009912
8.122668023346407,8.12338485795035
7.946617563244473,7.946320400072854
7.8160138391590275,8.007282438767792
8.374938143835367,8.2427553552481
6.406879986069314,6.4897399149045905
7.068172000388042,7.075464921524022
6.715383386334681,6.737836810992294
7.614312146452,7.748739112366071
7.221105098182496,7.124705293133645
8.491465042843506,8.50790183982951
7.487733761436444,7.5209029064508455
6.490723534502507,6.6160386807169065
8.247220052745229,8.104151091861961
6.731018100482083,6.792377829633855
7.522400231387125,7.744884527569197
5.953243334287785,6.083831222760471
9.459073694289389,9.384781385492314
8.816705015621595,8.870231306283046
6.754604099487962,6.7067937006373795
6.810142450115136,6.621898443129469
8.264878262801748,8.351902060886017
7.641564441260972,7.632667532055546
8.98281222234415,8.907728817643724
6.982862751468942,7.029908444390652
6.470799503782602,6.4913754351026665
8.886685639065584,8.92615393159405
6.452048954437226,6.465287715882858
9.495444123413163,9.386614694619938
7.160845906664299,7.451499536168489
7.3727463664043285,7.546330044695994
9.689675328650802,9.632136870381006
6.324358962381311,6.196590715375805
6.879355804460439,6.883765010119524
6.529418838262226,6.600900942884033
6.013715156042802,6.0877390834464205
6.561030665896573,6.583017382820158
8.423541635334782,8.343643444360902
6.5337888379333435,6.629764939701167
7.699842407396986,7.713219504662322
7.503289630675082,7.562235204482352
8.491054533806542,8.342589808945105
8.105609402299896,8.527729018874323
8.228977643358313,8.152362455804075
6.71901315438526,6.5331193790598805
6.478509642208569,6.495159121691999
8.889721799278137,8.82151591716725
7.255591274253665,7.165033009481932
7.499423290592229,7.743329809735888
6.470799503782602,6.605461745224725
7.365812837209472,7.420850332327045
9.798293689657623,9.684323878188206
7.817222785508166,7.87451766977386
6.282266746896006,6.354659031469907
8.578476419833136,8.507148061599311
7.542213463193403,7.526784614003844
6.447305862541213,6.403009213424392
9.079092085366229,9.107580596680938
6.555356891810665,6.659583758162553
8.011355109161286,8.008207245032809
9.273878392780171,9.207888694563815
6.80128303447162,6.834667355694854
8.14902386805177,8.257203033202023
8.722254235179681,8.673483369920744
9.580730826800856,9.559116821593276
7.603897968521881,7.5729322988504695
9.552794680274943,9.537662915461803
8.717518372649767,8.762962867490488
8.31434234336979,8.331615502284551
8.327484416188264,8.306303513530485
6.8690144506657065,6.876644879385065
8.23323750070527,8.350851006849089
6.6039438246004725,6.587337134488604
6.543911845564792,6.723038782395315
7.935945103353701,7.877235451632128
6.54965074223381,6.521547307962449
6.100318952020064,6.115166542255548
8.034306936339489,8.052975279112264
9.06566136060674,9.065671739651059
6.890609120147166,6.913362770699161
8.777092882855566,8.770803716564409
7.432483807917119,7.4187695606025015
9.827092351282415,9.709714265658839
8.418918622147897,8.365099230327369
8.772765209949785,8.880393341148713
7.557994958530806,7.521449341905828
6.594413459749778,6.666649432499998
7.768533300926033,7.7296874502875665
6.354370040797351,6.246646794056274
7.273092595999522,7.371040831229638
7.1284959456800365,6.974993613139693
9.156095357123787,9.171602505870595
8.482187582217422,8.535857316647848
8.764053269347762,8.832141132410014
8.415603335654604,8.376308065357144
7.558516743045645,7.56118376938493
7.062191632286556,7.175807968619909
6.673297967767654,6.6069537758905765
8.969541885423252,8.928746372297494
8.517793011488205,8.587637063334427
8.273846932784508,8.241600974954212
6.75110146893676,6.591038182407513
6.807934943699926,6.817292682390081
7.050989447068045,6.978125024002375
6.86171134048073,6.814862546772497
6.9726062513017535,7.063422752595666
6.18826412308259,6.235203655815644
8.804175018753625,8.803065387407514
8.47345026846832,8.544678212444188
7.983440063006542,7.955620540290059
7.735870319952567,7.72972190251825
6.975413927455952,6.7867005688788336
8.786609455061125,8.725578289788166
6.890609120147166,6.815470593415023
6.655440350367647,6.505424424818481
6.959398512133975,6.946093902419279
6.811244378601294,6.667227384870371
7.843848638152472,7.903898190190471
9.232297539328226,9.172698164678936
6.79794041297493,6.80049524116499
6.3578422665081,6.478881201567862
8.90571557879409,8.90729440422296
6.810142450115136,6.721373998819277
8.28045768658256,8.254621672098832
9.031692060548524,8.981671052285385
6.75110146893676,6.586886488081985
8.68270762989381,8.660344723736701
8.717190933223135,8.646290147954973
8.59044365315583,8.496367239435228
9.060563446657955,9.031118098848745
9.149315670138408,9.317440519965876
6.2285110035911835,6.188646571338097
7.029972911706386,6.964024573147122
8.542080906924017,8.533793303361616
6.194405391104672,6.259261325229399
8.524962928680598,8.554206897986685
6.54965074223381,6.419021886318023
9.24753981296529,9.188651861603743
8.398184404834035,8.478860602560266
8.598220030058611,8.609349931116073
7.164720378771857,7.200434302408573
8.129764445794171,8.11080085986953
6.733401891837359,6.559958462075327
6.71174039505618,6.790917324465746
8.852235835227855,8.820603181289236
7.907651594711089,8.016265093905485
6.835184586147301,6.857109899496578
7.917900586327916,7.8966606254208545
8.950014029534257,9.040987809015377
7.785720896534624,7.854367577835663
9.667891793282678,9.70879120453415
8.83127373772255,8.53931336057723
6.630683385642372,6.496425399649925
7.729735331385051,7.711788281615808
8.072779333169498,8.06050434292262
6.654152520183219,6.72758075682938
8.002694162283937,7.939881748620651
9.606024468229242,9.606687425648516
8.789812386190972,8.710461244943405
9.19664704484418,9.078368420235087
8.120291313968561,8.104493724694683
7.349230824613334,7.393115368492254
7.5740450053721995,7.577928982910669
8.140315540159985,8.199278180642642
8.82497196556714,8.67808235640117
9.671429383832344,9.587915677197762
6.705639094860003,6.73716731280366
7.579167967396076,7.585652770962514
7.216709486709457,7.361134095143826
8.597297435657898,8.591640580273737
8.27563105457801,8.208146471172942
6.71174039505618,6.683355988110299
7.693025748417888,7.717139658706615
8.068716192714781,7.995292342002242
8.995660899074103,9.056728316765012
8.510369966068112,8.463466184517134
7.003065458786462,7.065122539586039
7.427738840532894,7.385438658020157
7.99260665240021,7.885124324051452
8.569785641535407,8.425450548213904
7.039660349862076,6.922028592945703
8.720950028930258,8.78474462481321
6.651571873589727,6.67690308504177
6.1092475827643655,6.166182659253846
6.418364935936212,6.449002627619008
6.501289670540389,6.587028268986697
6.739336627357174,6.660124737924723
8.318010277546872,8.250049477904524
8.910585718290132,8.728793445881372
7.53689712956617,7.563252864863622
7.930565854233965,7.92472475018343
9.373818840968658,9.336683671403843
8.257904193465674,8.294416423511288
6.977281341630747,6.883329865958284
6.732210706467206,6.7659792222585455
8.404472321352118,8.393313123469687
7.8160138391590275,7.85451787139074
6.4457198193855785,6.630465950128899
6.349138991379798,6.442661818767978
8.434680769841773,8.491171622922389
9.178230318057949,9.208824372600473
6.529418838262226,6.59840021267993
7.064759027791802,7.0714079692969865
6.80128303447162,6.971728589022679
8.256866848974312,8.342309151398673
7.45182223652793,7.458160086308143
7.024649030453636,7.022095671684093
9.731690419198387,9.624434948755441
6.761572768804055,6.842495307770586
9.226705726062447,9.212794339009912
8.536407410340042,8.500644393582874
6.79346613258001,6.8120234418050805
8.20685642839965,8.385218469928251
6.126869184114185,6.165605553377162
8.818038250394299,8.7947141362075
7.356279876550748,7.345542275774837
9.797515738962685,9.631047336150795
8.34711636103872,8.312929913339987
7.4770384723196965,7.5563359490154225
7.640123172695364,7.635796740086238
6.2285110035911835,6.2059769621804515
8.764209507142004,8.756263937838018
6.4457198193855785,6.618361849782791
9.414260328322634,9.316816399369014
6.371611847231857,6.388060081168159
8.47345026846832,8.5003819561193
7.138866999945524,7.19158108054931
8.42222295382501,8.523588421525755
7.2813856635702825,7.176049234538464
8.228710798793687,8.230054866214928
6.466144724237619,6.493304081722282
6.584791392385716,6.719704984477398
8.846784666945227,8.792334649761223
8.738414897167749,8.68536940164295
7.3901814282264295,7.353088492354898
7.952615111651,7.9269426451432565
6.470799503782602,6.535033962599181
9.737964114018055,9.590634107269652
6.672032945461067,6.766761438826893
8.768263145371286,8.61640248065177
8.344267356262645,8.305222067451355
7.5406215286571525,7.488131167113303
8.095293776844649,8.171508474184199
6.852242569051878,6.732611216158397
9.433483923290392,9.346482323941807
6.447305862541213,6.494320018678669
6.882437470997847,6.885748667304697
8.771835409789817,8.73837598661437
8.532081803909987,8.473446083430142
7.455298485683291,7.398103812427
7.627057417018934,7.744964648291037
8.68169016329764,8.599466459041757
6.871091294610546,6.893553944547019
9.254165851516213,9.212747517308967
6.3578422665081,6.288264489624721
9.100190628475195,9.092528727404877
8.520587424484253,8.597859484738365
9.336796795928741,9.22122553329221
8.337827262447915,8.289268148448755
8.00469951054955,7.8997291001788446
7.784473235736469,7.7706966883030155
8.491465042843506,8.553857541477464
8.789355452209982,8.630108189431777
7.814399633804487,7.723561679152514
8.873187904050106,8.91112332309186
9.096499555552423,9.04229785675711
8.413830678421084,8.403841012974592
8.25608813381491,8.26594612717137
7.5310163320779155,7.556260184851984
6.429719478039138,6.44105289845463
7.782807262839695,7.776772714482107
8.510168576479273,8.527800693592654
9.087381464575735,9.149291268812904
6.967909201801884,6.837267143332824
8.217708406845306,8.223277616733109
6.811244378601294,6.643144683371793
8.98894529119609,8.981935444666163
6.755768921984255,6.7645355636179065
6.665683717782408,6.779372839821684
7.393263094763838,7.42884719868184
8.751790892775563,8.771295398509954
6.324358962381311,6.4914472571588
8.14002395246292,8.14785552989142
7.065613363597717,6.925623252945178
6.8690144506657065,6.7510463268208305
9.40713994795079,9.228128618110025
7.553810852008231,7.564515346160215
6.736966958001855,6.836868587401601
8.242493153187626,8.203465613796716
8.604104563405533,8.519778983966065
6.481577129276431,6.576715898811028
8.808668062106715,8.80348924865305
8.393894975071744,8.512449001944184
7.703459047867175,7.699238909794343
8.786609455061125,8.811207060593846
6.536691597591305,6.347193300516301
8.9082888855571,8.919993532942943
6.587550014824796,6.515441320009953
8.738575192110787,8.82166787744081
8.079927770758275,8.012674021209056
8.51579221050061,8.446520912420535
9.682653831508809,9.629460548310602
7.983440063006542,8.043945037231374
7.590852123688581,7.53132889567677
7.808729306744399,8.164753468995587
8.725020038618554,8.750369839921376
8.659213451436667,8.614394095428382
7.454719949364001,7.483338715583199
6.660575149839686,6.692262364831822
9.230633075243945,9.298872940715578
6.431331081933479,6.6679086154670175
6.61472560020376,6.796310884196747
6.670766320845874,6.612964773998347
8.247743887225516,8.185667471326722
8.0774471493312,8.068617694192593
8.926517509850122,8.91883157366789
6.61338421837956,6.683804753707768
6.18826412308259,6.361173265229828
7.10085190894405,7.101617328850701
7.237778191923443,7.286095199584283
8.576405051048084,8.601083448705603
7.201170883281678,7.242871388383562
9.1838937219612,9.216998034467283
6.597145701886651,6.433814888502726
8.601534339849989,8.516122334605502
6.849066282633458,6.668803665610057
8.889859587773016,8.874226077910665
8.008032846969307,8.199943345140992
6.951772164398911,6.884425715684623
8.053887083618223,7.985567360181038
8.392763113038061,8.387930772139704
9.054037377580782,8.893275161430088
8.353261499733874,8.41276310412439
8.707152175339404,8.709652478871783
9.1539816383068,9.13894081920373
7.791522819150732,7.695238090362111
8.774776816043985,8.87737791282028
9.099967314494812,9.041623727696567
8.361007108226909,8.383823527196826
8.604471199523298,8.572284648173174
8.593042503699674,8.43128967074012
9.37534620656045,9.483889199694374
7.515344571180436,7.553958079564211
8.494538500851432,8.639607612095725
8.121777419161074,7.972848953392483
8.718172930028725,8.615047218066971
8.952475967933584,8.765224247106252
6.580639137284949,6.551069955399045
8.35490952835879,8.409381128825384
6.855408798609928,6.739036880699973
7.720905251936779,7.6480573134729495
7.428927194802272,7.194846134832603
8.491054533806542,8.457747877600147
7.88344635413774,7.933502217012661
7.2196420401307355,6.994019260714168
6.763884908562435,6.844377586271021
8.720786883485731,8.775025699090246
8.53089883847235,8.494527503359665
8.733916174927524,8.82834502579426
6.655440350367647,6.519672217872662
9.329367078397823,9.303096989911177
8.258681496264236,8.26842914507981
6.726233402358747,6.874685504040327
6.448889394146858,6.513125004960011
7.195937226475569,7.2056361664330755
8.927314111060596,8.897632356210153
6.320768294250582,6.270362851674358
7.433666540166168,7.4295888062856
6.835184586147301,6.837810588019573
8.487764380725425,8.495054653564843
8.517793011488205,8.450819919940141
6.7226297948554485,6.609207016377842
6.26530121273771,6.347482897927628
6.61338421837956,6.514498840463025
7.488852955733459,7.477998600148634
8.715388097366482,8.681463742729973
6.79794041297493,6.846669596885898
8.934323331054905,8.90212254343022
6.672032945461067,6.7301701520822785
6.641182169740591,6.581610723240299
6.639875833826536,6.827502959735985
7.9966538754626075,8.025964983771576
6.75110146893676,6.604939038278863
8.764365720529808,8.684430192670181
8.952864141581468,9.023963336579435
7.488293515159428,7.546330044695994
8.098034756176071,8.081974442543126
7.186901020411631,7.170528896129841
7.4645098346365275,7.428007590967171
6.144185634125646,6.131542361802866
7.050989447068045,7.160666282048925
9.01602720232985,9.009828125023052
7.8160138391590275,7.800137973904643
9.634234615552714,9.748355463311048
8.131236549696116,8.214800330847039
7.9391588179567965,7.972981679182932
9.667068774021889,9.563228058891578
6.587550014824796,6.717232764600592
9.023890304598448,9.036474644840068
7.787796878181171,7.7760925208000105
7.515889085215125,7.458890426694479
8.713910628493924,8.839020241438183
6.953684210870537,7.036941941378795
8.516392871245468,8.569070974914654
6.620073206530356,6.410596258848445
8.508555998020574,8.48164393735991
8.87905466204227,8.944866941978823
6.828712071641684,6.8012851066221796
9.400133943608838,9.37467760446081
8.318742252692399,8.317773237481862
8.905308661189288,8.928650474028093
7.679713639966372,7.803890662335747
6.928537818164665,6.927513724291912
8.954931860074698,8.880704825958274
6.692083742506628,6.728446452743801
7.1891677384203225,7.161393880016265
7.827240901752812,8.015002015742215
8.46674164792014,8.365169706770727
6.565264970035361,6.41343927140752
8.08825472712243,8.134412711546267
8.740336742730447,8.587703251227117
7.744136627627991,7.7234988121800825
7.789454566086673,7.990625165578468
8.546557800046141,8.582737758351419
9.47347357150655,9.497778570611604
7.541683099882111,7.677481423379117
8.598220030058611,8.65338126154188
8.443115988019922,8.249060320954655
8.40200678160712,8.483962924420528
9.676524215119054,9.631331782422075
8.569406062863171,8.620528850348824
7.807916628926408,7.901291375620459
7.580699752224563,7.542523737684563
8.872206756028303,8.963650562191983
8.339500903005945,8.305765856827927
8.29529885950246,8.433177360897428
9.75411709588186,9.709191497101353
7.621195162809845,7.771543004677543
6.8658910748834385,6.801713364380983
6.610696044717759,6.685674621811293
8.009695357742922,7.985359230141954
6.326149473155099,6.476339321842702
6.597145701886651,6.435759656982003
9.306104993960561,9.204494237585346
8.357024439263416,8.383386895330226
8.39185670010494,8.370013046787555
7.853993087224244,7.905011965940178
6.75110146893676,6.594924122924542
8.351138607086154,8.376643007832307
9.28785681440401,9.305474779659079
8.666474894131992,8.544833550500309
8.407601514786142,8.343345606629429
9.166388484447,9.177621862129003
6.186208623900494,6.17617283506116
6.440946540632921,6.579520683163901
8.6328406149422,8.604796752484075
8.237743803890933,8.284598724285873
7.711996507047669,7.805904975272479
8.937218450855731,8.885388714372443
9.38915578944085,9.380580646904757
7.698029170272805,7.6118691185475456
7.828038032125829,7.892627474578946
6.970730078143525,6.984069775236571
6.747586526829315,6.851004682183271
6.315358001522335,6.40317969401703
6.513230110912307,6.503678654321737
8.79527937019457,8.640693983112113
7.905810312658931,7.757920642857178
6.2285110035911835,6.153094754011722
7.119635638017636,7.086578256333657
9.114490046319348,9.146238251768112
9.643485495857657,9.546519212269974
8.10892415597534,8.253913634009901
6.688354713946762,6.591038182407513
8.659386957119413,8.62454867114326
7.277247726631484,7.46919384238089
8.438149984075784,8.408548456897675
6.53813982376767,6.680241783751485
7.9599745280805365,7.909791508383461
7.962763930168115,7.942412294189405
7.381501894506707,7.401767169563788
7.944492163932159,7.997746684755816
7.820439515262181,7.889166313490425
7.02108396428914,6.953599493967004
6.71901315438526,6.783768715492442
7.472500744737558,7.477189365417454
7.2813856635702825,7.2934172985437575
8.22040309993373,8.103750078521754
8.927181388251986,8.824005918626684
8.543250725735527,8.520695336483065
7.575584651557793,7.524007307301482
8.578476419833136,8.49520867780219
8.268218880067506,8.323679684542357
7.930565854233965,8.013566364773665
8.11312710422178,8.023344221286697
7.957177323459475,8.276914506693192
8.495356496807062,8.380895391467087
9.610859937691332,9.563228058891578
9.037057839832897,9.093980087305095
7.736307096548285,7.7600469742567855
8.265907334155747,8.299409330632585
7.835974581721566,7.9325811541060745
7.980023592310645,7.945820521572786
7.5443321080536885,7.407833150217654
7.708410667257367,7.704051560014212
7.400620577371135,7.4517249758733275
6.593044534142437,6.513701434685932
9.561630845638076,9.348046302093671
8.372398606513004,8.316809588192164
8.442469645220301,8.410171517487798
8.24117615049496,8.259963228927107
6.432940092739179,6.408504153154083
7.540090320145325,7.542927943251172
8.492900498847193,8.431290755407913
8.58876938990546,8.921987895276091
6.593044534142437,6.507478317213403
8.54188580400661,8.415236491224011
8.574518258035507,8.765718691023572
6.56244409369372,6.626389245425341
8.941807118363164,9.028743358513049
8.323851131338817,8.312986475300761
9.16408698745872,9.119411983050929
6.655440350367647,6.463509470364034
8.244334047856094,8.314053303231722
8.528924114291936,8.555702507336914
6.502790045915623,6.516090901658132
9.643355794171352,9.70751165641956
6.434546518787453,6.583415596934268
6.306275286948016,6.375799388689282
6.502790045915623,6.570971984795384
7.223295679562314,7.301158932816201
7.377133712833954,7.244975146120923
6.903747257584598,6.769216072897644
6.406879986069314,6.373870781581824
7.173958319756794,7.108000970076445
7.503840746698951,7.464378933398338
6.731018100482083,6.778804715914091
7.752764808851328,8.042221730703867
8.302265794873367,8.339991476419774
6.71901315438526,6.521603776224648
7.496097345175956,7.427708265485514
8.791486026749002,8.842122876209519
8.35936910622267,8.382298211818457
9.476313501265748,9.539206887740738
9.06681636189014,9.156463637746397
6.226536669287466,6.252232563151491
8.974744612722734,8.94673970914118
9.793895875906033,9.64428442462862
7.503840746698951,7.735254027454567
9.329367078397823,9.324957289013469
8.916506080039204,8.957149665609764
8.597297435657898,8.622510973899134
6.848005274576363,6.8933653782404845
8.086410275323782,8.096574978644725
6.340359303727752,6.3734229527738275
8.62748154531036,8.64695276721584
6.727431724850855,6.717729604014695
6.003887067106539,6.107448422271201
8.62515033292133,8.587583998974413
9.132054453577638,9.152399590780528
6.315358001522335,6.397631495482245
8.562931083090092,8.4523919136947
9.127393451155257,9.11857058858943
8.312135107648412,8.348001562869792
8.9445502459405,8.952532658824458
7.3833681469923835,7.400032438011935
9.05321861620397,9.030738085458978
7.485491608030754,7.450857740130712
6.366470447731438,6.508201634357408
9.172949982757624,9.055892908867625
6.726233402358747,6.618024581662907
8.100161446936607,8.217652095604736
8.06211758275474,7.844152098123035
8.80537513890967,8.824377747036333
8.929435283803425,8.830447917272746
7.776115477098742,7.742994413480719
7.814399633804487,7.998588376786561
7.629975707027789,7.786312579866031
6.884486652042782,6.976061518751359
6.418364935936212,6.23388572940161
8.441822884391462,8.482851781634313
7.75491027202143,7.748135912102539
7.67786350067821,7.710575444511668
8.50045386741194,8.64370010714594
6.561030665896573,6.583034594423088
7.239214973779806,7.178610758976643
7.465655310134056,7.416908543322239
6.778784897685177,6.7593978842592195
7.731492029245684,7.836299561706505
8.29529885950246,8.423726106472818
7.222566018822171,7.2726746456722875
7.928406026180535,7.698365061971289
8.394347361417392,8.39011917285487
8.662158961666423,8.391122554872206
8.449556542700426,8.465373792151524
6.559615237493242,6.640079333220487
8.429454277108231,8.373881610345354
9.119540007649686,9.160705631875548
6.398594934535208,6.511255887893062
8.119100837637486,8.182769685979597
6.655440350367647,6.51938540309122
7.581719640125308,7.440365148543247
6.322565239927284,6.20692231670943
8.426611813185,8.330511789696724
6.78332520060396,6.796301312787417
8.879472402074802,8.809268396726631
7.02108396428914,7.087537430406763
8.43750042250699,8.343345606629429
8.271548374755515,8.332422731311862
6.921658184151129,6.866360939639239
9.000976444070345,9.056126235128982
9.001592700945706,8.930054515893532
6.543911845564792,6.604557613994847
7.774435510302958,7.599675004704663
9.562756258994531,9.600063231826475
8.563504094279487,8.588288953924925
7.633853559681768,7.547671464245001
6.313548046277095,6.528976840864214
6.75110146893676,6.785344631523828
7.87777633327726,7.818835392998161
6.478509642208569,6.331388672635234
6.642486801367256,6.679171339216589
9.355825038718164,9.332878755538056
6.338594078203183,6.4146671976120535
6.293419278846481,6.186613009849626
7.452402451223638,7.455460539881892
8.119100837637486,8.105355860433846
8.522777569710138,8.538891994950598
7.687538766201629,8.066150240937642
6.22455842927536,6.31230903862216
9.257605564443297,9.15613883360151
8.509967146324497,8.408730826377639
6.565264970035361,6.439868305679805
8.818630229100354,8.627902965187353
8.170468578330674,8.238805680488507
9.248117736310213,9.217774079134607
8.685077700412423,8.614826044033231
6.668228248417403,6.637129787226266
9.068661593644245,9.060060034933038
9.722624930978418,9.628819273296985
7.897668150726906,7.83117389407737
7.671826797878781,7.724529455617568
7.3833681469923835,7.436982439073532
8.338544879988579,8.387591870437614
7.635786861395585,7.675977678648137
8.426173793029069,8.490502136247
6.490723534502507,6.604650961796883
6.536691597591305,6.342878422713545
8.144679183447758,8.136650440425486
7.738923757439457,7.754451687584416
8.290292591224315,8.49753637945343
6.818924065275521,6.824238274506671
9.099967314494812,9.201067540194765
8.541495483939203,8.319278943907499
6.576469569048224,6.810836544536614
9.67721410821299,9.584204540048798
9.221675881639928,9.292847290998367
7.1284959456800365,6.96429420244341
8.421562960400987,8.37459839231563
6.655440350367647,6.492517291832675
7.5883236773352225,7.564705546241154
8.035278911144667,7.974244663802742
8.687948111838727,8.669211104852309
7.270312886079025,7.235801139096823
7.371489295214277,7.407011584154494
8.292047637431354,8.325290963847644
6.767343125265392,6.867158598040032
8.408493774492896,8.376433689015148
6.464588303689961,6.529826292305572
6.618738983517219,6.38020818882695
8.283999304248526,8.291758938217574
8.88516409509682,8.814694716885334
6.79346613258001,6.823477215135586
6.992096427415888,6.892150559828999
7.470793774195062,7.435086537459438
8.589327789175437,8.38678990499609
6.248042874508429,6.257813860685542
7.241366283322318,7.043588320616057
7.602900462204755,7.601030168658047
6.569481420414296,6.729118703541131
8.93247660846174,8.809268396726631
7.773594467360194,7.76529320753317
7.401231264413015,7.42946161956836
6.326149473155099,6.247206003436281
9.268892258925797,9.304187733761397
8.328692583545568,8.34719294224662
7.533693709848633,7.611761828546927
8.802973456578423,8.814186070234845
8.090708716083997,8.091226800800886
7.396335293800808,7.437276836856697
6.932447891572509,6.858225148273362
8.591929537530255,8.655487399930156
6.406879986069314,6.485855459464438
9.459073694289389,9.36533161562848
8.618846845142738,8.643736104442741
9.527265662897605,9.52812566358624
8.926251835034533,8.878329774815063
9.133675287040697,9.18379253405602
7.158513997329321,7.373112278866509
7.4067107301776405,7.437755332971884
8.35490952835879,8.500649697283471
9.389991700214258,9.323831723368603
9.071537969095724,9.09018878412369
8.676246121270838,8.552916099820951
7.807510042216193,7.757737320498882
9.744022777885101,9.615552519743993
8.692322277628687,8.588963214723565
6.406879986069314,6.486621631237595
9.405249044275608,9.496669933172567
8.01532730902172,7.829471782711058
7.208600337960199,7.243463349111826
9.471087945687758,9.562321032678597
6.558197802812269,6.71880353981785
8.52615293278771,8.370099513872852
8.737131611781498,8.765224247106252
9.2140335438138,9.441795265978914
6.71901315438526,6.834663500593991
9.218705288307811,9.187506492550034
9.210340371976184,9.185843035849134
6.3561076606958915,6.380033093233484
6.842683282238422,6.672512974159487
6.391917113392602,6.471963373728525
6.594413459749778,6.692009406064955
7.055312843339752,7.154729790269344
6.315358001522335,6.310935345965235
7.208600337960199,7.410101610868248
6.440946540632921,6.515783415577937
9.214730720277476,9.557587184823197
8.297045149081827,8.27360316816784
7.051855622955894,7.0329973739604
8.131530710604252,8.185951678064182
8.721928343047091,8.780364023828763
8.069655306886165,7.9995116673573685
9.612198984490236,9.58366798146557
7.747164966520335,7.793876037571078
9.40640045488065,9.507300179146672
7.939515260662406,7.999340191869765
8.446126742982377,8.511019277100665
6.444131256700441,6.339325528019532
9.346617990268731,9.372533257428028
6.075346031088684,5.9946070959463915
6.8501261661455,6.923034114315084
6.717804695023691,6.779140965479071
8.52595469708481,8.518863197411832
9.271811694064283,9.239666459569237
7.465655310134056,7.16934127077105
7.749322464660356,7.772381584945453
7.807916628926408,7.893160309518829
7.593877844605118,7.587471288337512
9.058703197313223,9.126395901320391
9.48721424571136,9.55459478689007
9.634496378527837,9.597169985949694
9.328034514792826,9.289256399955052
6.943122422819428,6.863143325154462
6.498282149476434,6.612833463705245
6.261491684321042,6.170402346169507
6.040254711277414,6.047522194673906
8.383661798791715,8.443037176028986
6.525029657843462,6.537215262752697
6.529418838262226,6.315755464669323
7.431299675155903,7.366179922309043
7.644440761556566,7.57578903644812
8.429235912657095,8.409381128825384
8.441175704992322,8.485868301647523
8.438366410870266,8.417043718602603
8.746080217357513,8.75849715066685
9.576995349297256,9.575094833939355
6.214608098422191,6.409230902806693
8.41027590907016,8.442952329565436
8.518991573357617,8.545634668133145
6.338594078203183,6.6173650299815305
6.5998704992128365,6.667860437162917
6.873163834212518,6.7438422107519305
6.18826412308259,6.231945886605339
7.537962659768208,7.563252864863622
6.863803391452954,6.816228668849529
6.957497370876951,6.95814730950805
8.253748343328501,8.317306272165125
6.529418838262226,6.568768276370282
8.55159461813357,8.454763859956664
8.74878098951311,8.693148650966924
7.222566018822171,7.224588965957825
9.72418144470263,9.683998631819593
7.554334823725748,7.482466485395654
7.537962659768208,7.488889467062823
8.564458383883352,8.49854393059144
7.651595573857601,7.589567403820169
8.542470998600505,8.368463596479744
6.720220155135295,6.678328726094672
7.499423290592229,7.5563359490154225
6.734591659972948,6.732318783130743
7.036148493750536,7.1095000665943555
6.55250788703459,6.545722098790018
8.902863672196222,8.946850704191434
7.593877844605118,7.586501125991902
8.781094735202615,8.902528409320684
7.620214770574455,7.762396675794137
8.301521654940728,8.400079612231798
9.070388411548738,9.021636858754393
6.040254711277414,6.058158488728078
8.610501368549889,8.569709051334392
8.399535147948004,8.447542762724398
7.016609683894219,6.869074295832136
6.862757913051401,6.819625281356285
5.948034989180646,6.1680280564522
6.71901315438526,6.7837332424249075
9.75597313724758,9.685374448442577
6.838405200847344,6.760597764018459
7.470793774195062,7.549501709640956
6.588926477533519,6.6519492103228055
6.063785208687608,6.115121911877723
6.890609120147166,6.899558528680535
8.219056661060598,8.308100326959346
6.0867747269123065,6.265344253659654
6.421622267806518,6.56121487303593
6.837332814685591,6.743142227017558
8.754476306284166,8.472981840513832
7.255591274253665,7.205467429306731
8.998754769495703,9.060060034933038
8.310414994188292,8.277383598924521
8.003363058629947,8.042088154629324
9.03336450150698,9.093251355637808
9.050992878742049,8.95672003648236
6.3578422665081,6.19888780900411
6.616065185132817,6.65815262650214
7.8674885686991285,7.798803793734623
7.4377951216719325,7.422887151836757
7.05617528410041,7.08818937048197
7.044905117129371,7.04277513073898
8.189244525735901,8.077294649445735
6.470799503782602,6.496425399649925
9.104979856318357,8.990834972168892
9.642447411030767,9.566486776403645
6.396929655216146,6.585840982452127
7.488293515159428,7.507969152275051
8.848365694942547,8.805494340966883
9.709902803463462,9.58807923940316
8.468423027046809,8.333186271541635
7.401231264413015,7.3802659115885225
8.391629968440892,8.354579285569843
8.159660737063376,8.159616360591347
9.530174967444372,9.474187375886856
7.752764808851328,7.7479754267745
8.441175704992322,8.485868301647523
7.451241684987676,7.469276282552133
8.276903481267057,8.256812301966674
7.77779262633883,7.7296874502875665
8.66681936537205,8.712761102154607
9.80006959333764,9.737241000782614
6.6293632534374485,6.43324742911722
9.727883383489697,9.677847854323211
6.295266001439646,6.393869063309315
8.010359588919783,7.953990245817338
6.226536669287466,6.341069757692648
6.19644412779452,6.282395643943322
7.370860166536716,7.571780884801119
8.051340933292979,7.953030466810812
7.80016307039296,7.808805609629633
7.9102237070973445,8.065572502678558
8.725507328484445,8.609698275111345
6.960347729101308,6.929890866796908
8.348301054933943,8.377942682994606
7.253470382684528,7.262156427507659
7.509335266016592,7.528193091123729
6.984716320118266,6.955463512075183
8.477620416296414,8.387914521599653
8.934323331054905,8.846008961514608
7.867871490396322,7.714067084116698
8.704833909687792,8.606965879604903
8.605020901781758,8.588744789417603
6.169610732491456,6.261617573889977
9.582455500402792,9.55459478689007
7.5766097669730375,7.459707709182148
9.003070169818264,9.100504830170053
9.001222992395064,8.99540652124716
9.762960317399152,9.707393579219488
7.140453043101158,7.18074341575845
8.308691916838898,8.495071236065012
6.180016653652572,6.121348673726985
8.795884972029885,8.77840928702244
6.80903930604298,6.768201902460159
6.20455776256869,6.260607305340738
6.70073110954781,6.582404447315809
8.591743922680534,8.521579013078403
9.636457419815208,9.56027847381669
8.474494436883122,8.405521944023153
6.448889394146858,6.34268478278584
7.4798641311650265,7.56017486021761
8.533263371593732,8.541354274818215
6.411818267709897,6.48187585284492
7.669495251007694,7.649866050225995
8.200837258379849,8.120727286083733
7.7437032581737535,7.692044744206602
7.703007682479236,7.6404418297905226
7.16703787691222,7.118889400137129
8.264105763728956,8.351668595716523
7.890582534656536,7.883826177637464
6.311734809152915,6.379524061735475
8.098338846189057,8.33450946971069
8.357024439263416,8.379091759571729
6.739336627357174,6.6966263930405985
8.904765846682814,8.953420885699275
9.340491056441229,9.306522356434321
7.355001921105257,7.429805833343172
7.606387389772652,7.6388927079264555
6.529418838262226,6.601588590313866
6.856461984594587,6.838829225264172
6.104793232414985,6.195497854851673
9.084890521258767,9.442185881306154
9.18039649560311,9.212794339009912
7.458186157340487,7.444010720612694
8.102889134640868,8.192589218743361
6.003887067106539,6.1935643969751215
6.529418838262226,6.506224609282738
6.777646593635117,6.783088047712979
6.900730664045173,6.796244316344316
6.8690144506657065,6.881510570837658
9.497472293122483,9.279255026511612
8.622633703874234,8.588963214723565
7.627544390488503,7.446521690812745
6.838405200847344,6.894630585189713
6.396929655216146,6.7398491364307915
7.1569563646156364,7.056221426251988
6.580639137284949,6.498309783453722
8.857515151192198,8.785114642564931
6.561030665896573,6.583962109915053
8.240385115516334,8.308823438958223
8.78462153484075,8.86114817566919
7.401231264413015,7.36576476647914
7.9966538754626075,7.755243991834542
6.950814768442584,7.030624949710685
9.719805070102831,9.732509855021565
7.362010551259734,7.345542275774837
6.2285110035911835,6.133526907642544
7.23561914106675,7.2891061207411685
9.69239608224606,9.548459831726946
7.902487437162855,7.845730304765836
6.741700694652055,6.641035311057653
7.013915474810528,7.080635867197008
8.049427057110695,7.967000255380632
8.869960510523953,8.871667675041218
8.51097389160232,8.486920703286184
6.849066282633458,6.690435113025116
8.064636475774222,8.005794399973006
8.993675786759683,8.92503512873549
9.792108964552739,9.689743135829257
6.703188113240863,6.802870588754271
6.673297967767654,6.7359968186582675
6.529418838262226,6.601803290507745
6.411818267709897,6.498258227092415
8.02322468471667,7.9403506201057175
8.653296274408579,8.596273288991592
7.270312886079025,7.298920552387672
6.582025138892826,6.4482998672288785
7.272398392570047,7.3417967624713025
7.754052639035757,7.8082251536617795
8.505120610181969,8.534244097679958
6.953684210870537,6.788193338273999
6.752270376141742,6.705658825215088
8.910450756416656,8.829262783130828
6.776506992372183,6.795811521909982
8.413608875159667,8.433282012272985
9.174505918966966,9.313441266587354
8.403128235128264,8.435622129103374
6.690842277418564,6.692969801911643
7.459914766241105,7.345542275774837
8.890272839380247,8.935592221301325
9.120196822123217,9.12465196806261
6.300785794663244,6.398770008635515
6.440946540632921,6.520914242973415
8.028455164114252,8.037554288582495
8.712266432135355,8.799250685499544
6.628041376179533,6.798098591381277
9.02401079378469,8.963294400471089
8.934982049213234,8.974634098022523
7.822044008185619,7.866867026296186
7.520776415062797,7.464931850228942
6.490723534502507,6.517827386185688
8.874727765766853,8.880762863243751
7.227662498728654,7.160894919528662
7.475339236566737,7.499807613115126
8.53089883847235,8.522795395605671
8.147288258706624,8.304770610260825
7.744569809354496,7.690203086054572
7.560080465021827,7.522054538880598
6.932447891572509,6.953232770280677
7.246368080102461,7.145699394400065
9.52602664083756,9.653912067705841
8.15507488781144,8.26067278507097
6.947937068614969,6.757731623249994
8.93022956502072,8.924670209643347
6.12029741895095,6.2884204719784496
8.17244681834278,8.220397636010928
8.748463629942055,8.61619590459133
6.891625897052253,6.805920347027763
8.201111644442758,8.327431533239317
7.830425617820331,7.821989159417366
6.502790045915623,6.609582861918576
9.077151777732437,9.094594293399563
9.62891911922973,9.590634107269652
7.356279876550748,7.275719721912599
8.410720946905721,8.450620781875248
6.957497370876951,6.887096593417164
9.035867930125628,9.050374089719265
7.237059026124737,6.843134985923705
8.464635940677562,8.606679256546132
6.981934677156389,6.923161309968752
8.589885876809678,8.521051743021117
6.672032945461067,6.766379296725244
6.981934677156389,6.94129199319597
6.811244378601294,6.676037657466619
8.724857555881988,8.78805402860416
6.799055862058796,6.7811034810440125
8.037220031133012,8.005999449015883
8.55564437779049,8.535932868511086
6.9650803456014065,6.9258076316229875
8.296546520300614,8.111498018181285
7.801800401908973,7.884353447042588
9.25253742067597,9.192484840957063
9.521787797978225,9.562321032678597
8.195057690895077,8.169297178357747
6.53813982376767,6.725746764735279
7.953669778649798,7.979683583340919
7.759187438507795,7.771564460434324
9.3492323708428,9.481157189572658
6.556778356158042,6.6160386807169065
6.553933404025811,6.613594200757112
6.739336627357174,6.6892338873450825
9.289798293310898,9.574725676629408
7.411556287811163,7.325551114151244
6.1092475827643655,6.1331665833581175
9.040382074165628,9.109117720718091
6.863803391452954,6.731838625096817
7.637716432664798,7.735849531847487
8.293799608846818,8.307148314570654
8.215276958936633,8.290491162129928
6.787844982309579,6.807312805793448
6.0014148779611505,6.123196705976112
6.396929655216146,6.540306619556513
6.282266746896006,6.322612958731501
8.637284671674058,8.644180968847577
6.3080984415095305,6.384967193830096
7.457609289715606,7.27226094048098
6.720220155135295,6.51257019384341
8.57602797713713,8.482116683293187
7.063903961472068,7.114239675591165
7.884952945759814,7.779939188388808
9.278466201023782,9.24492524685693
8.485702524324866,8.350193494883293
6.655440350367647,6.515441320009953
8.351374706721296,8.378070638261326
8.313607139317558,8.358952813194774
8.370084326378025,8.295136481917254
7.346655163176539,7.4215817120152305
6.974478911025045,7.065635809089575
6.318968113746434,6.39005775807962
7.699389406256737,7.660747037631321
7.938088726896952,8.08439062975981
8.892886141190731,8.943610729594145
7.156176637480615,7.174353815758255
7.7279755421055585,7.844108518675774
8.027476530860483,7.985567360181038
6.616065185132817,6.630774761994895
6.331501849893691,6.44240966331926
7.586803535162581,7.799912641831308
8.486527777105353,8.404993701552748
8.514990767861038,8.49854393059144
6.699500340161678,6.815481003701193
9.28702359674714,9.246650254710534
6.97354301952014,6.8803979233896495
8.223358899479258,8.194779438384682
8.61286694148452,8.608716484122995
7.766840537085513,7.740807157368408
8.911799556189527,8.91038544330911
8.4071550862073,8.381057862286347
6.263398262591624,6.437834709686235
7.908019444632471,8.047611242017304
6.324358962381311,6.179690846411614
9.220983532074662,9.108320453377095
7.364547014255642,7.4399268762873145
8.863757191604241,8.772474356318465
8.885025658050846,8.963769294155988
8.776630098427717,8.677635346190579
7.496652438168283,7.47406652337472
7.365812837209472,7.412313381260365
7.656337166430183,7.736195481310456
8.706324840138741,8.611014193753656
7.9391588179567965,7.910629532738448
6.776506992372183,6.561887690831626
8.478660241699453,8.401367790439904
6.939253946041508,6.94115909602722
6.439350371100098,6.4988142485849245
9.202912856147385,9.224517967704887
7.681560362559537,7.6986120005200025
7.607381425639791,7.566301290567911
8.420241665339788,8.458554931998325
7.405495663199472,7.4126629035375435
6.439350371100098,6.486915383859887
8.91341571815747,8.913872146388348
8.150756470275551,8.155136994570478
8.000014093678072,7.821207896138073
7.68937110752969,7.923417040421513
6.7912214627261855,6.769734982794769
6.093569770045136,6.162608005610925
8.296297112642508,8.290417737929907
8.432288684325794,8.375419479559339
8.219056661060598,8.20924728059382
8.53934599605737,8.517157952170665
7.372118028337787,7.385800005716216
6.1903154058531475,6.1587723067701035
8.53817159780143,8.490348197159125
9.521934264474277,9.530016213151502
7.080867896690782,6.992031698923262
6.673297967767654,6.555962931291
6.776506992372183,6.703790111640328
6.282266746896006,6.431106502720608
6.9167150203536085,6.9840228282377135
8.573951525234847,8.526730000857095
6.688354713946762,6.6309546346836745
8.62245370207373,8.643345676259592
9.230437073675304,9.195957027021187
7.463936604468925,7.4511001748034085
6.3578422665081,6.531078521429951
6.705639094860003,6.7597354288314335
8.643297068211963,8.597302936229871
6.529418838262226,6.605866287476757
9.161570207606754,9.169777675849158
6.5337888379333435,6.610384241722787
7.9599745280805365,7.887790479872252
7.4342573821331355,7.409841569087607
6.760414691083428,6.767354158552117
6.68586094706836,6.729626989531298
8.81936971001847,8.737881428082746
6.787844982309579,6.807312805793448
8.2960476427647,8.22714190180681
8.524367395164237,8.456087359372653
7.733245646529795,7.870577948251476
8.404472321352118,8.361697128941122
7.016609683894219,6.779154306061337
7.491645473605133,7.6604033249929
6.536691597591305,6.432229828711558
8.721602344674197,8.640081815239348
6.672032945461067,6.777854702320525
9.052984561199976,9.045767877073228
9.81246815414896,9.609930216748593
8.30844552038576,8.404597171430746
7.010311867307229,6.947174989311307
7.126087273299125,7.16208238231267
7.033506484287697,6.956631666422967
6.470799503782602,6.485509938772301
8.868694776580972,8.803997880728899
7.123672785204607,7.305450794451967
6.401917196727186,6.576305468901894
8.288031567776464,8.227638735177006
8.589885876809678,8.711809903824387
8.686598356276965,8.738471846709414
7.351799869057777,7.344477149742818
7.249215057114389,7.229486383993639
6.26530121273771,6.314007586938872
9.010058489805235,8.928776475149892
9.729193687429403,9.58366798146557
7.395721608602045,7.296998956545887
9.11173476822206,9.144818746111266
7.731492029245684,7.789313600698394
7.274479558773871,7.221378780413614
7.699389406256737,7.849006953419133
9.164505835632383,9.288730310930656
6.910750787961936,6.755982801893513
6.672032945461067,6.728869811365574
9.742144402127366,9.71232745365418
9.728538750071586,9.675678971767885
7.4127640174265625,7.448010599180776
9.137339479091693,9.171602505870595
7.203405521083095,7.331255887901528
7.108244139731541,7.065163391721013
6.628041376179533,6.679335259503796
7.195937226475569,7.145993860770928
6.720220155135295,6.604939038278863
6.502790045915623,6.562236783820459
7.501082124259871,7.472138015655876
9.221181395154058,9.18755274092574
6.643789733147672,6.7301701520822785
8.507950610049305,8.573269774826684
8.916640227198839,8.974875441118167
8.559869465696673,8.570459660867252
6.448889394146858,6.545077353993652
7.708410667257367,7.675426343708593
7.491087593534876,7.623021281510873
8.22764270790443,8.44987796037862
8.848652886213905,8.741030286839829
7.271008538280992,7.283948515782202
6.822197390620491,6.834596232092647
9.00380808646717,8.513905574696384
6.852242569051878,6.602371748264971
6.822197390620491,6.921372461298963
6.655440350367647,6.508944647791869
8.323608442343572,8.337252878274347
6.315358001522335,6.344667139715294
6.651571873589727,6.600825696166609
8.908694592507015,8.8099766452503
6.366470447731438,6.414021286392671
8.127995055771946,8.065315856743753
8.776938645174996,8.67882144869133
7.977968093128549,7.975999419174347
7.496652438168283,7.649637218829577
8.32457884513685,8.249494964713385
9.40894529884324,9.427508141316034
8.293549515060345,8.30273597247024
8.826881344130634,8.842934657271003
7.465655310134056,7.436468836577564
8.805824812903607,8.81124760605248
8.048149101665201,7.872266108393443
6.261491684321042,6.329803769901415
8.927977461002001,8.878625486650579
7.866722285136729,7.900519167819449
6.248042874508429,6.287390326241541
7.027314514039777,6.873714077665851
7.5406215286571525,7.718899081866579
6.434546518787453,6.539042283959846
9.307648554443182,9.296058707406972
7.664346632098617,7.764034728372726
7.126890808898808,7.157249362706917
7.2682230211595655,7.137219693852315
6.910750787961936,6.8948658322102965
7.277938572945661,7.245608671917371
7.017506142941256,6.952901719226818
7.499423290592229,7.5179609349880625
7.218176838403408,7.357912049270387
8.236155661683124,8.236940448525099
7.7706452341291765,7.896447565381734
8.015987811027237,8.165896626627847
7.19668657083435,7.118772341598598
8.791941988456118,8.786523788644056
7.781973234434385,7.799426261591435
9.444146871458646,9.589098433066733
6.35088571671474,6.381219158449759
8.076515327552329,8.23221750254231
8.325063693631197,8.265243874843373
8.57772369115627,8.5000842995595
9.119758993744945,9.091110043834696
6.947937068614969,7.148716362850857
7.591861714889934,7.601834622591197
8.675222055641148,8.4231426930996
6.169610732491456,6.253997299086754
9.213634938925614,9.290969670236315
6.996681488176539,6.911683535813371
8.429672593886743,8.39314433028987
6.981934677156389,6.965021862075308
7.238496840894365,7.222497027893957
8.533263371593732,8.443037176028986
8.915432254432663,8.81186462408694
8.184792654165078,8.274944477758082
6.86484777797086,6.883402915474659
8.23323750070527,8.363798910816334
6.3561076606958915,6.337851204754367
7.974532844130228,8.060446540241813
7.933079771880415,7.830847305563184
8.883085524404578,8.594064224999222
6.434546518787453,6.653641828105024
9.311361486034912,9.236925559892107
7.949797216161852,7.935984765433133
6.628041376179533,6.758874185935452
6.56244409369372,6.619474402295671
7.993619994827744,8.05822638450859
9.302007560502007,9.134203484409056
9.107532151994501,9.093656182003514
8.186742787113518,8.203196021132221
6.218600119691729,6.514837887838714
7.495541943884256,7.505513144640497
7.952263308657046,7.984223961663003
8.835355971121606,8.76691737144352
6.352629396319567,6.192375488740109
7.05444965813294,7.004351359693274
6.821107472256465,6.945628208860485
7.794823152179389,7.8302742022358505
7.903226808730733,7.936547366741235
7.708859601047175,7.811586704055143
9.036106025364846,9.09990794635822
6.380122536899765,6.472331204071524
6.3578422665081,6.514686427373878
8.434246270595311,8.481886123608653
9.081369990679223,9.010409381793703
8.593598522618644,8.58737847192952
6.767343125265392,6.8191132851128256
8.33302993974291,8.318649265682273
7.773173680482536,7.861223352566828
6.803505257608338,6.793289953540532
8.236155661683124,8.171637768514156
6.739336627357174,6.598270953954972
8.410053315858335,8.40900597953197
8.536407410340042,8.528201190458418
7.118826249062078,7.238417286611654
8.649623978596727,8.486153133052202
7.1372784372603855,7.046060104152559
9.621124641561947,9.67688506108012
6.354370040797351,6.253543780057955
7.01571242048723,7.02647548000136
8.258163361537619,8.394475822358057
7.614805364711073,7.574400384151121
9.206332350578643,9.122588060553976
6.470799503782602,6.494835411931139
6.915723448631314,6.957477973840991
7.452402451223638,7.465418437162829
7.487733761436444,7.559846279004867
7.113142108707088,7.084073707982229
8.564649132572534,8.473091805542385
8.181440695719374,8.42263474551205
7.730174795246222,7.690245807759965
9.27818591887125,9.32627961521368
8.700680734850161,8.992665986884104
8.353497098745448,8.402902275282859
6.566672429803241,6.594239497823335
8.865029186687766,8.587648210344367
7.095064377287131,7.076549545145578
7.025538314638521,6.900902151841881
7.026426808699636,6.973429328052343
7.884576510596324,7.792205668042697
6.439350371100098,6.486915383859887
8.559677803022392,8.382965977777433
9.069237530998182,9.023866385661517
9.515985144802135,9.515578615029643
8.420462002456466,8.452245066872258
6.226536669287466,6.242478107434637
8.580543506917,8.580842616191969
8.584290934948731,8.587343470197938
8.409385238781931,8.565712115447388
6.949856455000773,6.730832076195214
8.7157161275482,8.765311555227301
9.148464968258095,9.136450672978679
8.17188200612782,8.155633800902708
8.112227958349724,8.03270451267955
6.431331081933479,6.441980591957374
7.741967899820685,7.755265155053616
6.761572768804055,6.848074201978402
6.957497370876951,6.869787760548101
8.405143687607614,8.397999915094603
6.194405391104672,6.348332511481521
8.444407421690585,8.469068742023316
9.507551894644093,9.5886174490075
7.134093721192866,7.09811055342763
7.546446273746024,7.464656179781479
6.261491684321042,6.217233657549851
6.1092475827643655,6.166765151202707
6.984716320118266,6.970836319727502
7.465082736399547,7.417493572665413
7.8582541821860294,7.8158449352834625
6.315358001522335,6.2939728952466245
6.338594078203183,6.449784591245266
9.505171826581176,9.474187375886856
7.924072324923417,7.882341070154817
6.423246963533519,6.500732434247765
9.095826985187422,9.171602505870595
9.196038587265322,9.212794339009912
6.511745329644728,6.499466073063435
8.454253391642363,8.391991749764733
6.418364935936212,6.239108055324029
6.811244378601294,6.691609207573946
7.483806687665835,7.471320474272789
8.741296282225147,8.508875245222686
9.672500823760892,9.587269635155028
6.551080335043404,6.571664525519882
6.88653164253051,6.980012085815633
6.953684210870537,6.863330180006291
6.672032945461067,6.58709089920822
8.9445502459405,8.927464760633196
8.325063693631197,8.253889707512181
8.259716961021523,8.446929928114765
8.933004591578547,8.907176015099612
6.429719478039138,6.507702458031236
7.898782356970309,7.90239745675436
8.624431942085836,8.550750657968083
6.470799503782602,6.496638307086504
9.692519577152051,9.647566427119965
6.595780513961311,6.722133088662653
9.531481398171628,9.68590759673794
8.685246776412487,8.934016347209305
9.181529290122063,9.204931681584357
7.661997558901893,7.757249232586722
9.129672468908728,9.107994065070907
7.429520842786462,7.4747115907172255
8.279443487712665,8.265704046954406
6.171700597410915,6.247030846327037
7.955775781534187,7.944982411296077
6.932447891572509,6.722806947777463
7.7488913372555315,7.824168559165453
8.143807976771484,8.132779072180238
7.411556287811163,7.360704754608079
6.411818267709897,6.471685093894873
9.256460307589736,9.243734718898672
9.129780864117766,9.143612372097921
8.812992231969966,8.77147739363913
8.783702698635217,8.651206005272387
8.284504227258497,8.22331756227174
8.61104776688786,8.588349598247051
7.534762657037537,7.562981439408912
8.653470809708786,8.642550496667491
7.711101251840158,7.687545055515855
8.448271745949816,8.41143182101333
6.126869184114185,6.255511968548164
8.10076824307173,8.174748061441473
8.773229786032473,8.78629127329985
8.723882104658486,8.908947117377187
9.401043372798053,9.396624932516675
6.943122422819428,6.9223639551218925
9.468078568054892,9.642094319072472
7.112327444710911,7.050772621133547
7.8050670442584895,7.856794750276509
8.052296499538647,8.021725159412927
5.976350909297934,6.135578470132891
7.126087273299125,7.040082286462877
5.978885764901122,6.135271618884643
8.77770959579525,8.842934657271003
8.325548307161398,8.310866958152907
8.25608813381491,8.25774416396152
9.4053313318708,9.336512484413422
8.605387202152153,9.026478446903543
6.849066282633458,6.6824818577461444
8.847359875474174,8.776529381396198
8.874308038583354,8.676419619762365
6.161207321695077,6.203468226472978
8.57772369115627,8.65072696244109
6.79346613258001,6.819101757707708
7.632885505395133,7.699625360586209
6.226536669287466,6.274674112975179
8.834191318202071,8.846008961514608
8.012018239159062,8.261632558951844
7.557994958530806,7.80762451229692
6.672032945461067,6.599871850909364
6.248042874508429,6.257813860685542
8.07153089355666,8.03125817842121
7.961370201719511,7.967501196311499
8.50045386741194,8.53182270880133
6.672032945461067,6.741310344348493
6.584791392385716,6.677857042432093
9.340491056441229,9.286394231072872
6.255750041753367,6.413426574608986
7.469083884921234,7.400869867382624
6.594413459749778,6.666649432499998
7.857093864902493,7.861570106178501
7.693025748417888,7.639720967251462
6.811244378601294,6.780443839871737
7.601901959875166,7.568865382991133
7.363913501405819,7.365433147010092
8.745602852402946,8.77628954611019
8.465899897028686,8.305928982551212
7.798933310041217,7.870463412028909
9.587543170366375,9.674450813921991
7.4377951216719325,7.462338417684262
9.241839039035554,9.314788498098945
8.522777569710138,8.409228322731227
8.35608503102148,8.359043729106366
8.027802848370312,8.045762992895504
7.249215057114389,7.301510469324369
6.6052979209482015,6.7242434999951275
7.213031659834869,7.159946604965136
6.879355804460439,6.895908231767318
6.675823221634848,6.662301585693006
8.022568946988255,7.935308355614946
7.924072324923417,7.78706041560434
6.79346613258001,6.823477215135586
6.375024819828097,6.172520729151061
8.138564737261632,8.322656361590818
9.692704790920137,9.64666616950424
8.565602330623925,8.447546670205556
8.115819701211327,8.154104575422965
8.094683648698815,8.217863166031616
6.439350371100098,6.486915383859887
8.402455513945814,8.317619657993525
6.655440350367647,6.522043724539301
8.83724564389847,8.790592414033002
8.517393171418904,8.543902076754756
6.1903154058531475,6.290620524734013
8.54772239645106,8.372618123625733
7.499423290592229,7.562235204482352
6.981934677156389,6.962246513099084
7.119635638017636,6.806457513845593
9.18307194482199,9.111611364555081
8.676757761087575,8.731676142903323
7.160069207596127,7.199695413597428
6.594413459749778,6.616549652918778
8.778479952508487,8.875937909744925
9.386224586806131,9.316324519836513
7.3777589082278725,7.688849590169039
9.829464192187341,9.712899807073173
7.5688956634069955,7.570793583042421
6.717804695023691,6.804873630592492
5.91350300563827,6.0966413670620545
8.704668113450987,8.636035037094356
7.56164174558878,7.511231867560127
7.590852123688581,7.577775298423817
8.096512917501594,8.13214036300921
9.735128070758227,9.710701704375596
9.028218795184895,9.044611315924751
8.72029728739272,8.855797199368801
8.690305809124883,8.704560493338201
8.874028122556336,8.807735143479155
6.771935555839602,6.6966263930405985
6.57507584059962,6.505289610767932
6.672032945461067,6.736068118789649
8.630521876723241,8.721229009054277
7.660585461703256,7.68171140125539
6.616065185132817,6.702905044709388
6.52795791762255,6.478959725493982
6.56244409369372,6.456776088263323
8.946895523888447,8.911818949633085
8.351138607086154,8.462551699282633
7.344072850573066,7.279472443360402
8.237743803890933,8.1596057269477
7.115582126184454,7.008933055535122
6.403574197934815,6.306040260287511
9.631022445889208,9.608372153558388
7.845416036592485,7.819429194482174
8.264878262801748,8.423511666980279
6.849066282633458,6.691114244126254
7.667158255319148,7.7986388945856815
8.536407410340042,8.34702626669274
8.205491613120236,8.150209472438398
7.7354333524996886,7.672166703454637
6.315358001522335,6.327708471293587
6.841615476477592,6.833515025728812
6.513230110912307,6.506704697513044
8.467162257810672,8.406995743613782
9.69922708822342,9.673562024677913
9.617603862025726,9.525682071481755
6.320768294250582,6.372492700306662
6.646390514847729,6.548760283059673
8.024862150286411,8.035545746728976
8.575462099540212,8.536984776009529
7.557472901614746,7.5813274698757365
8.718827059242566,8.64436021740975
6.734591659972948,6.772332539015162
8.755422380148488,8.54588771931679
7.847762537473608,7.96683697713539
8.648221453822641,8.659321248090277
8.906393407058367,8.863435964977308
8.335431477880796,8.519726398427565
6.391917113392602,6.4385854928473245
8.70946507906336,8.568106493788656
8.482808764554406,8.463282485772298
7.371489295214277,7.419575027683005
7.039660349862076,6.9250608020074695
9.17378011666438,9.20952333426147
8.791790024319363,8.606248160765459
6.9865664594064265,6.952258189837811
8.368693183097793,8.269628130868382
7.393263094763838,7.416778263543764
8.114025442356757,8.19530622092291
7.473637108496206,7.55276302983223
8.756839814829462,8.75532206643005
7.183111701743281,7.267218650319449
8.670772279344538,8.718274206254842
7.142036574706803,7.10145249452175
6.799055862058796,6.674890947916045
8.352082671352637,8.372618123625733
7.85243908535751,7.927913930045218
8.32069157104845,8.242660163336753
9.198369000194964,9.39421145668574
7.4127640174265625,7.42884719868184
6.437751649736401,6.493487906379397
7.675081857716334,7.654188136718754
7.720905251936779,7.759418976351541
8.129469764784231,8.404240508066794
7.917900586327916,7.972830259936016
9.319643106866632,9.152041425219153
7.818832443803404,7.749080974483861
6.966024187106113,6.811268541174033
8.3707791729607,8.403818459385464
7.266827347520591,7.189653491075346
7.255591274253665,7.2582985436030345
8.351138607086154,8.490215825046597
7.270312886079025,7.330634413464537
8.666647144584575,8.414619075808606
7.214504414151143,7.192981071827544
6.787844982309579,6.80033865703444
8.48714627006394,8.372618123625733
6.386879319362645,6.269532083830041
6.313548046277095,6.209437798266888
8.104703468371108,7.997680405919501
6.959398512133975,6.897281106927953
7.747164966520335,7.867554126296594
6.892641641172089,6.459883159934663
7.147559271189454,7.113626352670767
6.953684210870537,6.76800882916189
6.543911845564792,6.607978584321704
8.891098830616636,8.84773637263942
8.356789669923213,8.324139890617294
6.565264970035361,6.546181121692466
6.633318433280377,6.692262364831822
7.8009820712577405,7.710651674069717
9.080345575359996,9.372884684782422
8.160803920954665,8.135793166506662
6.803505257608338,6.7432558145485535
6.520621127558696,6.55935497330728
7.424165281042028,7.417904527896003
7.503289630675082,7.495029133951426
8.331827004436057,8.33543894947026
6.887552571664617,6.669776058545311
8.408493774492896,8.53719979244372
7.212294468500341,7.2507538881533415
8.933004591578547,8.78197591422965
7.826443135456014,7.820520275970096
8.477620416296414,8.47260799392525
6.415096959171596,6.541611833945236
6.863803391452954,6.794946878231715
6.410174881966167,6.449326004118166
6.9985096422506015,6.873646418771282
8.458504195067558,8.412143945571488
8.569026340056254,8.532698301023979
6.688354713946762,6.620268018265238
6.959398512133975,6.953641067041319
7.755338812846501,7.7917065606531795
9.193906065512758,9.107127557027901
7.829232537543592,7.509138272137434
6.502790045915623,6.614631864717879
7.2115567333138015,7.209216721249035
6.834108738813838,6.755347636210155
6.07073772800249,6.12227551520412
6.70808408385307,6.676960968602794
9.081938657171658,9.043049605162857
9.492808877375076,9.533149872807703
9.340139809511028,9.36164265914095
6.588926477533519,6.664059811587248
8.142354276849835,8.134187911670823
6.508769136971682,6.6160386807169065
9.45688790106941,9.47970344701067
9.13140538388804,9.13306290098553
9.603327958573235,9.660672321937586
6.720220155135295,6.513956126112378
7.450660796211539,7.386296638593043
6.529418838262226,6.587070037662923
7.063903961472068,6.837211600343685
6.54965074223381,6.419583585329577
9.821572259334861,9.736236030566692
8.169053149927343,8.060818364318909
6.16541785423142,6.275070408290639
6.642486801367256,6.6625729899974315
6.2166061010848646,6.148868738611978
6.674561391814426,6.831393954071677
8.054204897064407,8.012222118783276
7.755338812846501,7.909204511064411
7.622174594817622,7.7296874502875665
6.716594773520978,6.678536173533231
9.62832676063802,9.68417825869446
8.053887083618223,8.207384039160036
8.319473692442186,8.357017701536936
9.290167671835738,9.308996686563892
6.584791392385716,6.718587139851669
8.594339400592892,8.405842983535473
6.54965074223381,6.461730002493056
8.640295388550221,8.529531746328443
7.773594467360194,7.453396531377806
7.755338812846501,7.753552023974596
9.502114062331216,9.710089507689572
8.896861744480391,8.90929678749354
6.75110146893676,6.605631579003361
7.257002707092073,7.285816439544454
7.642044402873258,7.681558217184312
8.820404065485645,8.922199607518747
6.546785410760524,6.570971984795384
6.315358001522335,6.374162507621638
9.710266814873172,9.677704643082162
7.8567067930958405,7.752708001537655
6.658011045870748,6.729129130230621
8.430981494597171,8.363568618173149
8.246171559857563,8.248303169297476
9.41156545918937,9.390512449196883
9.142596719889664,9.355694484119029
7.273092595999522,7.3701771238313425
8.146419323098003,8.208420962966782
9.675205823365795,9.539739126184317
8.657476736863293,8.52677675477238
6.610696044717759,6.598366318295733
8.355379895253634,8.34487735625893
7.555381944240273,7.900130992050247
7.142036574706803,7.028519970326345
7.753194269884341,7.760926754282724
6.267200548541362,6.330960138618948
7.527255919373784,7.5243045734953915
7.145196134997171,7.257014986393343
8.242229891372231,8.090314713680742
8.754791763700032,8.716395403032518
8.412943170042439,8.493108650339492
7.894690850425624,7.8521004405945405
8.411165786770708,8.434679966058516
8.056743774975313,8.059892947636076
7.0967213784947605,7.116295271638807
7.1276936993473985,6.748898593479293
7.745435610274381,7.9056293925310746
6.907755278982137,6.943804743407482
7.783224016336037,7.75538699047176
6.561030665896573,6.432025016481908
6.508769136971682,6.585362794832823
9.456262510179732,9.39918024135709
8.350666240520924,8.376211040561993
8.698180525197055,8.5368353378358
8.730690365678642,8.767044314122762
7.873217054862741,7.918813068111763
6.054439346269371,6.147549698930754
8.131824785007195,8.272064958031098
8.638702608813434,8.700777961812395
7.763021309018518,7.739422849455214
6.744059186311348,6.697305524141736
6.720220155135295,6.505826364124873
7.4127640174265625,7.429713645695524
8.09437844497296,8.0824958025035
9.231808278591423,9.249558224039344
8.88405606174246,8.919298876862152
7.813591552952433,7.86545014217996
9.373903755841548,9.37973333549529
7.423568444259167,7.499279424576679
6.838405200847344,6.908820055604709
8.492900498847193,8.556573071694404
6.359573868672378,6.267911421987951
7.119635638017636,7.083771931444568
6.144185634125646,6.171580354258653
6.985641817639208,6.8625811513645685
8.649448770536708,8.843382146422487
7.160069207596127,7.112531182504596
6.418364935936212,6.253832029219462
7.363913501405819,7.408330945624988
7.149131598557407,7.150417670493385
8.372860820526318,8.23244246592526
9.09504174761272,9.101367583624052
8.076515327552329,7.990411125714673
7.612336837167746,7.592297654464078
8.728749873478527,8.758156677051371
6.139884552226255,6.197210601824825
7.938088726896952,8.19533584896743
6.981934677156389,6.931059201456425
9.400878083541478,9.344116331526049
6.07993319509559,6.13809315670924
7.736307096548285,7.725571511755143
6.559615237493242,6.692314712006479
7.355001921105257,7.381991714113309
8.52158353971753,8.462106459500166
7.729735331385051,7.73726954014704
8.319229938632326,8.24415493602857
8.424858580213442,8.479057171295484
7.629975707027789,7.664024303042195
9.677151410322754,9.65503097416374
8.336630087637147,8.242103234802508
7.8160138391590275,7.850947236682049
9.676022175572895,9.682728055147496
6.672032945461067,6.7772788330315485
7.801800401908973,7.914860048730492
6.257667587882639,6.315828270025357
6.985641817639208,6.931090483649532
7.814399633804487,7.749897299271156
8.491465042843506,8.369986859779411
7.1459844677143876,7.098124288553417
6.773080375655535,6.7242434999951275
8.9082888855571,8.911734393461861
6.761572768804055,6.808456218557368
7.90100705199242,7.800080313265894
8.704336438489406,8.772131216677568
9.088963385809583,9.107126290421359
8.057694194815587,7.998534713201673
6.300785794663244,6.4254983595377455
6.315358001522335,6.420358686018095
6.293419278846481,6.201214645550667
7.858640655620791,7.826104128549963
6.715383386334681,6.683804753707768
8.57602797713713,8.540463363547918
8.430545384690566,8.342857884574814
6.641182169740591,6.479760881754325
7.818430272070656,7.810099930695109
7.980365765111246,7.857215762029502
6.156978985585555,6.308797632950619
6.22455842927536,6.234151246226953
7.600902459542082,7.582602963099943
8.140898460607852,8.115828814302825
7.050989447068045,6.992899496516757
7.910957382845589,7.903777123601119
6.852242569051878,6.694947348234499
7.527793987721444,7.558529970546471
9.818583045445685,9.731961463010787
8.766705997750515,8.731676142903323
9.78931050747373,9.635223410787185
7.195187320178709,7.206618652428971
8.351138607086154,8.366356945903199
8.295049140435111,8.018778081847199
7.755338812846501,7.7917065606531795
8.952605375892354,8.950493168665224
6.501289670540389,6.614279087463975
6.481577129276431,6.495056255297797
8.69751274553952,8.456023118944024
7.53955882930103,7.350079248371672
9.332911924364364,9.379866274490015
8.084562415235304,8.060540280368052
7.00850518208228,7.066002332076947
6.829793737512425,6.812203507867442
8.482601746646619,8.66773013820145
7.388946097618437,7.3828937011527564
8.756367559802975,8.999231790785723
8.71308886823731,8.702106958954547
8.3654396361887,8.43168820285772
6.369900982828227,6.291817779853776
8.369388996647842,8.558315568702534
7.653969180478774,7.779739288446569
7.779466967458324,7.5893822589705415
9.351232110673664,9.212399574797935
6.483107351457199,6.625847722718321
6.79794041297493,6.801322743154449
7.703459047867175,7.543053646632771
6.035481432524756,6.226316792682314
6.51025834052315,6.6936371743633964
6.274762021241939,6.226769715295669
8.497194544909547,8.49753637945343
8.402231172946555,8.414005333788404
6.257667587882639,6.277939276668508
8.29529885950246,8.34047774121372
7.105786129481271,7.104871739916596
9.297526733655099,9.36958563589298
9.032050676295599,9.106522155161144
8.443546651247939,8.225288569749413
6.71901315438526,6.801545345767798
8.669399124305569,8.5597698630181
6.721425700790643,6.755484762591885
6.315358001522335,6.37843656122432
9.676586952344206,9.68361835975307
7.557994958530806,7.5235421195661445
9.082507000466299,9.069227747656036
7.659171367666058,7.62938010744164
9.09985563880091,9.156508939715748
8.045588280803528,7.794642369099282
6.175867270105761,6.211429338757355
6.849066282633458,6.692344746704072
5.908082938168931,6.049112920378932
7.499423290592229,7.668237314063564
7.461640392208575,7.457046272422904
8.341648618901306,8.433961111470815
8.276903481267057,8.389509584551716
8.420021279663963,8.479729386351627
6.2324480165505225,6.282903159917199
7.8336002236611035,7.726411200628595
8.017637159908478,8.054908014565997
7.393263094763838,7.420080584515831
7.749322464660356,7.909007557072012
6.8690144506657065,6.878776784908966
9.589187682180055,9.576084942111919
7.432483807917119,7.244642643679706
8.29853954537488,8.308266053517778
8.527737405291909,8.313428811043266
6.826545223556594,6.958678140565927
9.101640955052842,9.090206712823198
7.740229524763182,7.762490220703052
8.91784674252718,8.860504105869417
7.215239978730097,7.225170990466526
9.25569607369698,9.199016655327162
8.3774712482411,8.378834196874111
9.319015388601839,9.217557509713435
7.701200180857446,7.716100841009981
9.695294188174604,9.637231509917434
9.013960457931187,9.098654632629032
8.451053388911692,8.509840034098291
6.984716320118266,6.990021381467161
7.112327444710911,7.204836534355649
6.688354713946762,6.618108454626353
8.658692753689937,8.734234583033738
9.337941716569905,9.283147372936533
6.093569770045136,6.148407778600162
7.5766097669730375,7.755757991713461
8.039802343736485,8.060364538913774
8.28045768658256,8.274465374598158
8.505120610181969,8.497854825468083
6.815639990074331,6.692922440913535
8.523970175695261,8.364546402141373
9.058470422638056,9.094594293399563
8.858368636308018,8.782146812934402
6.761572768804055,6.785528184745089
6.502790045915623,6.5079525345069404
7.638198244285779,7.611118140555854
7.192182058713246,7.2593846530863715
9.108418382250798,9.097164765734606
6.963189985870238,6.985562686875038
9.350189267092581,9.312878035966426
6.807934943699926,6.758472315787439
9.613135251528469,9.542633694478106
7.68662133494462,7.916922332329287
8.88405606174246,8.865748030107063
6.672032945461067,6.71823532382432
8.962391701743002,8.974822251517999
8.184513753033722,8.333372141132877
6.542471960506805,6.78019170847971
8.703838719690246,8.94908779028706
8.048149101665201,7.872828467259383
8.01829613851552,7.911944764661217
6.111467339502679,6.086966640569245
6.570882962339584,6.657074124909976
7.696667081526462,7.5721570395625015
6.226536669287466,6.306944978453993
9.218209330354878,9.145741037416041
8.892473968347087,8.960044526066875
6.617402977974478,6.669731538872441
7.535830462798367,7.597276664949012
7.45298232946546,7.465815550986719
6.810142450115136,6.594084288416203
7.847762537473608,7.944945577427102
8.733916174927524,8.609336579716707
6.421622267806518,6.55594470126766
8.129174996911793,8.236570179272075
8.0861025356691,7.942938286313899
9.018453210312527,9.003501197202999
8.69265796074698,8.944039467536864
6.331501849893691,6.546268432048125
9.646528652727188,9.648979208847578
7.749322464660356,7.7934198993545465
7.504391559161238,7.55262156762583
8.146709052203319,8.370868440234792
9.243484970568485,9.219425079703097
8.955190024526887,8.96735482524628
8.392763113038061,8.366844771276545
6.994849985833071,7.165376129779317
6.448889394146858,6.508645825492177
8.043984431221553,8.265274719680555
8.747510946478448,8.588704878766022
6.3578422665081,6.203282592534635
9.52704712346858,9.515905362456047
6.234410725718371,6.270591505704789
8.247220052745229,8.146122035000477
8.577911926450943,8.568879474705104
9.31542084842669,9.246283744561241
6.541029999189903,6.688075904827318
8.415603335654604,8.55401377546512
6.013715156042802,6.127095013559514
7.672292455628756,7.609933204691668
7.6511201757027,7.700957248716523
8.273591798199632,8.308070931749615
6.20050917404269,6.243519913723676
6.745236349484363,6.825399186176414
6.376726947898627,6.371900294184427
6.52795791762255,6.539301724380883
8.626764827845529,8.489232116265173
8.862200330487287,8.83151485494187
6.78897174299217,6.856315349379747
8.038834757787749,8.104120537141648
6.729824070489475,6.534099711224785
6.748759547491679,6.877308789344503
6.501289670540389,6.599859213626004
9.65046452256919,9.712088227533918
6.406879986069314,6.455666805112184
8.430981494597171,8.484263254545407
9.03741453682259,8.948286060503118
8.045267716607803,8.04271940269974
6.016157159698354,6.186188108099012
8.989194823324645,8.952625696474087
8.292298107063221,8.298521700752127
6.63200177739563,6.741151247300428
8.285513309079741,8.493787512426755
8.990316947998217,9.417792449532865
8.236155661683124,8.212847456095913
8.973097896282471,8.880704825958274
6.71901315438526,6.822211002476418
6.852242569051878,6.780476342711481
9.703877405604631,9.683770501004137
9.729372232289272,9.728822242380947
7.3758821482150125,7.493782600001472
7.664815785285735,7.812838925940202
7.989899374942939,7.924602625277248
6.5998704992128365,6.65570740841901
7.518064181233078,7.6393683743456995
8.23217423638394,8.082710074663167
8.553139318189707,8.620055954184325
7.126087273299125,7.104198937823954
6.810142450115136,6.613161755546546
8.987946539552519,8.978186287878453
8.330381569349418,8.375401985238558
9.197761589769323,9.054199292612294
8.691146498539675,8.535824136001034
6.51025834052315,6.568749901846928
8.361007108226909,8.383614202571907
6.705639094860003,6.604340192300628
8.666991556504632,8.557320600006088
8.45638105201948,8.477922563992033
6.369900982828227,6.38020818882695
9.534523115464658,9.504386613544565
7.379008127628304,7.338065830266165
6.4425401664681985,6.679592546188442
8.4071550862073,8.351895380718455
6.670766320845874,6.588609468602465
7.270312886079025,7.3349387826232375
9.120962560824966,9.258098412676338
8.274357006756292,8.244241777488114
9.378055776380775,9.700835414843512
7.731492029245684,7.712708819650361
9.826390502151161,9.715007258218863
6.519147287940395,6.492109636976441
9.07096335550754,9.000269913633508
7.727535110475448,7.737386343795023
7.982416346827733,7.933723304975719
7.9105906122564775,8.09547123807417
8.707648248106914,8.758156677051371
7.027314514039777,7.081636275332414
6.953684210870537,6.757814122735911
6.949856455000773,7.019406974983638
6.734591659972948,6.730849283183417
8.43663368355782,8.420071949821565
6.315358001522335,6.2738471577106045
7.417580402414544,7.4349211910087405
8.36985260351753,8.22354352538343
8.574140471857987,8.514270610621525
7.5251007461258,7.527562365151925
7.827240901752812,7.817260335145132
7.516977224604321,7.609470443665212
6.787844982309579,6.886087581085674
6.523562306149512,6.299962545657719
9.670861685832426,9.580997897299888
7.352441100243583,7.413827960117315
6.580639137284949,6.425903782847756
7.763021309018518,7.783139211663413
6.315358001522335,6.332543959326771
6.910750787961936,6.755299737065001
8.248790733696413,8.440287684150768
8.062747901086354,8.329521034600063
7.579678823090456,7.5690073515451655
6.946013991099227,6.985856779522829
9.411728991487363,9.449880487246102
8.934059722248843,9.23857999374903
6.792344427470809,7.025542122975927
8.442038517815478,8.443303234955076
7.381501894506707,7.417904527896003
7.164720378771857,7.153961798916514
7.8582541821860294,7.826688136439895
6.398594934535208,6.378077180721657
6.84587987526405,6.885274851731569
6.903747257584598,6.74102779844319
8.051340933292979,8.079060180335848
6.658011045870748,6.7034267255194475
8.418256443556213,8.481179376247942
8.387084506069217,8.482683198279359
7.004881989712859,7.065068892430834
6.300785794663244,6.37843656122432
9.172119159155985,8.834804130391666
7.247792581767846,7.1065486106593765
6.473890696352274,6.509151522785531
7.8551570058813445,8.040037694513737
6.71901315438526,6.771346716096436
6.761572768804055,6.804454511929615
8.5956346177228,8.410520954160186
8.121480374750751,8.136462331483882
9.73778709675841,9.683216942418092
8.306472160100585,8.31748214616278
7.442492722794441,7.464165116345578
8.01102337918644,8.259754755403693
8.094683648698815,8.052171255078575
7.933796874815411,7.90916744850748
6.672032945461067,6.667231153579887
7.954723334497908,7.774768674985009
7.108244139731541,7.138104142870671
8.677439540558334,8.676218089113052
6.144185634125646,6.160571358267385
9.670483041375043,9.558501331592376
6.687108607866515,6.789476244198355
6.419994928147142,6.599506558242214
6.505784060128229,6.3683880397132775
9.305286849285137,9.454226807349475
8.534836626588833,8.550309617027247
6.208590026096629,6.243299479941299
8.678801706612651,8.587746519871603
7.5953872788539725,7.390785418625037
7.995306620290822,7.9744454803459766
9.429315246418172,9.38734757567918
6.984716320118266,6.991461856659542
7.3864708488298945,7.505545458796059
6.111467339502679,6.149681964324327
7.21081845347222,7.15719131598114
6.244166900663736,6.293788001290409
7.107425474110705,7.0768345945324125
9.445333439647541,9.588347959458586
7.404887575616125,7.562041460780422
6.985641817639208,6.833921804887573
6.849066282633458,6.678917639831631
9.06820060481506,9.03412550011837
6.516193076042964,6.435759656982003
9.839375607068884,9.718053242086672
6.6895992691789665,6.517538123487995
9.655474810542554,9.62954551044549
8.312871394342615,8.337304338790426
7.7354333524996886,7.7843460463085
7.2633296174768365,7.177624325770989
6.444131256700441,6.327074548940016
6.803505257608338,6.76251717959366
7.059617628291383,7.014237573982679
7.701200180857446,7.622669283812775
6.710523109452428,6.762011731200813
6.406879986069314,6.428096621269126
8.356319965828153,8.272943667611225
6.75110146893676,6.585263670712707
7.51479976048867,7.566966007229332
8.790269111478656,8.684355950466287
6.289715570908998,6.350966121711943
8.416709652837914,8.431595526204184
8.03689677268507,8.043519084828075
7.655864017616056,7.69942303907788
8.691314551644853,8.632369512639885
9.162304922937626,9.05418566996374
9.56500329315396,9.563228058891578
6.386879319362645,6.266886397856284
8.646641258603124,8.59373686122809
6.315358001522335,6.257696294614234
8.791790024319363,8.874707094447338
8.602269363771356,8.662536981006916
7.949444420250626,7.883837004703787
8.821732380934442,8.771381513839428
7.1459844677143876,7.167472768222633
6.684611727667927,6.5572212565318475
6.921658184151129,6.791246143614426
7.271703706887368,7.283635760070918
7.463363045520021,7.454546748788511
7.244941546337007,7.190850532857092
7.946971357693591,7.985567360181038
6.654152520183219,6.707384639173778
8.359134886757962,8.385820446624448
8.569595870209286,8.526295437408596
6.493753839851686,6.5079525345069404
8.740496729931813,8.800235537782015
7.9017475185201445,8.249058990722409
6.907755278982137,6.9772023915918755
6.349138991379798,6.373317908478052
7.270312886079025,7.224460882594978
6.597145701886651,6.443050033493661
7.951911381854188,8.261377700045113
8.37309184744198,8.352158639433348
8.533853632309345,8.396865057723915
7.842278779117352,7.82600274205769
7.9665866976384025,8.042990776486915
7.515889085215125,7.472335491681984
8.145259566516865,8.101046647509582
6.7226297948554485,6.755461656038154
6.529418838262226,6.588664770710295
7.488293515159428,7.544679741455345
6.75110146893676,6.800896928831323
7.945555428253489,8.007031874567328
8.927977461002001,8.885237267428534
8.345217926676428,8.34899508266023
8.285261134068948,8.36606411849119
9.540219493127752,9.651655208739
8.01565761455734,8.342490863835765
6.823286122355687,6.8774994407607215
8.547334348328224,8.620788920041683
7.2640301428995295,7.176741634049553
8.432288684325794,8.280055680339851
8.408493774492896,8.343345606629429
6.860663671448287,6.799462855525197
6.90875477931522,7.001214393338971
7.622663951323595,7.7073440900474335
9.440260907569415,9.484073460939017
7.807510042216193,7.747933143586377
7.596894438144544,7.546742295430806
9.518119146127086,9.346224518353242
8.025843344150903,8.12569180737235
6.169610732491456,6.252682593134112
7.166265974133638,7.086480195218461
6.4692503167957724,6.558574428767246
9.541584681053092,9.556017940687093
7.266827347520591,7.207157348695961
7.165493475060845,7.400937947631189
7.727094484779841,7.673781724836233
6.672032945461067,6.766761438826893
6.688354713946762,6.751447247461818
9.226804098006848,9.129230575234443
6.234410725718371,6.164084201096514
8.727454116899434,8.733665656270297
5.991464547107982,6.035084190769591
8.193123721512068,8.252868292657181
7.396948602621014,7.421601364313839
6.727431724850855,6.740068217498413
9.467460138845324,9.318012519206368
6.8885724595653635,6.836907437012981
6.661854740545311,6.740528267531929
8.91139510724569,8.872692276590358
8.725832056527565,8.772767852158957
6.274762021241939,6.243066174471993
8.068716192714781,8.166356390207243
6.787844982309579,6.8028028872003485
9.47324295306374,9.685241137667928
9.814437735702617,9.709747835569216
7.70210434005105,7.795823256159389
7.074963197966044,6.91675827100305
8.064636475774222,8.071190293352137
7.347299700743164,7.361432610772572
8.36287583103188,8.341887595650537
8.826147399143558,8.776595440027574
9.745956164549392,9.677104368571209
7.573017256052546,7.459405620088812
8.746557354543503,8.704605860765907
6.2878585601617845,6.3741112664107
6.948897222313312,6.774082196051893
8.676757761087575,8.72759008041706
8.6921543938039,8.690523695233571
8.83927669058535,8.759208866908237
8.85978949474541,8.876654904828102
7.01211529430638,6.833970353037389
7.234898420314831,7.207307219841935
9.330165765044532,9.314788498098945
9.470008697972764,9.540614932081931
9.294681520409934,9.588922903041288
7.6953031349635665,7.563252864863622
7.160069207596127,7.316106711226428
6.680854678790215,6.821418980715043
9.014447135152134,9.028243107672614
9.462887373659635,9.471032331189964
8.718172930028725,8.804625739252465
7.781138509845015,7.678275250136988
9.525297086562844,9.541614247800082
8.485496104672983,8.47733211610089
7.010311867307229,6.8567283310032385
6.721425700790643,6.720624041292936
7.113956109566034,7.08070758315409
8.768107539675803,8.76800860045481
7.974532844130228,8.013647161336152
6.837332814685591,6.633986113982607
8.829665432675236,8.60203592752036
6.1070228877422545,6.125920892463452
7.3914152346753585,7.448010599180776
7.454719949364001,7.441655902467423
8.934323331054905,8.849046378167655
7.725330037917135,7.77322649914595
8.492695559815838,8.532095411712323
6.480044561926653,6.632631165567255
6.464588303689961,6.285548208598573
8.627660644442209,8.543469576901893
8.74687531957003,8.765224247106252
7.875499292445208,7.89106514455749
6.406879986069314,6.408412685033909
7.870165946469845,7.8960866545548445
7.892452043520352,7.989376147169893
8.262300941787448,8.239865146083556
7.607381425639791,7.91784709983035
8.127995055771946,8.166697703073844
8.214194414852564,7.966862539452753
7.96311205897929,7.920204568462049
7.346010209913293,7.453277368073555
8.200562797008564,8.248303169297476
7.065613363597717,6.955029048935135
7.57198844937744,7.652124783650524
7.8013913202914855,7.472943570203228
6.951772164398911,6.942931564290889
6.90875477931522,7.017215809640951
6.139884552226255,6.195025395061631
8.427487278331744,8.753594903167539
7.3752557780097545,7.439550097180853
7.505492274737424,7.523621060215079
7.729295674310482,7.662942446139505
6.925595197110468,7.038361229659552
9.131729971394272,9.170923286042685
6.376726947898627,6.37188944583851
8.59637398929068,8.590991409176162
7.149916836132109,7.107247707869732
9.243001154215731,9.27187359798456
8.47886807709457,8.404945635321148
7.9102237070973445,8.00819653462143
7.763446388727362,7.730291554591748
6.267200548541362,6.250303748068047
8.154500175151941,8.292953397127697
6.470799503782602,6.4913754351026665
7.787382026484701,7.7868859189979895
9.423918318420691,9.386370814060284
7.351799869057777,7.399653308795459
7.014814351275545,7.21656048770567
6.773080375655535,6.829142316853369
8.323608442343572,8.364113463183916
6.3473892096560105,6.498354046269541
6.634633357861686,6.643029140569473
9.270400128403846,9.233929201524715
8.4096079807363,8.414353742843874
8.171599480345463,8.120493228251503
8.230044310126114,8.257499052374088
7.613818684808629,7.6854985498926975
7.5652752818989315,7.711616688193573
8.68929604801586,8.592748306356912
6.993932975223189,6.966025419170003
9.600285668426311,9.538494012068584
8.986071187374463,8.922645182095158
6.54534966033442,6.506704697513044
9.756957759840232,9.655363901354239
6.55250788703459,6.5637317643476445
8.227108234348146,8.119869609211802
9.47738596957752,9.320370852300355
6.5998704992128365,6.604650961796883
7.860185057472165,7.942004669996665
7.857867559331803,7.923922482111433
7.896924656268864,7.820759237231314
6.3578422665081,6.469562297913551
7.908387159290043,8.047678738421688
8.99961934066053,8.915187237637099
8.21554741194707,8.190416352158524
8.431417414394833,8.402277639479632
7.187657164114956,7.266228636696904
8.498621805830801,8.544630908670758
8.730690365678642,8.815339036219497
8.293549515060345,8.358801343647114
7.950149887652018,7.977040130450715
8.746557354543503,8.75392508995545
6.169610732491456,6.340017603450161
8.245909264774093,8.171251721739685
8.035926369891792,7.833102665060993
7.368339686311381,7.136353947742429
6.75110146893676,6.5980033120815165
6.349138991379798,6.418568813997277
6.900730664045173,6.824368044856805
8.401108712395436,8.424949566714004
6.955592608396297,6.950397871644936
8.67709870892586,8.64749431502159
8.504918160540624,8.526873955933187
6.802394763324311,6.864242193585579
6.747586526829315,6.636860872384178
9.555418330069251,9.572823752828944
8.416709652837914,8.425848831764059
8.213110697596676,8.205319353622025
6.466144724237619,6.77059599694386
8.989818381366925,9.126766704876372
8.392763113038061,8.38003974122301
8.356319965828153,8.288671338590119
8.764053269347762,8.785015712511637
8.345692873253865,8.365570651737949
9.070503426788383,9.100504830170053
6.171700597410915,6.246179008657361
6.705639094860003,6.720222508252464
9.205830216498297,9.241950143793273
7.876638460975463,7.82347094600205
8.90557995798965,8.871667675041218
8.383890344101816,8.30960278520035
6.747586526829315,6.630460482533564
8.085486772102845,8.185512747254693
7.239214973779806,7.183869900647903
9.06750872286864,8.928910161067808
6.481577129276431,6.472170674395792
8.056426767522984,8.060777485121772
9.13075589263334,8.994387166107073
9.413934064045677,9.354271760752143
8.650499558724462,8.334443050718084
8.332067707289548,8.322431227956328
8.991562278171614,8.936439030910103
8.459352191726387,8.391263852039199
6.992096427415888,6.948805045010147
9.771897132148531,9.659283794460917
7.119635638017636,7.035128044256968
9.513255825068553,9.562321032678597
8.366370301681654,8.34784250213509
6.634633357861686,6.745793818481427
6.650279048587422,6.691913470327688
8.545586265917455,8.52228311668281
7.97728198675515,7.908860472851798
7.549609165154532,7.5575317590921625
8.072779333169498,8.07397331305104
6.150602768446279,6.31479213749915
6.736966958001855,6.775775655810525
6.628041376179533,6.682197829162748
8.140898460607852,8.095367353345594
7.524021415206125,7.521914529641165
6.90875477931522,6.949197643636736
9.42375676753181,9.327814148964736
6.519147287940395,6.657074124909976
6.612041034833092,6.517671634865418
8.305978210967302,8.405955818367548
8.721602344674197,8.5383772864844
8.28045768658256,8.357658543147597
6.841615476477592,6.8449607065151215
7.126890808898808,7.0717751826886035
6.522092798170152,6.5657449120197855
7.58629630715272,7.8672970513494
6.78332520060396,6.725452270106825
7.748460023899697,7.738414656554716
6.669498089857879,6.546864554468911
6.391917113392602,6.554823936512547
7.620705086838262,7.564571616352733
9.815257251141714,9.698003311520212
7.951911381854188,7.773510240176242
6.543911845564792,6.634156783048136
8.340217320947035,8.321969600917445
6.641182169740591,6.502288620650281
7.763446388727362,7.683767673586833
7.166265974133638,7.36856063346183
6.776506992372183,6.665595498953658
7.5480289699350145,7.60496540783419
8.421122722665503,8.373589115678858
7.787382026484701,7.877993560118498
8.47261414801827,8.214416376141898
9.109635667854551,8.793607142850286
6.957497370876951,6.848962112558103
7.396335293800808,7.3772244350166405
8.412499120301572,8.353301722079811
7.930925372483388,7.886919944009625
7.856319571406588,7.76057234892975
7.3537223303996315,7.474743504734317
9.543378146148761,9.728448497508905
7.621195162809845,7.56765325883369
6.97914527506881,6.922632005337485
7.4342573821331355,7.461686471624853
9.448490755396914,9.367043333261451
8.445267451844648,8.519241651715184
8.880307358983872,8.059941355736413
6.493753839851686,6.608839513075681
7.135687347028144,7.062431485034197
8.596558746796978,8.635807754131616
7.175489713624222,7.1633610999318895
6.20050917404269,6.34175833161568
7.057036981697891,7.10449686386841
9.271623600393081,9.200797228760191
6.774223886357614,6.508090100227109
7.731930721948486,7.662921208181692
7.867871490396322,7.7894708015644945
6.651571873589727,6.616474866833545
6.963189985870238,6.9701041003038
9.675331459398373,9.703242294864129
8.343077871169383,8.31032272055533
7.117205503164344,7.128000310187931
6.556778356158042,6.608575124517041
8.79497643168877,8.77780202038434
8.028781162487148,8.020453227190393
7.607381425639791,7.565481880450535
7.122866658599083,7.144016571840454
9.804495603329178,9.677056879848935
6.536691597591305,6.386811973713345
6.324358962381311,6.411579367772418
6.3561076606958915,6.31486550093508
6.975413927455952,6.92294214060364
8.174984532943087,8.245829161311638
6.142037405587356,6.212313884696915
6.54965074223381,6.506973571016138
6.7650389767805414,6.766542720944762
9.840547752762253,9.687599604680077
7.9714309977693505,7.878380302939878
8.0774471493312,8.080233955260683
8.90720619496548,9.111060644931547
9.34145634983372,9.151668769346823
6.823286122355687,6.792742147381578
7.682021510826875,7.733571150630224
7.57095858316901,7.564571993843149
7.4377951216719325,7.521468309242404
8.37539918579835,8.391991749764733
7.75833346749091,7.757908975398253
9.618202604684068,9.603912198572912
8.652248422409102,8.945014501266629
8.514188682395938,8.514932695721903
7.8434564043761155,7.848179754846046
8.597851094433691,8.643050994500777
8.912473274466036,8.809125976567815
7.951911381854188,7.937060724198092
6.594413459749778,6.582987528108987
6.601230118728877,6.683351363271546
6.2878585601617845,6.281170607615071
6.366470447731438,6.70437945676523
6.150602768446279,6.2322179957446515
6.6293632534374485,6.47206793783685
6.641182169740591,6.584150046614014
9.681967682338016,9.657860994604954
7.207118856207756,7.210709720708027
9.709113657218,9.715539279699124
6.852242569051878,6.985815320326792
6.811244378601294,6.653908232655567
8.031385330625534,8.01026155290006
7.584264818389059,7.566635598452422
7.864419904994565,7.854633598297629
9.038721338315364,8.92487443960039
7.559038255443384,7.536371480422712
6.904750769961838,6.9361187078349
8.765146421639022,8.728233216197442
8.35608503102148,8.320912390226118
6.6240652277998935,6.473734107372052
8.332308352219117,8.342235679428743
7.794411205726601,7.812571597524174
7.496652438168283,7.455844111983743
7.363913501405819,7.363300073867249
8.504513138258863,8.534887276858758
9.5033084488572,9.715994125037287
9.200391041122515,9.212794339009912
7.382746449738912,7.397429482624474
6.317164686747284,6.383634031025591
7.775695749915245,7.8080703227197015
8.822616945344176,8.825393840121597
6.948897222313312,6.8799123089386205
6.668228248417403,6.659087275982248
7.501082124259871,7.504817476043737
8.729235349659273,8.70799337465104
9.001346243766392,9.085201590882754
7.048386408721883,7.078355707442255
7.727094484779841,7.682778553018232
9.090430075303626,8.980047736408611
6.395261598115449,6.268890855326342
8.512783482927537,8.548315321456757
8.882391706295847,8.853361879809178
7.682943169878292,7.730357698213577
6.421622267806518,6.4814602877395435
9.218010878280403,9.196319611183744
7.271703706887368,7.097468397534687
6.892641641172089,6.880043573535721
5.908082938168931,5.930442289192631
7.00669522683704,6.971068249230965
7.480428306074208,7.5679937257782965
6.406879986069314,6.464569493788602
6.489204931325317,6.4065272858230085
8.231109840328154,8.215146101149443
7.121252453244542,7.279222813521901
8.743850562030243,8.755354475356159
6.490723534502507,6.6160386807169065
6.504288173536645,6.619582589957605
6.439350371100098,6.489299059318077
8.661466680572662,8.609698275111345
7.722234744709607,7.742236725987692
8.481358738407021,8.484017840431003
6.85751406254539,6.799882716532378
8.929832503272403,9.159190861458471
8.500250470685925,8.414404936565486
8.041734711487537,7.993031482637273
7.566311014772463,7.4686326139729236
9.13852208418571,9.065186703020144
8.061802274538348,7.9733667369483205
8.441175704992322,8.383272054434965
8.345930261979017,8.33668207823637
8.159946655578548,7.955525837286613
7.129297548929373,7.169087520698287
8.354674261918463,8.677041361201226
6.892641641172089,6.793862664433857
7.408530566894626,7.293378036988752
8.085794701281568,8.053357960176621
6.300785794663244,6.284589283366698
8.142645185942795,8.238204827636201
8.432070937999402,8.405262525683446
7.885329239273191,7.869901053162968
8.606485298894999,8.612838801814325
8.472195825485501,8.575638898478616
7.392031567514591,7.458545447246978
6.77078942390898,6.811276923552439
9.355825038718164,9.331932342048834
6.630683385642372,6.492223047686074
8.48446336679332,8.486729063405237
6.647688373563329,6.594261131252874
6.261491684321042,6.177440625375579
6.71901315438526,6.765857702469275
6.752270376141742,6.60031565595513
7.527255919373784,7.555413488794515
7.166265974133638,6.860475160610282
7.00033446027523,6.864791133845567
7.787796878181171,7.708354392228432
9.075322160298095,9.09018878412369
8.973858256222792,8.93543294975424
7.069874128458572,7.1050962827915765
9.075322160298095,9.202747758702863
9.000729834944558,9.076018594896944
8.446770727119691,8.396493462021505
7.80057265467065,7.774737410573323
8.944811104165534,9.027338427048965
6.928537818164665,6.836722553166182
7.123672785204607,7.210369788850725
7.24422751560335,7.382571884521209
6.561030665896573,6.686904646276479
8.34972083747249,8.236288282664914
6.293419278846481,6.198920384598957
8.276903481267057,8.407635751886218
6.54534966033442,6.579194598543459
8.129469764784231,7.942398718036511
7.861341795599989,7.854883590283681
6.641182169740591,6.49347842754499
9.635085094816304,9.672263375067272
6.963189985870238,6.9428201255773745
8.156223323194624,8.103449946853004
9.265869681768663,9.12178065158599
9.297893268984044,9.328895078273007
9.375515769935166,9.37519322394504
7.887208585813932,7.93853079075243
6.655440350367647,6.523905523111977
6.418364935936212,6.34268478278584
8.104099056143582,8.072044426415173
8.495152060539358,8.483616143699292
7.147559271189454,7.139867725454429
7.379008127628304,7.336651456980956
9.309370895439137,9.101509739165714
8.374938143835367,8.309702437690696
6.825460036255307,6.917928179649061
8.740176729929082,8.769152680505398
9.539140395148861,9.555538212407379
6.742880635791903,6.801846870622183
8.10892415597534,8.079315122069996
8.733110697638708,8.581269350183003
8.296795865770052,8.408081896322448
9.538204234060796,9.570457817958294
9.768240403128102,9.711991060115635
7.85979918056211,7.902580643409712
6.688354713946762,6.76727631394649
8.36450810375059,8.352877938958006
7.700295203420117,7.671384140687846
9.751326558637025,9.590634107269652
8.81744592104187,8.764946294274319
6.259581464064923,6.512895176528886
7.533158807455563,7.503871083354844
7.5480289699350145,7.5969136720927315
7.036148493750536,7.079962904374752
9.06681636189014,8.969898790185379
8.652423140676342,8.722152251469605
8.361708288575842,8.348318005629965
8.3774712482411,8.382675616365779
6.198478716492308,6.229952925945958
8.621373010325902,8.574861596903421
6.777646593635117,6.83990111989217
6.169610732491456,6.278331781032588
9.264733855806515,9.314788498098945
7.449498005382849,7.292348058344598
7.767687277186908,7.712414294103791
7.768110378525988,7.817241410047399
8.716371865276615,8.691148107000583
7.8826922062890254,7.853884893726603
8.342363500380579,8.339253717381505
7.7488913372555315,7.746840523311121
6.576469569048224,6.694444264646811
8.195057690895077,8.158257960901356
9.46815584482167,9.535457072427272
6.823286122355687,6.832721741968711
9.188299241099303,9.14512785828061
9.099743950634156,9.171602505870595
8.178077463849608,7.9676876504546685
9.613736674915236,9.524698877797189
8.438149984075784,8.479669594869007
6.391917113392602,6.562377780429869
9.00724451596575,8.969443222849321
8.109525659752872,8.055428341640242
8.21878715560148,8.216950169533428
6.814542897259958,6.868005130187997
8.193123721512068,7.941825690597991
9.560997243589352,9.551584940164876
6.57507584059962,6.711963640621003
7.88193748927207,7.869114035582621
7.132497551660044,7.191517256496305
7.506591780070841,7.552551097601815
8.173293438966228,8.12563263014858
8.048468743668883,7.901189104267449
7.431299675155903,7.275940705157785
8.4040244933106,8.453358125569341
8.58653266949485,8.464533434266832
9.549095714611964,9.327050264296554
6.486160788944089,6.623510603728172
8.922791623969637,8.807586674601511
7.989560449333865,8.14090325089898
6.594413459749778,6.6612535523974055
8.345692873253865,8.356847520644669
6.683360945766275,6.77242375231592
7.589335823170617,7.642067046352761
6.543911845564792,6.682444839023859
7.6586995582682995,7.549671134619436
8.91341571815747,8.947338099910423
9.471087945687758,9.294993603077453
7.565793282428515,7.576770675111218
7.486613313139955,7.504435161812947
7.832014180505469,7.763111640907071
6.363028103540465,6.462254489765477
8.756682421266532,8.765458562683795
8.65259782842244,8.646703772210998
6.555356891810665,6.740940166643483
8.401333305321703,8.250417340303056
7.484368643286131,7.489691500073053
5.883322388488279,6.117145652253407
6.844815479208263,6.845578094190007
7.531552381407289,7.669195367609982
8.259199362666282,8.479583050097984
7.04141166379481,7.066369806258676
6.877296071497429,6.768494033660025
7.252053951852814,7.261032475151874
7.516977224604321,7.500005832935643
7.270312886079025,7.333585755001816
7.964850887447313,7.839691179263465
7.123672785204607,7.1014292403155475
6.248042874508429,6.2690062120874845
7.952966790923131,7.982256485131285
8.770594329891145,8.797331341637834
7.607878073278507,7.549458722088671
6.470799503782602,6.569137503834603
7.396335293800808,7.411545258532949
6.274762021241939,6.250544090738496
6.61472560020376,6.731838625096817
9.417435838868785,9.467824328814821
7.679251425953058,7.771270508512097
6.679599185844383,6.831836585206414
8.901230352110781,8.906453117388972
8.073714641109857,8.036695763693345
8.275121630216509,8.317169875733825
6.777646593635117,6.823357190709535
9.79945948211208,9.67874338597704
8.46779284112111,8.323703022338567
8.741456115998364,8.861380513453453
9.36426245424844,9.314788498098945
9.156623089470195,9.310485939414576
6.093569770045136,6.1450177124858385
8.55468163582723,8.547960157714886
7.697575346802343,7.520346855847482
7.831220214604293,7.883768495461294
7.928045600874777,7.9733911612766475
9.19806534110057,9.212794339009912
9.021598247379305,8.976615088257224
7.51425465281641,7.564240774332873
8.536407410340042,8.4831395774088
6.226536669287466,6.302180482541227
9.366403507607771,9.32611360823378
6.732210706467206,6.7875842187008315
6.363028103540465,6.489741611986847
8.080856419640986,7.985535033714083
6.932447891572509,6.7556369436186055
7.4127640174265625,7.417904527896003
6.470799503782602,6.492223047686074
8.208764045819667,8.377927250173858
6.516193076042964,6.422451323453965
8.790116892892472,8.52764575032169
8.084562415235304,7.966852604720436
8.637462023807181,8.79683421431732
6.583409222158765,6.650420250193802
7.477604243197589,7.439246411751863
8.40200678160712,8.46663237367847
7.957177323459475,8.253743132623525
8.449128460502108,8.36563002682039
7.938088726896952,7.971522424798627
9.52427481557203,9.525185687235991
8.722742874329398,8.697268624609496
9.741850586935007,9.575246170130349
8.202482446576537,8.221491981697698
8.769973211858753,8.478542619873252
7.363913501405819,7.273103133790183
6.56244409369372,6.601329195735777
6.415096959171596,6.28164221053785
7.934871565945177,7.934939445199699
7.275864600546533,7.3349387826232375
7.266827347520591,7.184915064321927
8.03365842788615,7.963751205098236
6.3835066348840055,6.156289885418316
7.829630389150193,7.71590112680458
7.9208096792886,7.967010328361661
9.471242028892995,9.596512924594185
8.385260520155413,8.301293299938543
6.52795791762255,6.540985082754513
9.099967314494812,8.989358681318373
9.027738775974909,8.760629207569602
8.410720946905721,8.403145675061834
8.7157161275482,8.791289427368534
9.026657889542886,8.974156668989432
8.469472455204826,8.54139143604697
7.969703583278656,7.97403184823089
7.578656850594762,7.473214745651635
8.593598522618644,8.58819046592785
8.017307507688582,8.238131932157811
7.017506142941256,6.9837496978793
8.058643712215618,8.13352246550034
8.519789817263504,8.528252614825952
8.676075516476429,8.651381974200767
8.40804774415544,8.405086342505237
7.53689712956617,7.562235204482352
6.842683282238422,6.810430234603504
9.273596821611198,9.189467585500628
7.946617563244473,7.8766403899847015
9.275191344295799,9.21244530725537
9.155461710466193,9.033904617745227
6.565264970035361,6.42750534223465
7.508238774678663,7.506186757523888
8.326758814511733,8.422622247170763
7.473637108496206,7.5257268932646095
8.345930261979017,8.414915168057979
8.182838710766026,8.215438909772898
6.818924065275521,6.822219470388798
8.66785206770135,8.574241164052523
6.645090969505644,6.573357338092004
8.813884558025606,8.763128662844903
6.300785794663244,6.409734167405721
8.2987883944492,8.27441572745057
6.670766320845874,6.676779082690913
8.59452453435256,8.574267255471177
6.418364935936212,6.290165591596917
7.192182058713246,7.2343761781673805
8.388450315523512,8.48369074941737
7.485491608030754,7.450516741221182
8.584103896698863,8.567056611534866
6.452048954437226,6.487824328469025
7.879669914604289,7.988234869148372
6.502790045915623,6.497649958030975
6.338594078203183,6.455691138904267
7.463936604468925,7.509773290906582
9.332911924364364,9.340415729173515
7.874739125171811,7.824474612630268
6.97166860472579,7.092998660966346
8.459564078579602,8.485868301647523
7.903965634032166,7.797030031950879
6.594413459749778,6.719979029623213
9.661989075499939,9.588938483095859
6.892641641172089,6.954736766694443
9.65374331942474,9.606139844665876
8.16194579946869,8.331514254893305
8.931419805192975,8.904666735769162
9.434523382865056,9.39394980409162
7.573017256052546,7.509773290906582
6.914730892718563,6.738436155312509
9.29798488182823,9.290611207817586
8.61974977974133,8.337708637656862
6.655440350367647,6.52842677123418
7.875119281040293,7.993282306557661
6.5998704992128365,6.604650961796883
7.892078421248119,7.793556419316408
6.154858094016418,6.129470722993801
9.219993629004321,9.181136812494117
9.012620873002131,9.055989710935014
7.038783541388542,7.046051718523869
9.399968503952575,9.32536774510617
6.54965074223381,6.550322003799762
8.432070937999402,8.681265496392337
9.026056891868688,9.027726668971656
6.655440350367647,6.516238961825986
8.689127655323706,8.632153116446567
8.733916174927524,8.893464967790434
5.998936561946683,6.001338439877502
9.204624064980074,9.09189101935237
8.521782643750045,8.533438850695198
9.198874893866904,9.189350714676586
7.898782356970309,8.038405557658358
6.584791392385716,6.48749244317248
8.09162741160107,8.296451851790131
6.672032945461067,6.688716279859724
6.169610732491456,6.219244850514068
6.639875833826536,6.675095529484874
7.470224135899966,7.4651210080932096
6.169610732491456,6.227511990207489
8.15908865466791,8.134179777507345
6.660575149839686,6.774984941622424
7.252053951852814,7.249794898945745
6.776506992372183,6.623419522949805
9.823524008395744,9.63257456154113
6.186208623900494,6.213763174515381
8.771835409789817,8.826657701361686
8.796338932845732,8.752703026125968
9.183174703903413,9.111764316381938
8.502282578680484,8.498687641172788
8.234564993267135,8.307234921724417
7.274479558773871,7.5330914408762295
8.621192781434722,8.45923638395143
8.247220052745229,8.268156511609122
6.56244409369372,6.580987400294328
8.339023005744759,8.406040987664447
6.410174881966167,6.358405525574924
7.349230824613334,7.451785440605448
6.395261598115449,6.46119134121722
9.083642718930225,9.004870843169694
9.67990640549087,9.540910849947524
6.639875833826536,6.7656646797325015
7.479299637782834,7.519889560466794
9.62891911922973,9.427902224849722
8.003697339094368,8.049347111418525
8.82922635473185,8.824116147581197
7.73718007783463,7.733523604560735
6.683360945766275,6.575702146901221
6.835184586147301,6.837810588019573
6.612041034833092,6.487890652976856
6.418364935936212,6.48721841604243
6.025865973825314,6.2076351950492725
8.30622521603216,8.659363415368468
7.78155595923534,7.832815478766084
9.095602694505759,9.016341955771079
7.039660349862076,6.858100137883741
7.686162303492906,7.6015171170010465
6.133398042996649,6.208275081895136
7.105786129481271,6.739110922742526
6.981934677156389,6.9628918835031905
8.897272113133987,8.813104763985416
8.211482916445066,8.344431560944024
8.39072252736229,8.418168086243828
7.5406215286571525,7.48138482234687
6.731018100482083,6.503242661637543
8.139148678884066,8.163483539353656
6.315358001522335,6.37843656122432
7.644440761556566,7.683089659072107
7.782807262839695,7.802742010671035
7.43955930913332,7.52771261212523
6.688354713946762,6.516416819223198
9.044403844431551,9.13496794009782
6.2878585601617845,6.3746572018752525
6.013715156042802,6.145432488576622
8.237743803890933,8.210210238898826
9.707351006708445,9.621904980755144
7.9714309977693505,7.859196789329767
7.774015077250727,7.73357358741184
8.29853954537488,8.332866484915275
7.527255919373784,7.519262328645728
6.51025834052315,6.621046594809633
8.228710798793687,8.152619515923236
6.45833828334479,6.485509938772301
8.499640032168648,8.413663132565954
9.042868018032435,8.867575955389217
8.757940876678804,8.836695526333147
6.918695219020472,6.926041642055177
7.827639546366422,7.84338970496937
8.691818541575723,8.66491789657821
8.73568594451502,8.780319642057115
6.111467339502679,6.274191863573626
6.950814768442584,7.12761655664062
6.075346031088684,6.111434042873885
7.778211474512493,7.702612815266645
9.11690842718363,8.932386470902024
7.407924322559599,7.400552625437888
7.009408932708637,7.128659582790899
9.056839480990421,9.18447013722387
8.534443544822764,8.697093751503642
8.728426091704613,8.587965766144453
8.026823576217629,7.985359230141954
8.75115798136203,8.58537379372034
6.876264611890766,6.875354950580681
8.207946941048617,8.201292356991088
7.23561914106675,7.21856083288018
6.9985096422506015,6.853056865672818
7.56164174558878,7.590529968041524
8.15248607578024,7.903420589953298
8.648221453822641,8.533386287428181
6.302618975744905,6.361802894117466
9.724600092476456,9.591020318888777
9.032528630660057,8.80960919146089
6.322565239927284,6.465708956123146
6.466144724237619,6.5792303749633
9.568643988906736,9.696953420954609
7.603897968521881,7.672166236306233
8.479906606630221,8.374511428631495
8.92252495730139,8.871628778930091
6.47543271670409,6.512481905641881
8.84937050375457,8.632574713817235
7.2456550675945355,7.323498814315655
8.254008590564844,8.310411576500172
8.9082888855571,8.92615393159405
6.566672429803241,6.741310344348493
7.869783902530146,8.00999722116354
7.4205789054108005,7.450406898981882
6.124683390894205,6.201483624890011
7.781138509845015,7.682916259372782
8.33423142973486,8.413807339881169
9.240190393945069,9.444551806922107
9.641992909837995,9.145325860908686
6.6895992691789665,6.517538123487995
9.315960853839867,9.460058392701178
7.664815785285735,7.713200020354165
7.9157131993821155,7.882957449285099
8.60135049942296,8.569998033565762
8.647519453091812,8.619959256371784
8.131236549696116,8.026736615499354
8.191740021277457,8.131603673563683
8.023552392404348,8.053241975118501
7.1569563646156364,7.2031933606790535
8.72891172506098,8.56594888545169
9.346268889200427,9.42367720283231
8.472195825485501,8.581799467522519
6.529418838262226,6.613945887698135
6.502790045915623,6.570971984795384
8.527143522269405,8.49854393059144
8.620651899784468,8.5802436393654
6.684611727667927,6.5898814968294035
7.917536353943631,7.929053961152026
7.88193748927207,7.912011920502631
8.04044688130311,8.054093575981787
9.322686431807721,9.314788498098945
7.527255919373784,7.506982543452695
8.622633703874234,8.587637063334427
6.529418838262226,6.599859213626004
8.343077871169383,8.243841414991897
8.619027497297505,8.52707677818094
7.057036981697891,7.103751896238493
8.160518247477505,8.29616343360979
8.631057447565285,8.621153933392158
6.787844982309579,6.802994166491299
6.54965074223381,6.402056892259975
8.37216741936598,8.363637288864336
7.347299700743164,7.434672162992423
7.362010551259734,7.360135352655946
9.37526141408997,9.384213256487271
6.516193076042964,6.504790393426097
8.35490952835879,8.531654709111878
6.137727054086234,6.240425072526037
8.916103530553727,8.86885607832845
7.847762537473608,7.916706026555242
6.363028103540465,6.4427296502220495
7.395107546562485,7.525521430422828
9.057655284310535,9.012710360497035
6.566672429803241,6.681691394724911
7.641564441260972,7.58528561428377
6.025865973825314,6.131667124363892
7.855544677915663,7.899029284863551
8.068402958569699,8.219610639708405
7.45298232946546,7.476204974751214
8.110427237575024,8.10187362218812
7.382746449738912,7.46876719235521
9.779510372716418,9.635324830241593
8.263848131368906,8.397305921763541
8.382975849296429,8.336390168867263
9.72418144470263,9.675655273144935
8.074960359115858,7.861812173149856
6.406879986069314,6.491103150173703
8.821437352166997,8.81206790179321
8.364275084991524,8.363055665678376
7.2456550675945355,7.205620712235005
8.966611387052865,8.890347846515063
6.849066282633458,6.635493890052692
6.882437470997847,6.9516697479924074
8.590257762273243,8.362948822146647
6.963189985870238,6.9526200031192245
7.512071245835466,7.59109866257208
6.826545223556594,6.847244757139957
6.981934677156389,7.065403445045975
6.267200548541362,6.477151835381773
8.24564690087386,8.271382710715729
8.587092318795905,8.534812953040976
7.851661177889265,7.863356136037633
8.495560891289124,8.414477785329726
8.680671660408713,8.73648233334244
6.439350371100098,6.503360964148316
7.3727463664043285,7.4006858375087115
6.863803391452954,7.036224659168266
6.910750787961936,6.7325177561979554
9.01249900352419,9.048423654949683
7.801800401908973,7.6135735014921675
9.770870027921289,9.620402736009513
8.140315540159985,8.095178637801208
7.419979923661835,7.372621981525297
9.598184471326945,9.486309203362008
8.100464891029363,8.247288753436637
7.470224135899966,7.4713213688676285
6.612041034833092,6.512424556579112
7.573017256052546,7.558118116367278
8.542860938164814,8.467306259661127
7.4127640174265625,7.42884719868184
9.567665104756411,9.530147778218735
5.823045895483019,6.05151149548695
7.451241684987676,7.4713213688676285
8.396831834745054,8.4186228757162
8.719644119505357,8.625591212101414
6.641182169740591,6.526275747270473
6.892641641172089,6.7301701520822785
8.352554369474591,8.131613661454738
8.728587995695898,8.749755965067918
7.277938572945661,7.234841148763584
8.035926369891792,7.824006830889081
8.463792414689122,8.370603098786967
7.898039690764619,8.026498484099916
6.826545223556594,6.8672674501639115
9.090880931938855,9.079848491294053
7.877397186353287,7.953212910699043
9.583833100841074,9.560963515757841
8.6652683094816,8.639128176214301
9.186150133174966,9.089460730715073
8.491465042843506,8.507682428678526
8.797699580118923,8.795760495597113
7.539027055823995,7.657506419137888
8.671629544720656,8.685310470351629
6.19644412779452,6.264959673549708
9.101863895640099,9.139015047995086
6.903747257584598,6.741727257838568
8.461257559085935,8.366641370681792
8.252706676567644,8.153214654330183
7.99598047476376,8.156005661074367
8.097426298597213,8.292060247254911
8.0323601479245,7.973045437907444
8.131530710604252,8.02424136669672
7.87359778968554,7.970755924453216
8.52674740422105,8.492472283929224
6.507277712385012,6.425859496712136
6.47543271670409,6.316670943492658
8.768885326134862,8.66967453219844
7.623153068476902,7.464724012175045
8.545197387825835,8.450558714527245
6.612041034833092,6.584150046614014
7.886457270977689,7.677395351693069
6.501289670540389,6.354386448280708
6.406879986069314,6.47013880739698
6.47543271670409,6.333557140399872
7.748460023899697,7.762730668192589
8.527341522468053,8.569184059278722
7.553286605600419,7.563252864863622
8.763740720509464,8.723663532947045
6.583409222158765,6.68925314036448
7.81237820598861,7.800080313265894
6.3835066348840055,6.503360964148316
8.494538500851432,8.569356912305375
6.5998704992128365,6.657658793339327
6.913737350659685,6.983012158777151
6.354370040797351,6.268230291181239
7.059617628291383,7.09389811668694
6.040254711277414,6.035959285545236
6.96979066990159,6.7325177561979554
8.370315995555478,8.341725047398254
7.48324441607385,7.385257613056428
6.628041376179533,6.7433982759261735
8.621733370690162,8.585029391048582
6.448889394146858,6.543845416462933
8.954802752850968,8.945555427041423
6.966024187106113,7.043627525533581
9.182557990963732,9.390529837144884
9.190443740261726,9.219401237421607
8.357259153499912,8.34899508266023
8.45638105201948,8.467971789974301
9.136801468641313,9.148052878873441
7.531552381407289,7.675598971303627
6.680854678790215,6.595533536277285
7.865187954187467,7.7362064619180115
7.374629015218945,7.510626630310908
6.4457198193855785,6.587009801388419
7.026426808699636,6.97402674020228
8.092851027538384,8.074441126140718
7.040536390215956,6.842458452652137
9.475623449484484,9.432862457722338
9.409846753524238,9.37973333549529
9.248502833070532,9.241388476645426
6.490723534502507,6.593078772779975
8.630343289348893,8.605301109136088
7.793174347189205,7.728699419898163
8.524764456912555,8.621259912697825
8.789812386190972,8.562899185190046
8.031060180240619,8.211305931211395
7.379008127628304,7.5295716853388255
7.9617188159813645,7.912180458761748
7.074963197966044,7.006752187314632
8.53070154144103,8.562066854501477
7.15305163493748,7.124637205081921
8.579792333172758,8.719655461631437
8.682368589375221,8.429467519594601
9.68296556192687,9.625468246950728
6.57507584059962,6.6365487295537315
8.545002892055505,8.563966299636796
8.228443883004033,8.159941999775459
7.700295203420117,7.6641156883976045
8.421562960400987,8.67502682847249
7.716015266642587,7.719116568426794
8.743850562030243,8.766687137167548
6.807934943699926,6.8055580731134
7.682021510826875,7.711068047399208
7.030857476116121,6.929087588877552
9.254070134837509,9.346770903336306
6.391917113392602,6.515515307732096
8.070593539949519,8.030027431043916
7.577633832602728,7.5781572787569385
8.305978210967302,8.136893395982746
6.584791392385716,6.719704984477398
8.714239143608575,8.631040202619182
8.87458787627932,8.872533144417094
7.418180822726788,7.185588824849088
5.8971538676367405,6.0305054631575254
6.226536669287466,6.329803769901415
7.84971375760487,8.17643057693703
8.026496938945412,8.096253992798697
9.105868350379472,9.00737903641235
7.51425465281641,7.271613066648084
8.208219383496834,8.217136082370459
8.159660737063376,8.343643444360902
8.528330935826693,8.49523778014352
7.5352967024440884,7.502686303534176
7.267525427828172,7.225524574573837
6.498282149476434,6.302629916917225
6.962243464266207,6.969245376183123
6.818924065275521,6.815389201321042
7.115582126184454,7.061513180057213
7.843848638152472,7.802207857890708
8.040768994367578,8.039653022983448
5.8944028342648505,5.992381756727188
8.34212526333359,8.131776431974677
8.795884972029885,8.820350892141658
6.655440350367647,6.527833684523516
9.77984991207795,9.737200674285452
8.326032685955079,8.340790587769586
7.489970898834801,7.546399772234178
6.771935555839602,6.665099360997383
6.9167150203536085,6.640405471309675
6.79346613258001,6.635581216363677
6.822197390620491,6.77849007195947
7.097548850614793,7.072831332704402
8.305236829492593,8.360979307995944
7.931284761525891,7.815361085223811
6.470799503782602,6.479703317312651
7.121252453244542,7.180012548952734
6.411818267709897,6.283458274834947
8.058960017769417,8.067234531761175
7.1316985104669115,6.90747007074443
8.629271094821588,8.607705163885303
6.773080375655535,6.7963188906733105
6.566672429803241,6.6280174042817945
7.48324441607385,7.510031407032645
8.062432791583195,8.312174800046122
8.159374736775426,8.148723375440367
9.316140790862395,9.278394934193354
8.812099108957337,8.776860324717344
6.905753276311464,6.871117678327938
8.45638105201948,8.485671202889836
7.889084407035514,7.73575384824879
6.844815479208263,6.861725744880049
6.842683282238422,6.741274305186258
9.218010878280403,8.92586249350782
7.8399193600125825,7.851682899177978
9.694801486310846,9.681556951737802
7.760893195851024,7.282627724227091
7.249215057114389,7.190445120345803
8.340456012916183,8.480995631999757
7.1308988302963465,7.158948749361231
7.264730177929867,7.374777351523521
6.816735880594968,6.801443113715616
9.616005460087013,9.563228058891578
6.977281341630747,6.920554803355491
